  0
SECTION
  2
HEADER
  9
$ACADVER
  1
AC1024
  9
$ACADMAINTVER
 70
     6
  9
$DWGCODEPAGE
  3
ANSI_1252
  9
$INSBASE
 10
0.0
 20
0.0
 30
0.0
  9
$EXTMIN
 10
1.000000000000000E+20
 20
1.000000000000000E+20
 30
1.000000000000000E+20
  9
$EXTMAX
 10
-1.000000000000000E+20
 20
-1.000000000000000E+20
 30
-1.000000000000000E+20
  9
$LIMMIN
 10
0.0
 20
0.0
  9
$LIMMAX
 10
12.0
 20
9.0
  9
$ORTHOMODE
 70
     0
  9
$REGENMODE
 70
     1
  9
$FILLMODE
 70
     1
  9
$QTEXTMODE
 70
     0
  9
$MIRRTEXT
 70
     1
  9
$LTSCALE
 40
1.0
  9
$ATTMODE
 70
     1
  9
$TEXTSIZE
 40
0.2
  9
$TRACEWID
 40
0.05
  9
$TEXTSTYLE
  7
Standard
  9
$CLAYER
  8
0
  9
$CELTYPE
  6
ByLayer
  9
$CECOLOR
 62
   256
  9
$CELTSCALE
 40
1.0
  9
$DISPSILH
 70
     0
  9
$DIMSCALE
 40
1.0
  9
$DIMASZ
 40
0.18
  9
$DIMEXO
 40
0.0625
  9
$DIMDLI
 40
0.38
  9
$DIMRND
 40
0.0
  9
$DIMDLE
 40
0.0
  9
$DIMEXE
 40
0.18
  9
$DIMTP
 40
0.0
  9
$DIMTM
 40
0.0
  9
$DIMTXT
 40
0.18
  9
$DIMCEN
 40
0.09
  9
$DIMTSZ
 40
0.0
  9
$DIMTOL
 70
     0
  9
$DIMLIM
 70
     0
  9
$DIMTIH
 70
     1
  9
$DIMTOH
 70
     1
  9
$DIMSE1
 70
     0
  9
$DIMSE2
 70
     0
  9
$DIMTAD
 70
     0
  9
$DIMZIN
 70
     0
  9
$DIMBLK
  1

  9
$DIMASO
 70
     1
  9
$DIMSHO
 70
     1
  9
$DIMPOST
  1

  9
$DIMAPOST
  1

  9
$DIMALT
 70
     0
  9
$DIMALTD
 70
     2
  9
$DIMALTF
 40
25.4
  9
$DIMLFAC
 40
1.0
  9
$DIMTOFL
 70
     0
  9
$DIMTVP
 40
0.0
  9
$DIMTIX
 70
     0
  9
$DIMSOXD
 70
     0
  9
$DIMSAH
 70
     0
  9
$DIMBLK1
  1

  9
$DIMBLK2
  1

  9
$DIMSTYLE
  2
Standard
  9
$DIMCLRD
 70
     0
  9
$DIMCLRE
 70
     0
  9
$DIMCLRT
 70
     0
  9
$DIMTFAC
 40
1.0
  9
$DIMGAP
 40
0.09
  9
$DIMJUST
 70
     0
  9
$DIMSD1
 70
     0
  9
$DIMSD2
 70
     0
  9
$DIMTOLJ
 70
     1
  9
$DIMTZIN
 70
     0
  9
$DIMALTZ
 70
     0
  9
$DIMALTTZ
 70
     0
  9
$DIMUPT
 70
     0
  9
$DIMDEC
 70
     4
  9
$DIMTDEC
 70
     4
  9
$DIMALTU
 70
     2
  9
$DIMALTTD
 70
     2
  9
$DIMTXSTY
  7
Standard
  9
$DIMAUNIT
 70
     0
  9
$DIMADEC
 70
     0
  9
$DIMALTRND
 40
0.0
  9
$DIMAZIN
 70
     0
  9
$DIMDSEP
 70
    46
  9
$DIMATFIT
 70
     3
  9
$DIMFRAC
 70
     0
  9
$DIMLDRBLK
  1

  9
$DIMLUNIT
 70
     2
  9
$DIMLWD
 70
    -2
  9
$DIMLWE
 70
    -2
  9
$DIMTMOVE
 70
     0
  9
$DIMFXL
 40
1.0
  9
$DIMFXLON
 70
     0
  9
$DIMJOGANG
 40
0.7853981633974483
  9
$DIMTFILL
 70
     0
  9
$DIMTFILLCLR
 70
     0
  9
$DIMARCSYM
 70
     0
  9
$DIMLTYPE
  6

  9
$DIMLTEX1
  6

  9
$DIMLTEX2
  6

  9
$DIMTXTDIRECTION
 70
     0
  9
$LUNITS
 70
     2
  9
$LUPREC
 70
     4
  9
$SKETCHINC
 40
0.1
  9
$FILLETRAD
 40
0.5
  9
$AUNITS
 70
     0
  9
$AUPREC
 70
     0
  9
$MENU
  1
.
  9
$ELEVATION
 40
0.0
  9
$PELEVATION
 40
0.0
  9
$THICKNESS
 40
0.0
  9
$LIMCHECK
 70
     0
  9
$CHAMFERA
 40
0.5
  9
$CHAMFERB
 40
0.5
  9
$CHAMFERC
 40
1.0
  9
$CHAMFERD
 40
0.0
  9
$SKPOLY
 70
     0
  9
$TDCREATE
 40
2460727.691196945
  9
$TDUCREATE
 40
2460727.441196945
  9
$TDUPDATE
 40
2460727.691196945
  9
$TDUUPDATE
 40
2460727.441196945
  9
$TDINDWG
 40
0.0000000116
  9
$TDUSRTIMER
 40
0.0000000116
  9
$USRTIMER
 70
     1
  9
$ANGBASE
 50
0.0
  9
$ANGDIR
 70
     0
  9
$PDMODE
 70
     0
  9
$PDSIZE
 40
0.0
  9
$PLINEWID
 40
0.0
  9
$SPLFRAME
 70
     0
  9
$SPLINETYPE
 70
     6
  9
$SPLINESEGS
 70
     8
  9
$HANDSEED
  5
B1
  9
$SURFTAB1
 70
     6
  9
$SURFTAB2
 70
     6
  9
$SURFTYPE
 70
     6
  9
$SURFU
 70
     6
  9
$SURFV
 70
     6
  9
$UCSBASE
  2

  9
$UCSNAME
  2

  9
$UCSORG
 10
0.0
 20
0.0
 30
0.0
  9
$UCSXDIR
 10
1.0
 20
0.0
 30
0.0
  9
$UCSYDIR
 10
0.0
 20
1.0
 30
0.0
  9
$UCSORTHOREF
  2

  9
$UCSORTHOVIEW
 70
     0
  9
$UCSORGTOP
 10
0.0
 20
0.0
 30
0.0
  9
$UCSORGBOTTOM
 10
0.0
 20
0.0
 30
0.0
  9
$UCSORGLEFT
 10
0.0
 20
0.0
 30
0.0
  9
$UCSORGRIGHT
 10
0.0
 20
0.0
 30
0.0
  9
$UCSORGFRONT
 10
0.0
 20
0.0
 30
0.0
  9
$UCSORGBACK
 10
0.0
 20
0.0
 30
0.0
  9
$PUCSBASE
  2

  9
$PUCSNAME
  2

  9
$PUCSORG
 10
0.0
 20
0.0
 30
0.0
  9
$PUCSXDIR
 10
1.0
 20
0.0
 30
0.0
  9
$PUCSYDIR
 10
0.0
 20
1.0
 30
0.0
  9
$PUCSORTHOREF
  2

  9
$PUCSORTHOVIEW
 70
     0
  9
$PUCSORGTOP
 10
0.0
 20
0.0
 30
0.0
  9
$PUCSORGBOTTOM
 10
0.0
 20
0.0
 30
0.0
  9
$PUCSORGLEFT
 10
0.0
 20
0.0
 30
0.0
  9
$PUCSORGRIGHT
 10
0.0
 20
0.0
 30
0.0
  9
$PUCSORGFRONT
 10
0.0
 20
0.0
 30
0.0
  9
$PUCSORGBACK
 10
0.0
 20
0.0
 30
0.0
  9
$USERI1
 70
     0
  9
$USERI2
 70
     0
  9
$USERI3
 70
     0
  9
$USERI4
 70
     0
  9
$USERI5
 70
     0
  9
$USERR1
 40
0.0
  9
$USERR2
 40
0.0
  9
$USERR3
 40
0.0
  9
$USERR4
 40
0.0
  9
$USERR5
 40
0.0
  9
$WORLDVIEW
 70
     1
  9
$SHADEDGE
 70
     3
  9
$SHADEDIF
 70
    70
  9
$TILEMODE
 70
     1
  9
$MAXACTVP
 70
    64
  9
$PINSBASE
 10
0.0
 20
0.0
 30
0.0
  9
$PLIMCHECK
 70
     0
  9
$PEXTMIN
 10
1.000000000000000E+20
 20
1.000000000000000E+20
 30
1.000000000000000E+20
  9
$PEXTMAX
 10
-1.000000000000000E+20
 20
-1.000000000000000E+20
 30
-1.000000000000000E+20
  9
$PLIMMIN
 10
0.0
 20
0.0
  9
$PLIMMAX
 10
12.0
 20
9.0
  9
$UNITMODE
 70
     0
  9
$VISRETAIN
 70
     1
  9
$PLINEGEN
 70
     0
  9
$PSLTSCALE
 70
     1
  9
$TREEDEPTH
 70
  3020
  9
$CMLSTYLE
  2
Standard
  9
$CMLJUST
 70
     0
  9
$CMLSCALE
 40
1.0
  9
$PROXYGRAPHICS
 70
     1
  9
$MEASUREMENT
 70
     0
  9
$CELWEIGHT
370
    -1
  9
$ENDCAPS
280
     0
  9
$JOINSTYLE
280
     0
  9
$LWDISPLAY
290
     1
  9
$INSUNITS
 70
     1
  9
$HYPERLINKBASE
  1

  9
$STYLESHEET
  1

  9
$XEDIT
290
     1
  9
$CEPSNTYPE
380
     0
  9
$PSTYLEMODE
290
     1
  9
$FINGERPRINTGUID
  2
{84DC6FB6-A70E-4978-9AA7-00CF2A128677}
  9
$VERSIONGUID
  2
{FAEB1C32-E019-11D5-929B-00C0DF256EC4}
  9
$EXTNAMES
290
     1
  9
$PSVPSCALE
 40
0.0
  9
$OLESTARTUP
290
     0
  9
$SORTENTS
280
   127
  9
$INDEXCTL
280
     0
  9
$HIDETEXT
280
     1
  9
$XCLIPFRAME
280
     2
  9
$HALOGAP
280
     0
  9
$OBSCOLOR
 70
   257
  9
$OBSLTYPE
280
     0
  9
$INTERSECTIONDISPLAY
280
     0
  9
$INTERSECTIONCOLOR
 70
   257
  9
$DIMASSOC
280
     2
  9
$PROJECTNAME
  1

  9
$CAMERADISPLAY
290
     0
  9
$LENSLENGTH
 40
50.0
  9
$CAMERAHEIGHT
 40
0.0
  9
$STEPSPERSEC
 40
2.0
  9
$STEPSIZE
 40
6.0
  9
$3DDWFPREC
 40
2.0
  9
$PSOLWIDTH
 40
0.25
  9
$PSOLHEIGHT
 40
4.0
  9
$LOFTANG1
 40
1.570796326794897
  9
$LOFTANG2
 40
1.570796326794897
  9
$LOFTMAG1
 40
0.0
  9
$LOFTMAG2
 40
0.0
  9
$LOFTPARAM
 70
     7
  9
$LOFTNORMALS
280
     1
  9
$LATITUDE
 40
37.795
  9
$LONGITUDE
 40
-122.394
  9
$NORTHDIRECTION
 40
0.0
  9
$TIMEZONE
 70
 -8000
  9
$LIGHTGLYPHDISPLAY
280
     1
  9
$TILEMODELIGHTSYNCH
280
     1
  9
$CMATERIAL
347
3C
  9
$SOLIDHIST
280
     1
  9
$SHOWHIST
280
     1
  9
$DWFFRAME
280
     2
  9
$DGNFRAME
280
     2
  9
$REALWORLDSCALE
290
     1
  9
$INTERFERECOLOR
 62
   256
  9
$CSHADOW
280
     0
  9
$SHADOWPLANELOCATION
 40
0.0
  0
ENDSEC
  0
SECTION
  2
CLASSES
  0
CLASS
  1
ACDBDICTIONARYWDFLT
  2
AcDbDictionaryWithDefault
  3
ObjectDBX Classes
 90
        0
 91
        4
280
     0
281
     0
  0
CLASS
  1
VISUALSTYLE
  2
AcDbVisualStyle
  3
ObjectDBX Classes
 90
     4095
 91
        4
280
     0
281
     0
  0
CLASS
  1
MATERIAL
  2
AcDbMaterial
  3
ObjectDBX Classes
 90
     1153
 91
        4
280
     0
281
     0
  0
CLASS
  1
SUN
  2
AcDbSun
  3
SCENEOE
 90
     1024
 91
        4
280
     0
281
     0
  0
ENDSEC
  0
SECTION
  2
TABLES
  0
TABLE
  2
VPORT
  5
8
330
0
100
AcDbSymbolTable
 70
     1
  0
VPORT
  5
29
330
8
100
AcDbSymbolTableRecord
100
AcDbViewportTableRecord
  2
*Active
 70
     0
 10
0.0
 20
0.0
 11
1.0
 21
1.0
 12
0.0
 22
0.0
 13
0.0
 23
0.0
 14
0.5
 24
0.5
 15
0.5
 25
0.5
 16
0.0
 26
0.0
 36
1.0
 17
-39.6492703413566
 27
627.106100700424
 37
0.0
 40
361.0203533332196
 41
1.082663538705788
 42
50.0
 43
0.0
 44
0.0
 50
0.0
 51
0.0
 71
     0
 72
   100
 73
     1
 74
     3
 75
     0
 76
     0
 77
     0
 78
     0
281
     0
 65
     1
110
0.0
120
0.0
130
0.0
111
1.0
121
0.0
131
0.0
112
0.0
122
1.0
132
0.0
 79
     0
146
0.0
 60
     3
 61
     5
292
     1
282
     1
141
0.0
142
0.0
 63
   250
361
3F
  0
ENDTAB
  0
TABLE
  2
LTYPE
  5
5
330
0
100
AcDbSymbolTable
 70
     1
  0
LTYPE
  5
14
330
5
100
AcDbSymbolTableRecord
100
AcDbLinetypeTableRecord
  2
ByBlock
 70
     0
  3

 72
    65
 73
     0
 40
0.0
  0
LTYPE
  5
15
330
5
100
AcDbSymbolTableRecord
100
AcDbLinetypeTableRecord
  2
ByLayer
 70
     0
  3

 72
    65
 73
     0
 40
0.0
  0
LTYPE
  5
16
330
5
100
AcDbSymbolTableRecord
100
AcDbLinetypeTableRecord
  2
Continuous
 70
     0
  3
Solid line
 72
    65
 73
     0
 40
0.0
  0
ENDTAB
  0
TABLE
  2
LAYER
  5
2
330
0
100
AcDbSymbolTable
 70
     2
  0
LAYER
  5
10
330
2
100
AcDbSymbolTableRecord
100
AcDbLayerTableRecord
  2
0
 70
     0
 62
     7
  6
Continuous
370
    -3
390
F
347
3E
  0
LAYER
  5
40
330
2
100
AcDbSymbolTableRecord
100
AcDbLayerTableRecord
  2
Layer 1
 70
     0
 62
     7
  6
Continuous
370
    -3
390
F
347
3E
  0
ENDTAB
  0
TABLE
  2
STYLE
  5
3
330
0
100
AcDbSymbolTable
 70
     1
  0
STYLE
  5
11
330
3
100
AcDbSymbolTableRecord
100
AcDbTextStyleTableRecord
  2
Standard
 70
     0
 40
0.0
 41
1.0
 50
0.0
 71
     0
 42
0.2
  3
txt
  4

  0
ENDTAB
  0
TABLE
  2
VIEW
  5
6
330
0
100
AcDbSymbolTable
 70
     0
  0
ENDTAB
  0
TABLE
  2
UCS
  5
7
330
0
100
AcDbSymbolTable
 70
     0
  0
ENDTAB
  0
TABLE
  2
APPID
  5
9
330
0
100
AcDbSymbolTable
 70
     1
  0
APPID
  5
12
330
9
100
AcDbSymbolTableRecord
100
AcDbRegAppTableRecord
  2
ACAD
 70
     0
  0
ENDTAB
  0
TABLE
  2
DIMSTYLE
  5
A
330
0
100
AcDbSymbolTable
 70
     1
100
AcDbDimStyleTable
  0
DIMSTYLE
105
27
330
A
100
AcDbSymbolTableRecord
100
AcDbDimStyleTableRecord
  2
Standard
 70
     0
178
     0
340
11
  0
ENDTAB
  0
TABLE
  2
BLOCK_RECORD
  5
1
330
0
100
AcDbSymbolTable
 70
     1
  0
BLOCK_RECORD
  5
1F
330
1
100
AcDbSymbolTableRecord
100
AcDbBlockTableRecord
  2
*Model_Space
340
22
 70
     0
280
     1
281
     0
  0
BLOCK_RECORD
  5
1B
330
1
100
AcDbSymbolTableRecord
100
AcDbBlockTableRecord
  2
*Paper_Space
340
1E
 70
     0
280
     1
281
     0
  0
BLOCK_RECORD
  5
23
330
1
100
AcDbSymbolTableRecord
100
AcDbBlockTableRecord
  2
*Paper_Space0
340
26
 70
     0
280
     1
281
     0
  0
ENDTAB
  0
ENDSEC
  0
SECTION
  2
BLOCKS
  0
BLOCK
  5
20
330
1F
100
AcDbEntity
  8
0
100
AcDbBlockBegin
  2
*Model_Space
 70
     0
 10
0.0
 20
0.0
 30
0.0
  3
*Model_Space
  1

  0
ENDBLK
  5
21
330
1F
100
AcDbEntity
  8
0
100
AcDbBlockEnd
  0
BLOCK
  5
1C
330
1B
100
AcDbEntity
 67
     1
  8
0
100
AcDbBlockBegin
  2
*Paper_Space
 70
     0
 10
0.0
 20
0.0
 30
0.0
  3
*Paper_Space
  1

  0
ENDBLK
  5
1D
330
1B
100
AcDbEntity
 67
     1
  8
0
100
AcDbBlockEnd
  0
BLOCK
  5
24
330
23
100
AcDbEntity
  8
0
100
AcDbBlockBegin
  2
*Paper_Space0
 70
     0
 10
0.0
 20
0.0
 30
0.0
  3
*Paper_Space0
  1

  0
ENDBLK
  5
25
330
23
100
AcDbEntity
  8
0
100
AcDbBlockEnd
  0
ENDSEC
  0
SECTION
  2
ENTITIES
  0
SPLINE
  5
41
330
1F
100
AcDbEntity
  8
Layer 1
370
     0
100
AcDbSpline
210
0.0
220
0.0
230
1.0
 70
    11
 71
     3
 72
   473
 73
   469
 74
     0
 42
0.0000000001
 43
0.0000000001
 12
1.0
 22
0.0
 32
0.0
 13
1.0
 23
0.0
 33
0.0
 40
0.0
 40
0.0
 40
0.0
 40
0.0
 40
1.0
 40
1.0
 40
1.0
 40
2.0
 40
2.0
 40
2.0
 40
3.0
 40
3.0
 40
3.0
 40
4.0
 40
4.0
 40
4.0
 40
5.0
 40
5.0
 40
5.0
 40
6.0
 40
6.0
 40
6.0
 40
7.0
 40
7.0
 40
7.0
 40
8.0
 40
8.0
 40
8.0
 40
9.0
 40
9.0
 40
9.0
 40
10.0
 40
10.0
 40
10.0
 40
11.0
 40
11.0
 40
11.0
 40
12.0
 40
12.0
 40
12.0
 40
13.0
 40
13.0
 40
13.0
 40
14.0
 40
14.0
 40
14.0
 40
15.0
 40
15.0
 40
15.0
 40
16.0
 40
16.0
 40
16.0
 40
17.0
 40
17.0
 40
17.0
 40
18.0
 40
18.0
 40
18.0
 40
19.0
 40
19.0
 40
19.0
 40
20.0
 40
20.0
 40
20.0
 40
21.0
 40
21.0
 40
21.0
 40
22.0
 40
22.0
 40
22.0
 40
23.0
 40
23.0
 40
23.0
 40
24.0
 40
24.0
 40
24.0
 40
25.0
 40
25.0
 40
25.0
 40
26.0
 40
26.0
 40
26.0
 40
27.0
 40
27.0
 40
27.0
 40
28.0
 40
28.0
 40
28.0
 40
29.0
 40
29.0
 40
29.0
 40
30.0
 40
30.0
 40
30.0
 40
31.0
 40
31.0
 40
31.0
 40
32.0
 40
32.0
 40
32.0
 40
33.0
 40
33.0
 40
33.0
 40
34.0
 40
34.0
 40
34.0
 40
35.0
 40
35.0
 40
35.0
 40
36.0
 40
36.0
 40
36.0
 40
37.0
 40
37.0
 40
37.0
 40
38.0
 40
38.0
 40
38.0
 40
39.0
 40
39.0
 40
39.0
 40
40.0
 40
40.0
 40
40.0
 40
41.0
 40
41.0
 40
41.0
 40
42.0
 40
42.0
 40
42.0
 40
43.0
 40
43.0
 40
43.0
 40
44.0
 40
44.0
 40
44.0
 40
45.0
 40
45.0
 40
45.0
 40
46.0
 40
46.0
 40
46.0
 40
47.0
 40
47.0
 40
47.0
 40
48.0
 40
48.0
 40
48.0
 40
49.0
 40
49.0
 40
49.0
 40
50.0
 40
50.0
 40
50.0
 40
51.0
 40
51.0
 40
51.0
 40
52.0
 40
52.0
 40
52.0
 40
53.0
 40
53.0
 40
53.0
 40
54.0
 40
54.0
 40
54.0
 40
55.0
 40
55.0
 40
55.0
 40
56.0
 40
56.0
 40
56.0
 40
57.0
 40
57.0
 40
57.0
 40
58.0
 40
58.0
 40
58.0
 40
59.0
 40
59.0
 40
59.0
 40
60.0
 40
60.0
 40
60.0
 40
61.0
 40
61.0
 40
61.0
 40
62.0
 40
62.0
 40
62.0
 40
63.0
 40
63.0
 40
63.0
 40
64.0
 40
64.0
 40
64.0
 40
65.0
 40
65.0
 40
65.0
 40
66.0
 40
66.0
 40
66.0
 40
67.0
 40
67.0
 40
67.0
 40
68.0
 40
68.0
 40
68.0
 40
69.0
 40
69.0
 40
69.0
 40
70.0
 40
70.0
 40
70.0
 40
71.0
 40
71.0
 40
71.0
 40
72.0
 40
72.0
 40
72.0
 40
73.0
 40
73.0
 40
73.0
 40
74.0
 40
74.0
 40
74.0
 40
75.0
 40
75.0
 40
75.0
 40
76.0
 40
76.0
 40
76.0
 40
77.0
 40
77.0
 40
77.0
 40
78.0
 40
78.0
 40
78.0
 40
79.0
 40
79.0
 40
79.0
 40
80.0
 40
80.0
 40
80.0
 40
81.0
 40
81.0
 40
81.0
 40
82.0
 40
82.0
 40
82.0
 40
83.0
 40
83.0
 40
83.0
 40
84.0
 40
84.0
 40
84.0
 40
85.0
 40
85.0
 40
85.0
 40
86.0
 40
86.0
 40
86.0
 40
87.0
 40
87.0
 40
87.0
 40
88.0
 40
88.0
 40
88.0
 40
89.0
 40
89.0
 40
89.0
 40
90.0
 40
90.0
 40
90.0
 40
91.0
 40
91.0
 40
91.0
 40
92.0
 40
92.0
 40
92.0
 40
93.0
 40
93.0
 40
93.0
 40
94.0
 40
94.0
 40
94.0
 40
95.0
 40
95.0
 40
95.0
 40
96.0
 40
96.0
 40
96.0
 40
97.0
 40
97.0
 40
97.0
 40
98.0
 40
98.0
 40
98.0
 40
99.0
 40
99.0
 40
99.0
 40
100.0
 40
100.0
 40
100.0
 40
101.0
 40
101.0
 40
101.0
 40
102.0
 40
102.0
 40
102.0
 40
103.0
 40
103.0
 40
103.0
 40
104.0
 40
104.0
 40
104.0
 40
105.0
 40
105.0
 40
105.0
 40
106.0
 40
106.0
 40
106.0
 40
107.0
 40
107.0
 40
107.0
 40
108.0
 40
108.0
 40
108.0
 40
109.0
 40
109.0
 40
109.0
 40
110.0
 40
110.0
 40
110.0
 40
111.0
 40
111.0
 40
111.0
 40
112.0
 40
112.0
 40
112.0
 40
113.0
 40
113.0
 40
113.0
 40
114.0
 40
114.0
 40
114.0
 40
115.0
 40
115.0
 40
115.0
 40
116.0
 40
116.0
 40
116.0
 40
117.0
 40
117.0
 40
117.0
 40
118.0
 40
118.0
 40
118.0
 40
119.0
 40
119.0
 40
119.0
 40
120.0
 40
120.0
 40
120.0
 40
121.0
 40
121.0
 40
121.0
 40
122.0
 40
122.0
 40
122.0
 40
123.0
 40
123.0
 40
123.0
 40
124.0
 40
124.0
 40
124.0
 40
125.0
 40
125.0
 40
125.0
 40
126.0
 40
126.0
 40
126.0
 40
127.0
 40
127.0
 40
127.0
 40
128.0
 40
128.0
 40
128.0
 40
129.0
 40
129.0
 40
129.0
 40
130.0
 40
130.0
 40
130.0
 40
131.0
 40
131.0
 40
131.0
 40
132.0
 40
132.0
 40
132.0
 40
133.0
 40
133.0
 40
133.0
 40
134.0
 40
134.0
 40
134.0
 40
135.0
 40
135.0
 40
135.0
 40
136.0
 40
136.0
 40
136.0
 40
137.0
 40
137.0
 40
137.0
 40
138.0
 40
138.0
 40
138.0
 40
139.0
 40
139.0
 40
139.0
 40
140.0
 40
140.0
 40
140.0
 40
141.0
 40
141.0
 40
141.0
 40
142.0
 40
142.0
 40
142.0
 40
143.0
 40
143.0
 40
143.0
 40
144.0
 40
144.0
 40
144.0
 40
145.0
 40
145.0
 40
145.0
 40
146.0
 40
146.0
 40
146.0
 40
147.0
 40
147.0
 40
147.0
 40
148.0
 40
148.0
 40
148.0
 40
149.0
 40
149.0
 40
149.0
 40
150.0
 40
150.0
 40
150.0
 40
151.0
 40
151.0
 40
151.0
 40
152.0
 40
152.0
 40
152.0
 40
153.0
 40
153.0
 40
153.0
 40
154.0
 40
154.0
 40
154.0
 40
155.0
 40
155.0
 40
155.0
 40
156.0
 40
156.0
 40
156.0
 40
156.0
 10
-25.26547226664184
 20
689.1326015839688
 30
0.0
 10
-25.79133798863688
 20
689.4851482665064
 30
0.0
 10
-26.44668237016344
 20
689.6295807993906
 30
0.0
 10
-27.11197168534993
 20
689.53993050499
 30
0.0
 10
-27.11197168534993
 20
689.53993050499
 30
0.0
 10
-115.2647025363776
 20
677.610411169895
 30
0.0
 10
-115.2647025363776
 20
677.610411169895
 30
0.0
 10
-115.2647025363776
 20
677.610411169895
 30
0.0
 10
-115.2647025363776
 20
683.759443893074
 30
0.0
 10
-115.2647025363776
 20
683.759443893074
 30
0.0
 10
-115.2647025363776
 20
683.759443893074
 30
0.0
 10
-100.6550722100017
 20
683.6219898344242
 30
0.0
 10
-100.6550722100017
 20
683.6219898344242
 30
0.0
 10
-100.6550722100017
 20
683.6219898344242
 30
0.0
 10
-100.6421365016703
 20
683.6219898344242
 30
0.0
 10
-100.6421365016703
 20
683.6219898344242
 30
0.0
 10
-100.2437555894222
 20
683.6219898344242
 30
0.0
 10
-99.86130116017658
 20
683.7902999341901
 30
0.0
 10
-99.59239890745745
 20
684.0850979188152
 30
0.0
 10
-99.34640161197387
 20
684.3550214116658
 30
0.0
 10
-99.34640161197387
 20
684.7613534077941
 30
0.0
 10
-99.59239890745745
 20
685.0312525854049
 30
0.0
 10
-99.86429193484733
 20
685.3290413447
 30
0.0
 10
-100.2517188309238
 20
685.499345294246
 30
0.0
 10
-100.6550722100017
 20
685.494384985038
 30
0.0
 10
-100.6550722100017
 20
685.494384985038
 30
0.0
 10
-115.2647025363776
 20
685.3569309263848
 30
0.0
 10
-115.2647025363776
 20
685.3569309263848
 30
0.0
 10
-115.2647025363776
 20
685.3569309263848
 30
0.0
 10
-115.2647025363776
 20
686.7662179926073
 30
0.0
 10
-115.2647025363776
 20
686.7662179926073
 30
0.0
 10
-115.2647025363776
 20
689.3138473920703
 30
0.0
 10
-115.6839945560796
 20
691.7489458551357
 30
0.0
 10
-116.5096428871531
 20
694.0027985101041
 30
0.0
 10
-117.2625764893382
 20
696.0604271683782
 30
0.0
 10
-118.3999583705484
 20
698.5572863441595
 30
0.0
 10
-120.5223263585877
 20
699.6100147130437
 30
0.0
 10
-121.610907550658
 20
700.1508099931531
 30
0.0
 10
-122.9355167893108
 20
700.424696870323
 30
0.0
 10
-124.4573347919261
 20
700.424696870323
 30
0.0
 10
-124.4573347919261
 20
700.424696870323
 30
0.0
 10
-127.9720542806721
 20
700.424696870323
 30
0.0
 10
-127.9720542806721
 20
700.424696870323
 30
0.0
 10
-127.9720542806721
 20
700.424696870323
 30
0.0
 10
-128.0696556589536
 20
707.5955532907843
 30
0.0
 10
-128.0696556589536
 20
707.5955532907843
 30
0.0
 10
-128.0696556589536
 20
707.5955532907843
 30
0.0
 10
-128.0696556589536
 20
707.5965502156747
 30
0.0
 10
-128.0696556589536
 20
707.5965502156747
 30
0.0
 10
-128.061692417452
 20
707.6005379152358
 30
0.0
 10
-128.0537291759499
 20
707.6045256147981
 30
0.0
 10
-128.0467507017187
 20
707.6094859240076
 30
0.0
 10
-128.0467507017187
 20
707.6094859240076
 30
0.0
 10
-122.8518723594921
 20
705.5757591478572
 30
0.0
 10
-122.8518723594921
 20
705.5757591478572
 30
0.0
 10
-122.8339398690886
 20
705.5688049888677
 30
0.0
 10
-122.8150104537929
 20
705.5658142141963
 30
0.0
 10
-122.7970901210107
 20
705.5658142141963
 30
0.0
 10
-122.7373232580771
 20
705.5658142141963
 30
0.0
 10
-122.6805593274331
 20
705.6016548797645
 30
0.0
 10
-122.6576543701979
 20
705.660424817808
 30
0.0
 10
-122.6277830963528
 20
705.7371150886358
 30
0.0
 10
-122.6656176117001
 20
705.8237502931244
 30
0.0
 10
-122.742307882528
 20
705.8546306494809
 30
0.0
 10
-122.742307882528
 20
705.8546306494809
 30
0.0
 10
-127.8734559775003
 20
707.8634586186122
 30
0.0
 10
-127.8734559775003
 20
707.8634586186122
 30
0.0
 10
-127.8684713530491
 20
707.8893543505194
 30
0.0
 10
-127.8654805783777
 20
707.9162470073151
 30
0.0
 10
-127.8654805783777
 20
707.9441365890034
 30
0.0
 10
-127.8654805783777
 20
707.9441365890034
 30
0.0
 10
-127.8654805783777
 20
708.8673862983568
 30
0.0
 10
-127.8654805783777
 20
708.8673862983568
 30
0.0
 10
-127.8654805783777
 20
709.0546379710382
 30
0.0
 10
-127.9949592379076
 20
709.2119818970119
 30
0.0
 10
-128.1692508870154
 20
709.253828427163
 30
0.0
 10
-128.1692508870154
 20
709.253828427163
 30
0.0
 10
-128.1692508870154
 20
709.964927656819
 30
0.0
 10
-128.1692508870154
 20
709.964927656819
 30
0.0
 10
-128.1692508870154
 20
710.1143204989095
 30
0.0
 10
-128.2270239001682
 20
710.2537440921029
 30
0.0
 10
-128.3316037526822
 20
710.3593208695044
 30
0.0
 10
-128.4371683724649
 20
710.4639007220196
 30
0.0
 10
-128.5766041232764
 20
710.5216737351711
 30
0.0
 10
-128.7250000404785
 20
710.5216737351711
 30
0.0
 10
-129.0317489661659
 20
710.5216737351711
 30
0.0
 10
-129.2817339612113
 20
710.2716887401267
 30
0.0
 10
-129.2817339612113
 20
709.964927656819
 30
0.0
 10
-129.2817339612113
 20
709.964927656819
 30
0.0
 10
-129.2817339612113
 20
709.253828427163
 30
0.0
 10
-129.2817339612113
 20
709.253828427163
 30
0.0
 10
-129.4560256103206
 20
709.2119818970119
 30
0.0
 10
-129.5854921122273
 20
709.0546379710382
 30
0.0
 10
-129.5854921122273
 20
708.8673862983568
 30
0.0
 10
-129.5854921122273
 20
708.8673862983568
 30
0.0
 10
-129.5854921122273
 20
707.9441365890034
 30
0.0
 10
-129.5854921122273
 20
707.9441365890034
 30
0.0
 10
-129.5854921122273
 20
707.9162470073151
 30
0.0
 10
-129.5825134951782
 20
707.8893543505194
 30
0.0
 10
-129.5775288707271
 20
707.8634586186122
 30
0.0
 10
-129.5775288707271
 20
707.8634586186122
 30
0.0
 10
-134.7086769656993
 20
705.8546306494809
 30
0.0
 10
-134.7086769656993
 20
705.8546306494809
 30
0.0
 10
-134.7853672365266
 20
705.8237502931244
 30
0.0
 10
-134.8232139094946
 20
705.7371150886358
 30
0.0
 10
-134.7933304780278
 20
705.660424817808
 30
0.0
 10
-134.7704255207929
 20
705.6016548797645
 30
0.0
 10
-134.7136494325301
 20
705.5658142141963
 30
0.0
 10
-134.6539068848377
 20
705.5658142141963
 30
0.0
 10
-134.6359743944332
 20
705.5658142141963
 30
0.0
 10
-134.6170449791396
 20
705.5688049888677
 30
0.0
 10
-134.5991246463552
 20
705.5757591478572
 30
0.0
 10
-134.5991246463552
 20
705.5757591478572
 30
0.0
 10
-129.4052310713984
 20
707.6094859240076
 30
0.0
 10
-129.4052310713984
 20
707.6094859240076
 30
0.0
 10
-129.3972678298969
 20
707.6045256147981
 30
0.0
 10
-129.3892924307743
 20
707.5995409903458
 30
0.0
 10
-129.3813291892722
 20
707.5955532907843
 30
0.0
 10
-129.3813291892722
 20
707.5955532907843
 30
0.0
 10
-129.4789305675556
 20
700.424696870323
 30
0.0
 10
-129.4789305675556
 20
700.424696870323
 30
0.0
 10
-129.4789305675556
 20
700.424696870323
 30
0.0
 10
-133.3621475370809
 20
700.424696870323
 30
0.0
 10
-133.3621475370809
 20
700.424696870323
 30
0.0
 10
-134.8849624645885
 20
700.424696870323
 30
0.0
 10
-136.2085747783506
 20
700.1508099931531
 30
0.0
 10
-137.2971559704206
 20
699.6100147130437
 30
0.0
 10
-139.4045944003459
 20
698.5642648183909
 30
0.0
 10
-140.540967199047
 20
696.0952952242977
 30
0.0
 10
-141.2949098837435
 20
694.0466145747926
 30
0.0
 10
-142.7350529910806
 20
694.983821232611
 30
0.0
 10
-145.0227524618346
 20
696.2008720016995
 30
0.0
 10
-145.8394406265156
 20
696.6291120301732
 30
0.0
 10
-145.9987905598913
 20
696.7127807752314
 30
0.0
 10
-146.1939933164542
 20
696.6709585603243
 30
0.0
 10
-146.3055516431994
 20
696.5295168021107
 30
0.0
 10
-146.3055516431994
 20
696.5295168021107
 30
0.0
 10
-146.8941506875596
 20
695.7815799819972
 30
0.0
 10
-146.8941506875596
 20
695.7815799819972
 30
0.0
 10
-147.0047120894137
 20
695.6421320735662
 30
0.0
 10
-147.0007243898526
 20
695.4429416174413
 30
0.0
 10
-146.8851905211661
 20
695.3094752583524
 30
0.0
 10
-145.4958297951305
 20
693.7040128259173
 30
0.0
 10
-143.4182869542923
 20
692.0995230031355
 30
0.0
 10
-142.1165705152546
 20
691.1613437356658
 30
0.0
 10
-142.4083777252087
 20
689.7451025104536
 30
0.0
 10
-142.5547919502507
 20
688.27507597165
 30
0.0
 10
-142.5547919502507
 20
686.7662179926073
 30
0.0
 10
-142.5547919502507
 20
686.7662179926073
 30
0.0
 10
-142.5547919502507
 20
685.3569309263848
 30
0.0
 10
-142.5547919502507
 20
685.3569309263848
 30
0.0
 10
-142.5547919502507
 20
685.3569309263848
 30
0.0
 10
-157.1644222766264
 20
685.494384985038
 30
0.0
 10
-157.1644222766264
 20
685.494384985038
 30
0.0
 10
-157.570754272755
 20
685.5003665343797
 30
0.0
 10
-157.955202551781
 20
685.3290413447
 30
0.0
 10
-158.22809250406
 20
685.0312525854049
 30
0.0
 10
-158.4740897995445
 20
684.7613534077941
 30
0.0
 10
-158.4740897995445
 20
684.3550214116658
 30
0.0
 10
-158.22809250406
 20
684.0850979188152
 30
0.0
 10
-157.9581933264518
 20
683.7902999341901
 30
0.0
 10
-157.5757388972067
 20
683.6219898344242
 30
0.0
 10
-157.1773579849583
 20
683.6219898344242
 30
0.0
 10
-157.1773579849583
 20
683.6219898344242
 30
0.0
 10
-157.1644222766264
 20
683.6219898344242
 30
0.0
 10
-157.1644222766264
 20
683.6219898344242
 30
0.0
 10
-157.1644222766264
 20
683.6219898344242
 30
0.0
 10
-142.5547919502507
 20
683.759443893074
 30
0.0
 10
-142.5547919502507
 20
683.759443893074
 30
0.0
 10
-142.5547919502507
 20
683.759443893074
 30
0.0
 10
-142.5547919502507
 20
677.610411169895
 30
0.0
 10
-142.5547919502507
 20
677.610411169895
 30
0.0
 10
-142.5547919502507
 20
677.610411169895
 30
0.0
 10
-230.7095166510595
 20
689.53993050499
 30
0.0
 10
-230.7095166510595
 20
689.53993050499
 30
0.0
 10
-231.3738151201664
 20
689.6295807993906
 30
0.0
 10
-232.0301442689614
 20
689.4851482665064
 30
0.0
 10
-232.5550130660673
 20
689.1326015839688
 30
0.0
 10
-233.0788849382826
 20
688.7840182857524
 30
0.0
 10
-233.6057415063594
 20
688.1386188378885
 30
0.0
 10
-233.1426273431572
 20
687.0460864191213
 30
0.0
 10
-232.4813135699108
 20
685.4824218863527
 30
0.0
 10
-230.9216488943263
 20
684.1876839215491
 30
0.0
 10
-228.8650110821327
 20
683.4935080997859
 30
0.0
 10
-228.5293756498689
 20
683.3809771633898
 30
0.0
 10
-228.1748168811204
 20
683.2983053432214
 30
0.0
 10
-227.8122887920602
 20
683.2505015789715
 30
0.0
 10
-227.8122887920602
 20
683.2505015789715
 30
0.0
 10
-160.5835099216303
 20
674.1843450506602
 30
0.0
 10
-160.5835099216303
 20
674.1843450506602
 30
0.0
 10
-160.5835099216303
 20
674.1843450506602
 30
0.0
 10
-160.8056174926096
 20
668.7494266470505
 30
0.0
 10
-160.8056174926096
 20
668.7494266470505
 30
0.0
 10
-160.8334949166752
 20
668.0821434820824
 30
0.0
 10
-160.9988385570131
 20
667.4228114009983
 30
0.0
 10
-161.2876549922961
 20
666.8232704980868
 30
0.0
 10
-161.2876549922961
 20
666.8232704980868
 30
0.0
 10
-161.2876549922961
 20
668.1966682682586
 30
0.0
 10
-161.2876549922961
 20
668.1966682682586
 30
0.0
 10
-161.2876549922961
 20
669.3370530817615
 30
0.0
 10
-162.2158893261009
 20
670.2652631003243
 30
0.0
 10
-163.3562498243625
 20
670.2652631003243
 30
0.0
 10
-163.3562498243625
 20
670.2652631003243
 30
0.0
 10
-163.5713667634899
 20
670.2652631003243
 30
0.0
 10
-163.5713667634899
 20
670.2652631003243
 30
0.0
 10
-164.7117394193718
 20
670.2652631003243
 30
0.0
 10
-165.6389646706663
 20
669.3370530817615
 30
0.0
 10
-165.6389646706663
 20
668.1966682682586
 30
0.0
 10
-165.6389646706663
 20
668.1966682682586
 30
0.0
 10
-165.6389646706663
 20
662.6432616941527
 30
0.0
 10
-165.6389646706663
 20
662.6432616941527
 30
0.0
 10
-165.6389646706663
 20
661.5028768806498
 30
0.0
 10
-164.7117394193718
 20
660.5746668620869
 30
0.0
 10
-163.5713667634899
 20
660.5746668620869
 30
0.0
 10
-163.5713667634899
 20
660.5746668620869
 30
0.0
 10
-163.3562498243625
 20
660.5746668620869
 30
0.0
 10
-163.3562498243625
 20
660.5746668620869
 30
0.0
 10
-162.2158893261009
 20
660.5746668620869
 30
0.0
 10
-161.2876549922961
 20
661.5028768806498
 30
0.0
 10
-161.2876549922961
 20
662.6432616941527
 30
0.0
 10
-161.2876549922961
 20
662.6432616941527
 30
0.0
 10
-161.2876549922961
 20
663.35436092381
 30
0.0
 10
-161.2876549922961
 20
663.35436092381
 30
0.0
 10
-161.2876549922961
 20
663.35436092381
 30
0.0
 10
-160.7199670553904
 20
664.0306164127901
 30
0.0
 10
-160.7199670553904
 20
664.0306164127901
 30
0.0
 10
-160.1542608106457
 20
664.7038811270975
 30
0.0
 10
-159.7698246892416
 20
665.5175663594874
 30
0.0
 10
-159.6104747558657
 20
666.3820461307976
 30
0.0
 10
-159.6104747558657
 20
666.3820461307976
 30
0.0
 10
-158.2211140298291
 20
673.8656451839108
 30
0.0
 10
-158.2211140298291
 20
673.8656451839108
 30
0.0
 10
-158.2211140298291
 20
673.8656451839108
 30
0.0
 10
-141.9661807482718
 20
671.6735532416548
 30
0.0
 10
-141.9661807482718
 20
671.6735532416548
 30
0.0
 10
-141.5687967609131
 20
671.3558502997967
 30
0.0
 10
-141.0568758297601
 20
671.0022823771293
 30
0.0
 10
-140.4593044613893
 20
670.7144385514943
 30
0.0
 10
-140.4593044613893
 20
670.7144385514943
 30
0.0
 10
-142.6852553770493
 20
670.2692507998854
 30
0.0
 10
-142.6852553770493
 20
670.2692507998854
 30
0.0
 10
-142.8197186610304
 20
670.2423581430897
 30
0.0
 10
-142.9073507904089
 20
670.1109099490218
 30
0.0
 10
-142.8804581336123
 20
669.9764466650413
 30
0.0
 10
-142.856556251487
 20
669.8579341793067
 30
0.0
 10
-142.7529854814851
 20
669.7752623591379
 30
0.0
 10
-142.6364546879101
 20
669.7752623591379
 30
0.0
 10
-142.6205282049048
 20
669.7752623591379
 30
0.0
 10
-142.6045895642817
 20
669.7772562089173
 30
0.0
 10
-142.5876539987682
 20
669.7802469835883
 30
0.0
 10
-142.5876539987682
 20
669.7802469835883
 30
0.0
 10
-139.6117480979718
 20
670.3758245021788
 30
0.0
 10
-139.6117480979718
 20
670.3758245021788
 30
0.0
 10
-139.3229195050682
 20
670.2842046732401
 30
0.0
 10
-139.0201461213211
 20
670.214492876646
 30
0.0
 10
-138.7064308790219
 20
670.1726463464943
 30
0.0
 10
-138.2911265588791
 20
670.1178641080132
 30
0.0
 10
-137.3937725814317
 20
670.0780357428846
 30
0.0
 10
-136.0422585283628
 20
670.0551307856493
 30
0.0
 10
-135.6906844554756
 20
670.0491492363078
 30
0.0
 10
-135.3600214900425
 20
669.9027471688852
 30
0.0
 10
-135.1359322269025
 20
669.6517652489488
 30
0.0
 10
-134.8301923837265
 20
669.3121542747433
 30
0.0
 10
-134.39395264089
 20
669.1169515181839
 30
0.0
 10
-133.9368139482191
 20
669.1169515181839
 30
0.0
 10
-133.9368139482191
 20
669.1169515181839
 30
0.0
 10
-133.57627970894
 20
669.1169515181839
 30
0.0
 10
-133.57627970894
 20
669.1169515181839
 30
0.0
 10
-133.57627970894
 20
669.1169515181839
 30
0.0
 10
-133.57627970894
 20
667.5024924464954
 30
0.0
 10
-133.57627970894
 20
667.5024924464954
 30
0.0
 10
-133.57627970894
 20
667.133994965713
 30
0.0
 10
-133.2764970998624
 20
666.8352092815268
 30
0.0
 10
-132.9079996190824
 20
666.8352092815268
 30
0.0
 10
-132.5404869055701
 20
666.8352092815268
 30
0.0
 10
-132.2407164541146
 20
667.133994965713
 30
0.0
 10
-132.2407164541146
 20
667.5024924464954
 30
0.0
 10
-132.2407164541146
 20
667.5024924464954
 30
0.0
 10
-132.2407164541146
 20
669.1169515181839
 30
0.0
 10
-132.2407164541146
 20
669.1169515181839
 30
0.0
 10
-132.2407164541146
 20
669.1169515181839
 30
0.0
 10
-129.9719342410341
 20
669.1169515181839
 30
0.0
 10
-129.9719342410341
 20
669.1169515181839
 30
0.0
 10
-129.9719342410341
 20
669.1169515181839
 30
0.0
 10
-129.8394648068347
 20
667.8211923132457
 30
0.0
 10
-129.8394648068347
 20
667.8211923132457
 30
0.0
 10
-129.8265169408814
 20
667.6966982781663
 30
0.0
 10
-129.7219492459888
 20
667.6020876745581
 30
0.0
 10
-129.5964582860203
 20
667.6020876745581
 30
0.0
 10
-129.5964582860203
 20
667.6020876745581
 30
0.0
 10
-129.5576146881623
 20
667.6020876745581
 30
0.0
 10
-129.5576146881623
 20
667.6020876745581
 30
0.0
 10
-129.5576146881623
 20
667.6020876745581
 30
0.0
 10
-129.5576146881623
 20
665.9557756368635
 30
0.0
 10
-129.5576146881623
 20
665.9557756368635
 30
0.0
 10
-129.5576146881623
 20
665.9557756368635
 30
0.0
 10
-129.7299124874903
 20
665.9557756368635
 30
0.0
 10
-129.7299124874903
 20
665.9557756368635
 30
0.0
 10
-129.8046089085368
 20
665.9557756368635
 30
0.0
 10
-129.8753297876436
 20
665.9249195957458
 30
0.0
 10
-129.9241304767832
 20
665.8701373572653
 30
0.0
 10
-129.9739280908145
 20
665.8143581938923
 30
0.0
 10
-129.9978299729394
 20
665.7406586977357
 30
0.0
 10
-129.9908514987076
 20
665.6679561264699
 30
0.0
 10
-129.9908514987076
 20
665.6679561264699
 30
0.0
 10
-129.9052010614887
 20
664.8343567115185
 30
0.0
 10
-129.9052010614887
 20
664.8343567115185
 30
0.0
 10
-130.8722668355322
 20
664.5564821347857
 30
0.0
 10
-131.5823812979192
 20
663.6630915416567
 30
0.0
 10
-131.5823812979192
 20
662.6073967133464
 30
0.0
 10
-131.5823812979192
 20
662.6073967133464
 30
0.0
 10
-131.5823812979192
 20
656.4444313569446
 30
0.0
 10
-131.5823812979192
 20
656.4444313569446
 30
0.0
 10
-131.5823812979192
 20
655.1666411152713
 30
0.0
 10
-130.5426129526095
 20
654.1278696948536
 30
0.0
 10
-129.2647983956975
 20
654.1278696948536
 30
0.0
 10
-129.2647983956975
 20
654.1278696948536
 30
0.0
 10
-128.5556930158219
 20
654.1278696948536
 30
0.0
 10
-128.5556930158219
 20
654.1278696948536
 30
0.0
 10
-127.2778784589085
 20
654.1278696948536
 30
0.0
 10
-126.2391070384899
 20
655.1666411152713
 30
0.0
 10
-126.2391070384899
 20
656.4444313569446
 30
0.0
 10
-126.2391070384899
 20
656.4444313569446
 30
0.0
 10
-126.2391070384899
 20
662.6073967133464
 30
0.0
 10
-126.2391070384899
 20
662.6073967133464
 30
0.0
 10
-126.2391070384899
 20
663.6630915416567
 30
0.0
 10
-126.9482124183661
 20
664.5564821347857
 30
0.0
 10
-127.9162751172993
 20
664.8343567115185
 30
0.0
 10
-127.9162751172993
 20
664.8343567115185
 30
0.0
 10
-127.8306368377012
 20
665.6679561264699
 30
0.0
 10
-127.8306368377012
 20
665.6679561264699
 30
0.0
 10
-127.8226614385796
 20
665.7406586977357
 30
0.0
 10
-127.8465633207046
 20
665.8143581938923
 30
0.0
 10
-127.8963609347355
 20
665.8701373572653
 30
0.0
 10
-127.9461585487664
 20
665.9249195957458
 30
0.0
 10
-128.0168672702525
 20
665.9557756368635
 30
0.0
 10
-128.0905667664081
 20
665.9557756368635
 30
0.0
 10
-128.0905667664081
 20
665.9557756368635
 30
0.0
 10
-128.2628767233571
 20
665.9557756368635
 30
0.0
 10
-128.2628767233571
 20
665.9557756368635
 30
0.0
 10
-128.2628767233571
 20
665.9557756368635
 30
0.0
 10
-128.2628767233571
 20
667.6020876745581
 30
0.0
 10
-128.2628767233571
 20
667.6020876745581
 30
0.0
 10
-128.2628767233571
 20
667.6020876745581
 30
0.0
 10
-128.2240331254968
 20
667.6020876745581
 30
0.0
 10
-128.2240331254968
 20
667.6020876745581
 30
0.0
 10
-128.0985421655303
 20
667.6020876745581
 30
0.0
 10
-127.9949592379076
 20
667.6966982781663
 30
0.0
 10
-127.9820235295747
 20
667.8211923132457
 30
0.0
 10
-127.9820235295747
 20
667.8211923132457
 30
0.0
 10
-127.8485571704853
 20
669.1169515181839
 30
0.0
 10
-127.8485571704853
 20
669.1169515181839
 30
0.0
 10
-127.8485571704853
 20
669.1169515181839
 30
0.0
 10
-124.6834179048465
 20
669.1169515181839
 30
0.0
 10
-124.6834179048465
 20
669.1169515181839
 30
0.0
 10
-124.6834179048465
 20
669.1169515181839
 30
0.0
 10
-124.6834179048465
 20
667.3770014865258
 30
0.0
 10
-124.6834179048465
 20
667.3770014865258
 30
0.0
 10
-124.6834179048465
 20
667.239571743117
 30
0.0
 10
-124.5718838933433
 20
667.1280134163721
 30
0.0
 10
-124.4344298346918
 20
667.1280134163721
 30
0.0
 10
-124.2970000912814
 20
667.1280134163721
 30
0.0
 10
-124.1854417645362
 20
667.239571743117
 30
0.0
 10
-124.1854417645362
 20
667.3770014865258
 30
0.0
 10
-124.1854417645362
 20
667.3770014865258
 30
0.0
 10
-124.1854417645362
 20
669.1169515181839
 30
0.0
 10
-124.1854417645362
 20
669.1169515181839
 30
0.0
 10
-124.1854417645362
 20
669.1169515181839
 30
0.0
 10
-123.8836653056799
 20
669.1169515181839
 30
0.0
 10
-123.8836653056799
 20
669.1169515181839
 30
0.0
 10
-123.4534192698043
 20
669.1169515181839
 30
0.0
 10
-123.0490689658354
 20
669.2842646930582
 30
0.0
 10
-122.7433048074183
 20
669.5890076113435
 30
0.0
 10
-122.7203998501828
 20
669.6119368838201
 30
0.0
 10
-122.6974948929475
 20
669.6368356908362
 30
0.0
 10
-122.6745899357136
 20
669.661734497854
 30
0.0
 10
-122.4206172411068
 20
669.951547858027
 30
0.0
 10
-122.0680462433292
 20
670.1208548826846
 30
0.0
 10
-121.7095058538298
 20
670.1268364320229
 30
0.0
 10
-120.8719065816943
 20
670.138775215467
 30
0.0
 10
-120.1787276848224
 20
670.149741389259
 30
0.0
 10
-119.6936994104651
 20
670.1587137132723
 30
0.0
 10
-119.6936994104651
 20
670.1587137132723
 30
0.0
 10
-119.4835549381685
 20
670.1616801727023
 30
0.0
 10
-119.4835549381685
 20
670.1616801727023
 30
0.0
 10
-118.9228333178749
 20
670.1706524967161
 30
0.0
 10
-118.374062638644
 20
670.2553181666631
 30
0.0
 10
-117.8511876913184
 20
670.4116894829881
 30
0.0
 10
-117.0743522070084
 20
670.6447267548982
 30
0.0
 10
-116.1580688142646
 20
671.0451015169251
 30
0.0
 10
-115.5385894135485
 20
671.7163723814538
 30
0.0
 10
-115.5385894135485
 20
671.7163723814538
 30
0.0
 10
-114.4539959210384
 20
671.8627744488764
 30
0.0
 10
-114.4539959210384
 20
671.8627744488764
 30
0.0
 10
-113.5825376754964
 20
671.3299545678893
 30
0.0
 10
-112.6523094919101
 20
670.8210122537873
 30
0.0
 10
-111.7669186131454
 20
670.4475301485559
 30
0.0
 10
-111.7211086986749
 20
670.4276159659918
 30
0.0
 10
-111.6723080095347
 20
670.4186436419785
 30
0.0
 10
-111.6245042452845
 20
670.4186436419785
 30
0.0
 10
-111.5039857521471
 20
670.4186436419785
 30
0.0
 10
-111.385461108791
 20
670.4784105049124
 30
0.0
 10
-111.3147523873059
 20
670.5839872823167
 30
0.0
 10
-111.3147523873059
 20
670.5839872823167
 30
0.0
 10
-110.7848989657491
 20
671.3757644823601
 30
0.0
 10
-110.7848989657491
 20
671.3757644823601
 30
0.0
 10
-110.6853037376857
 20
671.5241603995638
 30
0.0
 10
-110.7062270027615
 20
671.7233508556857
 30
0.0
 10
-110.8346965797788
 20
671.8488418156538
 30
0.0
 10
-110.9512395309757
 20
671.9633666018312
 30
0.0
 10
-111.1056048398996
 20
672.1137563688128
 30
0.0
 10
-111.2888566553999
 20
672.2890449428122
 30
0.0
 10
-111.2888566553999
 20
672.2890449428122
 30
0.0
 10
-99.59936522406926
 20
673.8656451839108
 30
0.0
 10
-99.59936522406926
 20
673.8656451839108
 30
0.0
 10
-99.59936522406926
 20
673.8656451839108
 30
0.0
 10
-98.21100142292273
 20
666.3820461307976
 30
0.0
 10
-98.21100142292273
 20
666.3820461307976
 30
0.0
 10
-98.05066672227836
 20
665.5175663594874
 30
0.0
 10
-97.66721536814362
 20
664.7038811270975
 30
0.0
 10
-97.10052435612734
 20
664.0306164127901
 30
0.0
 10
-97.10052435612734
 20
664.0306164127901
 30
0.0
 10
-96.53283641922295
 20
663.35436092381
 30
0.0
 10
-96.53283641922295
 20
663.35436092381
 30
0.0
 10
-96.53283641922295
 20
663.35436092381
 30
0.0
 10
-96.53283641922295
 20
662.6432616941527
 30
0.0
 10
-96.53283641922295
 20
662.6432616941527
 30
0.0
 10
-96.53283641922295
 20
661.5028768806498
 30
0.0
 10
-95.60559901030747
 20
660.5746668620869
 30
0.0
 10
-94.46523851204594
 20
660.5746668620869
 30
0.0
 10
-94.46523851204594
 20
660.5746668620869
 30
0.0
 10
-94.25010941529912
 20
660.5746668620869
 30
0.0
 10
-94.25010941529912
 20
660.5746668620869
 30
0.0
 10
-93.10973675941658
 20
660.5746668620869
 30
0.0
 10
-92.18151458323176
 20
661.5028768806498
 30
0.0
 10
-92.18151458323176
 20
662.6432616941527
 30
0.0
 10
-92.18151458323176
 20
662.6432616941527
 30
0.0
 10
-92.18151458323176
 20
668.1966682682586
 30
0.0
 10
-92.18151458323176
 20
668.1966682682586
 30
0.0
 10
-92.18151458323176
 20
669.3370530817615
 30
0.0
 10
-93.10973675941658
 20
670.2652631003243
 30
0.0
 10
-94.25010941529912
 20
670.2652631003243
 30
0.0
 10
-94.25010941529912
 20
670.2652631003243
 30
0.0
 10
-94.46523851204594
 20
670.2652631003243
 30
0.0
 10
-94.46523851204594
 20
670.2652631003243
 30
0.0
 10
-95.60559901030747
 20
670.2652631003243
 30
0.0
 10
-96.53283641922295
 20
669.3370530817615
 30
0.0
 10
-96.53283641922295
 20
668.1966682682586
 30
0.0
 10
-96.53283641922295
 20
668.1966682682586
 30
0.0
 10
-96.53283641922295
 20
666.8222735731952
 30
0.0
 10
-96.53283641922295
 20
666.8222735731952
 30
0.0
 10
-96.82264977939596
 20
667.4218387913484
 30
0.0
 10
-96.98798126211281
 20
668.0811465571936
 30
0.0
 10
-97.01585868617882
 20
668.7494266470505
 30
0.0
 10
-97.01585868617882
 20
668.7494266470505
 30
0.0
 10
-97.23796625715846
 20
674.1843450506602
 30
0.0
 10
-97.23796625715846
 20
674.1843450506602
 30
0.0
 10
-97.23796625715846
 20
674.1843450506602
 30
0.0
 10
-30.0081843830276
 20
683.2505015789715
 30
0.0
 10
-30.0081843830276
 20
683.2505015789715
 30
0.0
 10
-29.64566845158843
 20
683.2983053432214
 30
0.0
 10
-29.29110360402946
 20
683.3809771633898
 30
0.0
 10
-28.95647725427603
 20
683.4935080997859
 30
0.0
 10
-26.89884859600324
 20
684.1876839215491
 30
0.0
 10
-25.34016868768872
 20
685.4824218863527
 30
0.0
 10
-24.67787014717169
 20
687.0460864191213
 30
0.0
 10
-24.2147377475402
 20
688.1386188378885
 30
0.0
 10
-24.74160039442624
 20
688.7840182857524
 30
0.0
 10
-25.26547226664184
 20
689.1326015839688
 30
0.0
  0
SPLINE
  5
42
330
1F
100
AcDbEntity
  8
Layer 1
370
     0
100
AcDbSpline
210
0.0
220
0.0
230
1.0
 70
    11
 71
     3
 72
    14
 73
    10
 74
     0
 42
0.0000000001
 43
0.0000000001
 12
1.0
 22
0.0
 32
0.0
 13
1.0
 23
0.0
 33
0.0
 40
0.0
 40
0.0
 40
0.0
 40
0.0
 40
1.0
 40
1.0
 40
1.0
 40
2.0
 40
2.0
 40
2.0
 40
3.0
 40
3.0
 40
3.0
 40
3.0
 10
-115.3503529735961
 20
671.9424554943735
 30
0.0
 10
-115.2686780783184
 20
672.0500261215601
 30
0.0
 10
-115.1939816572708
 20
672.1645509077331
 30
0.0
 10
-115.1292544851275
 20
672.2860541681414
 30
0.0
 10
-114.9957881260388
 20
672.1994189636532
 30
0.0
 10
-114.8603522324081
 20
672.1137563688128
 30
0.0
 10
-114.7228981737572
 20
672.0271211643236
 30
0.0
 10
-114.7228981737572
 20
672.0271211643236
 30
0.0
 10
-115.3503529735961
 20
671.9424554943735
 30
0.0
 10
-115.3503529735961
 20
671.9424554943735
 30
0.0
  0
HATCH
  5
43
330
1F
100
AcDbEntity
  8
Layer 1
 62
   250
420
  2236191
100
AcDbHatch
 10
0.0
 20
0.0
 30
0.0
210
0.0
220
0.0
230
1.0
  2
SOLID
 70
     1
 71
     0
 91
        2
 92
        1
 93
        1
 72
     4
 94
        3
 73
     0
 74
     1
 95
      473
 96
      469
 40
0.0
 40
0.0
 40
0.0
 40
0.0
 40
1.0
 40
1.0
 40
1.0
 40
2.0
 40
2.0
 40
2.0
 40
3.0
 40
3.0
 40
3.0
 40
4.0
 40
4.0
 40
4.0
 40
5.0
 40
5.0
 40
5.0
 40
6.0
 40
6.0
 40
6.0
 40
7.0
 40
7.0
 40
7.0
 40
8.0
 40
8.0
 40
8.0
 40
9.0
 40
9.0
 40
9.0
 40
10.0
 40
10.0
 40
10.0
 40
11.0
 40
11.0
 40
11.0
 40
12.0
 40
12.0
 40
12.0
 40
13.0
 40
13.0
 40
13.0
 40
14.0
 40
14.0
 40
14.0
 40
15.0
 40
15.0
 40
15.0
 40
16.0
 40
16.0
 40
16.0
 40
17.0
 40
17.0
 40
17.0
 40
18.0
 40
18.0
 40
18.0
 40
19.0
 40
19.0
 40
19.0
 40
20.0
 40
20.0
 40
20.0
 40
21.0
 40
21.0
 40
21.0
 40
22.0
 40
22.0
 40
22.0
 40
23.0
 40
23.0
 40
23.0
 40
24.0
 40
24.0
 40
24.0
 40
25.0
 40
25.0
 40
25.0
 40
26.0
 40
26.0
 40
26.0
 40
27.0
 40
27.0
 40
27.0
 40
28.0
 40
28.0
 40
28.0
 40
29.0
 40
29.0
 40
29.0
 40
30.0
 40
30.0
 40
30.0
 40
31.0
 40
31.0
 40
31.0
 40
32.0
 40
32.0
 40
32.0
 40
33.0
 40
33.0
 40
33.0
 40
34.0
 40
34.0
 40
34.0
 40
35.0
 40
35.0
 40
35.0
 40
36.0
 40
36.0
 40
36.0
 40
37.0
 40
37.0
 40
37.0
 40
38.0
 40
38.0
 40
38.0
 40
39.0
 40
39.0
 40
39.0
 40
40.0
 40
40.0
 40
40.0
 40
41.0
 40
41.0
 40
41.0
 40
42.0
 40
42.0
 40
42.0
 40
43.0
 40
43.0
 40
43.0
 40
44.0
 40
44.0
 40
44.0
 40
45.0
 40
45.0
 40
45.0
 40
46.0
 40
46.0
 40
46.0
 40
47.0
 40
47.0
 40
47.0
 40
48.0
 40
48.0
 40
48.0
 40
49.0
 40
49.0
 40
49.0
 40
50.0
 40
50.0
 40
50.0
 40
51.0
 40
51.0
 40
51.0
 40
52.0
 40
52.0
 40
52.0
 40
53.0
 40
53.0
 40
53.0
 40
54.0
 40
54.0
 40
54.0
 40
55.0
 40
55.0
 40
55.0
 40
56.0
 40
56.0
 40
56.0
 40
57.0
 40
57.0
 40
57.0
 40
58.0
 40
58.0
 40
58.0
 40
59.0
 40
59.0
 40
59.0
 40
60.0
 40
60.0
 40
60.0
 40
61.0
 40
61.0
 40
61.0
 40
62.0
 40
62.0
 40
62.0
 40
63.0
 40
63.0
 40
63.0
 40
64.0
 40
64.0
 40
64.0
 40
65.0
 40
65.0
 40
65.0
 40
66.0
 40
66.0
 40
66.0
 40
67.0
 40
67.0
 40
67.0
 40
68.0
 40
68.0
 40
68.0
 40
69.0
 40
69.0
 40
69.0
 40
70.0
 40
70.0
 40
70.0
 40
71.0
 40
71.0
 40
71.0
 40
72.0
 40
72.0
 40
72.0
 40
73.0
 40
73.0
 40
73.0
 40
74.0
 40
74.0
 40
74.0
 40
75.0
 40
75.0
 40
75.0
 40
76.0
 40
76.0
 40
76.0
 40
77.0
 40
77.0
 40
77.0
 40
78.0
 40
78.0
 40
78.0
 40
79.0
 40
79.0
 40
79.0
 40
80.0
 40
80.0
 40
80.0
 40
81.0
 40
81.0
 40
81.0
 40
82.0
 40
82.0
 40
82.0
 40
83.0
 40
83.0
 40
83.0
 40
84.0
 40
84.0
 40
84.0
 40
85.0
 40
85.0
 40
85.0
 40
86.0
 40
86.0
 40
86.0
 40
87.0
 40
87.0
 40
87.0
 40
88.0
 40
88.0
 40
88.0
 40
89.0
 40
89.0
 40
89.0
 40
90.0
 40
90.0
 40
90.0
 40
91.0
 40
91.0
 40
91.0
 40
92.0
 40
92.0
 40
92.0
 40
93.0
 40
93.0
 40
93.0
 40
94.0
 40
94.0
 40
94.0
 40
95.0
 40
95.0
 40
95.0
 40
96.0
 40
96.0
 40
96.0
 40
97.0
 40
97.0
 40
97.0
 40
98.0
 40
98.0
 40
98.0
 40
99.0
 40
99.0
 40
99.0
 40
100.0
 40
100.0
 40
100.0
 40
101.0
 40
101.0
 40
101.0
 40
102.0
 40
102.0
 40
102.0
 40
103.0
 40
103.0
 40
103.0
 40
104.0
 40
104.0
 40
104.0
 40
105.0
 40
105.0
 40
105.0
 40
106.0
 40
106.0
 40
106.0
 40
107.0
 40
107.0
 40
107.0
 40
108.0
 40
108.0
 40
108.0
 40
109.0
 40
109.0
 40
109.0
 40
110.0
 40
110.0
 40
110.0
 40
111.0
 40
111.0
 40
111.0
 40
112.0
 40
112.0
 40
112.0
 40
113.0
 40
113.0
 40
113.0
 40
114.0
 40
114.0
 40
114.0
 40
115.0
 40
115.0
 40
115.0
 40
116.0
 40
116.0
 40
116.0
 40
117.0
 40
117.0
 40
117.0
 40
118.0
 40
118.0
 40
118.0
 40
119.0
 40
119.0
 40
119.0
 40
120.0
 40
120.0
 40
120.0
 40
121.0
 40
121.0
 40
121.0
 40
122.0
 40
122.0
 40
122.0
 40
123.0
 40
123.0
 40
123.0
 40
124.0
 40
124.0
 40
124.0
 40
125.0
 40
125.0
 40
125.0
 40
126.0
 40
126.0
 40
126.0
 40
127.0
 40
127.0
 40
127.0
 40
128.0
 40
128.0
 40
128.0
 40
129.0
 40
129.0
 40
129.0
 40
130.0
 40
130.0
 40
130.0
 40
131.0
 40
131.0
 40
131.0
 40
132.0
 40
132.0
 40
132.0
 40
133.0
 40
133.0
 40
133.0
 40
134.0
 40
134.0
 40
134.0
 40
135.0
 40
135.0
 40
135.0
 40
136.0
 40
136.0
 40
136.0
 40
137.0
 40
137.0
 40
137.0
 40
138.0
 40
138.0
 40
138.0
 40
139.0
 40
139.0
 40
139.0
 40
140.0
 40
140.0
 40
140.0
 40
141.0
 40
141.0
 40
141.0
 40
142.0
 40
142.0
 40
142.0
 40
143.0
 40
143.0
 40
143.0
 40
144.0
 40
144.0
 40
144.0
 40
145.0
 40
145.0
 40
145.0
 40
146.0
 40
146.0
 40
146.0
 40
147.0
 40
147.0
 40
147.0
 40
148.0
 40
148.0
 40
148.0
 40
149.0
 40
149.0
 40
149.0
 40
150.0
 40
150.0
 40
150.0
 40
151.0
 40
151.0
 40
151.0
 40
152.0
 40
152.0
 40
152.0
 40
153.0
 40
153.0
 40
153.0
 40
154.0
 40
154.0
 40
154.0
 40
155.0
 40
155.0
 40
155.0
 40
156.0
 40
156.0
 40
156.0
 40
156.0
 10
-25.26547226664184
 20
689.1326015839688
 10
-25.79133798863688
 20
689.4851482665064
 10
-26.44668237016344
 20
689.6295807993906
 10
-27.11197168534993
 20
689.53993050499
 10
-27.11197168534993
 20
689.53993050499
 10
-115.2647025363776
 20
677.610411169895
 10
-115.2647025363776
 20
677.610411169895
 10
-115.2647025363776
 20
677.610411169895
 10
-115.2647025363776
 20
683.759443893074
 10
-115.2647025363776
 20
683.759443893074
 10
-115.2647025363776
 20
683.759443893074
 10
-100.6550722100017
 20
683.6219898344242
 10
-100.6550722100017
 20
683.6219898344242
 10
-100.6550722100017
 20
683.6219898344242
 10
-100.6421365016703
 20
683.6219898344242
 10
-100.6421365016703
 20
683.6219898344242
 10
-100.2437555894222
 20
683.6219898344242
 10
-99.86130116017658
 20
683.7902999341901
 10
-99.59239890745745
 20
684.0850979188152
 10
-99.34640161197387
 20
684.3550214116658
 10
-99.34640161197387
 20
684.7613534077941
 10
-99.59239890745745
 20
685.0312525854049
 10
-99.86429193484733
 20
685.3290413447
 10
-100.2517188309238
 20
685.499345294246
 10
-100.6550722100017
 20
685.494384985038
 10
-100.6550722100017
 20
685.494384985038
 10
-115.2647025363776
 20
685.3569309263848
 10
-115.2647025363776
 20
685.3569309263848
 10
-115.2647025363776
 20
685.3569309263848
 10
-115.2647025363776
 20
686.7662179926073
 10
-115.2647025363776
 20
686.7662179926073
 10
-115.2647025363776
 20
689.3138473920703
 10
-115.6839945560796
 20
691.7489458551357
 10
-116.5096428871531
 20
694.0027985101041
 10
-117.2625764893382
 20
696.0604271683782
 10
-118.3999583705484
 20
698.5572863441595
 10
-120.5223263585877
 20
699.6100147130437
 10
-121.610907550658
 20
700.1508099931531
 10
-122.9355167893108
 20
700.424696870323
 10
-124.4573347919261
 20
700.424696870323
 10
-124.4573347919261
 20
700.424696870323
 10
-127.9720542806721
 20
700.424696870323
 10
-127.9720542806721
 20
700.424696870323
 10
-127.9720542806721
 20
700.424696870323
 10
-128.0696556589536
 20
707.5955532907843
 10
-128.0696556589536
 20
707.5955532907843
 10
-128.0696556589536
 20
707.5955532907843
 10
-128.0696556589536
 20
707.5965502156747
 10
-128.0696556589536
 20
707.5965502156747
 10
-128.061692417452
 20
707.6005379152358
 10
-128.0537291759499
 20
707.6045256147981
 10
-128.0467507017187
 20
707.6094859240076
 10
-128.0467507017187
 20
707.6094859240076
 10
-122.8518723594921
 20
705.5757591478572
 10
-122.8518723594921
 20
705.5757591478572
 10
-122.8339398690886
 20
705.5688049888677
 10
-122.8150104537929
 20
705.5658142141963
 10
-122.7970901210107
 20
705.5658142141963
 10
-122.7373232580771
 20
705.5658142141963
 10
-122.6805593274331
 20
705.6016548797645
 10
-122.6576543701979
 20
705.660424817808
 10
-122.6277830963528
 20
705.7371150886358
 10
-122.6656176117001
 20
705.8237502931244
 10
-122.742307882528
 20
705.8546306494809
 10
-122.742307882528
 20
705.8546306494809
 10
-127.8734559775003
 20
707.8634586186122
 10
-127.8734559775003
 20
707.8634586186122
 10
-127.8684713530491
 20
707.8893543505194
 10
-127.8654805783777
 20
707.9162470073151
 10
-127.8654805783777
 20
707.9441365890034
 10
-127.8654805783777
 20
707.9441365890034
 10
-127.8654805783777
 20
708.8673862983568
 10
-127.8654805783777
 20
708.8673862983568
 10
-127.8654805783777
 20
709.0546379710382
 10
-127.9949592379076
 20
709.2119818970119
 10
-128.1692508870154
 20
709.253828427163
 10
-128.1692508870154
 20
709.253828427163
 10
-128.1692508870154
 20
709.964927656819
 10
-128.1692508870154
 20
709.964927656819
 10
-128.1692508870154
 20
710.1143204989095
 10
-128.2270239001682
 20
710.2537440921029
 10
-128.3316037526822
 20
710.3593208695044
 10
-128.4371683724649
 20
710.4639007220196
 10
-128.5766041232764
 20
710.5216737351711
 10
-128.7250000404785
 20
710.5216737351711
 10
-129.0317489661659
 20
710.5216737351711
 10
-129.2817339612113
 20
710.2716887401267
 10
-129.2817339612113
 20
709.964927656819
 10
-129.2817339612113
 20
709.964927656819
 10
-129.2817339612113
 20
709.253828427163
 10
-129.2817339612113
 20
709.253828427163
 10
-129.4560256103206
 20
709.2119818970119
 10
-129.5854921122273
 20
709.0546379710382
 10
-129.5854921122273
 20
708.8673862983568
 10
-129.5854921122273
 20
708.8673862983568
 10
-129.5854921122273
 20
707.9441365890034
 10
-129.5854921122273
 20
707.9441365890034
 10
-129.5854921122273
 20
707.9162470073151
 10
-129.5825134951782
 20
707.8893543505194
 10
-129.5775288707271
 20
707.8634586186122
 10
-129.5775288707271
 20
707.8634586186122
 10
-134.7086769656993
 20
705.8546306494809
 10
-134.7086769656993
 20
705.8546306494809
 10
-134.7853672365266
 20
705.8237502931244
 10
-134.8232139094946
 20
705.7371150886358
 10
-134.7933304780278
 20
705.660424817808
 10
-134.7704255207929
 20
705.6016548797645
 10
-134.7136494325301
 20
705.5658142141963
 10
-134.6539068848377
 20
705.5658142141963
 10
-134.6359743944332
 20
705.5658142141963
 10
-134.6170449791396
 20
705.5688049888677
 10
-134.5991246463552
 20
705.5757591478572
 10
-134.5991246463552
 20
705.5757591478572
 10
-129.4052310713984
 20
707.6094859240076
 10
-129.4052310713984
 20
707.6094859240076
 10
-129.3972678298969
 20
707.6045256147981
 10
-129.3892924307743
 20
707.5995409903458
 10
-129.3813291892722
 20
707.5955532907843
 10
-129.3813291892722
 20
707.5955532907843
 10
-129.4789305675556
 20
700.424696870323
 10
-129.4789305675556
 20
700.424696870323
 10
-129.4789305675556
 20
700.424696870323
 10
-133.3621475370809
 20
700.424696870323
 10
-133.3621475370809
 20
700.424696870323
 10
-134.8849624645885
 20
700.424696870323
 10
-136.2085747783506
 20
700.1508099931531
 10
-137.2971559704206
 20
699.6100147130437
 10
-139.4045944003459
 20
698.5642648183909
 10
-140.540967199047
 20
696.0952952242977
 10
-141.2949098837435
 20
694.0466145747926
 10
-142.7350529910806
 20
694.983821232611
 10
-145.0227524618346
 20
696.2008720016995
 10
-145.8394406265156
 20
696.6291120301732
 10
-145.9987905598913
 20
696.7127807752314
 10
-146.1939933164542
 20
696.6709585603243
 10
-146.3055516431994
 20
696.5295168021107
 10
-146.3055516431994
 20
696.5295168021107
 10
-146.8941506875596
 20
695.7815799819972
 10
-146.8941506875596
 20
695.7815799819972
 10
-147.0047120894137
 20
695.6421320735662
 10
-147.0007243898526
 20
695.4429416174413
 10
-146.8851905211661
 20
695.3094752583524
 10
-145.4958297951305
 20
693.7040128259173
 10
-143.4182869542923
 20
692.0995230031355
 10
-142.1165705152546
 20
691.1613437356658
 10
-142.4083777252087
 20
689.7451025104536
 10
-142.5547919502507
 20
688.27507597165
 10
-142.5547919502507
 20
686.7662179926073
 10
-142.5547919502507
 20
686.7662179926073
 10
-142.5547919502507
 20
685.3569309263848
 10
-142.5547919502507
 20
685.3569309263848
 10
-142.5547919502507
 20
685.3569309263848
 10
-157.1644222766264
 20
685.494384985038
 10
-157.1644222766264
 20
685.494384985038
 10
-157.570754272755
 20
685.5003665343797
 10
-157.955202551781
 20
685.3290413447
 10
-158.22809250406
 20
685.0312525854049
 10
-158.4740897995445
 20
684.7613534077941
 10
-158.4740897995445
 20
684.3550214116658
 10
-158.22809250406
 20
684.0850979188152
 10
-157.9581933264518
 20
683.7902999341901
 10
-157.5757388972067
 20
683.6219898344242
 10
-157.1773579849583
 20
683.6219898344242
 10
-157.1773579849583
 20
683.6219898344242
 10
-157.1644222766264
 20
683.6219898344242
 10
-157.1644222766264
 20
683.6219898344242
 10
-157.1644222766264
 20
683.6219898344242
 10
-142.5547919502507
 20
683.759443893074
 10
-142.5547919502507
 20
683.759443893074
 10
-142.5547919502507
 20
683.759443893074
 10
-142.5547919502507
 20
677.610411169895
 10
-142.5547919502507
 20
677.610411169895
 10
-142.5547919502507
 20
677.610411169895
 10
-230.7095166510595
 20
689.53993050499
 10
-230.7095166510595
 20
689.53993050499
 10
-231.3738151201664
 20
689.6295807993906
 10
-232.0301442689614
 20
689.4851482665064
 10
-232.5550130660673
 20
689.1326015839688
 10
-233.0788849382826
 20
688.7840182857524
 10
-233.6057415063594
 20
688.1386188378885
 10
-233.1426273431572
 20
687.0460864191213
 10
-232.4813135699108
 20
685.4824218863527
 10
-230.9216488943263
 20
684.1876839215491
 10
-228.8650110821327
 20
683.4935080997859
 10
-228.5293756498689
 20
683.3809771633898
 10
-228.1748168811204
 20
683.2983053432214
 10
-227.8122887920602
 20
683.2505015789715
 10
-227.8122887920602
 20
683.2505015789715
 10
-160.5835099216303
 20
674.1843450506602
 10
-160.5835099216303
 20
674.1843450506602
 10
-160.5835099216303
 20
674.1843450506602
 10
-160.8056174926096
 20
668.7494266470505
 10
-160.8056174926096
 20
668.7494266470505
 10
-160.8334949166752
 20
668.0821434820824
 10
-160.9988385570131
 20
667.4228114009983
 10
-161.2876549922961
 20
666.8232704980868
 10
-161.2876549922961
 20
666.8232704980868
 10
-161.2876549922961
 20
668.1966682682586
 10
-161.2876549922961
 20
668.1966682682586
 10
-161.2876549922961
 20
669.3370530817615
 10
-162.2158893261009
 20
670.2652631003243
 10
-163.3562498243625
 20
670.2652631003243
 10
-163.3562498243625
 20
670.2652631003243
 10
-163.5713667634899
 20
670.2652631003243
 10
-163.5713667634899
 20
670.2652631003243
 10
-164.7117394193718
 20
670.2652631003243
 10
-165.6389646706663
 20
669.3370530817615
 10
-165.6389646706663
 20
668.1966682682586
 10
-165.6389646706663
 20
668.1966682682586
 10
-165.6389646706663
 20
662.6432616941527
 10
-165.6389646706663
 20
662.6432616941527
 10
-165.6389646706663
 20
661.5028768806498
 10
-164.7117394193718
 20
660.5746668620869
 10
-163.5713667634899
 20
660.5746668620869
 10
-163.5713667634899
 20
660.5746668620869
 10
-163.3562498243625
 20
660.5746668620869
 10
-163.3562498243625
 20
660.5746668620869
 10
-162.2158893261009
 20
660.5746668620869
 10
-161.2876549922961
 20
661.5028768806498
 10
-161.2876549922961
 20
662.6432616941527
 10
-161.2876549922961
 20
662.6432616941527
 10
-161.2876549922961
 20
663.35436092381
 10
-161.2876549922961
 20
663.35436092381
 10
-161.2876549922961
 20
663.35436092381
 10
-160.7199670553904
 20
664.0306164127901
 10
-160.7199670553904
 20
664.0306164127901
 10
-160.1542608106457
 20
664.7038811270975
 10
-159.7698246892416
 20
665.5175663594874
 10
-159.6104747558657
 20
666.3820461307976
 10
-159.6104747558657
 20
666.3820461307976
 10
-158.2211140298291
 20
673.8656451839108
 10
-158.2211140298291
 20
673.8656451839108
 10
-158.2211140298291
 20
673.8656451839108
 10
-141.9661807482718
 20
671.6735532416548
 10
-141.9661807482718
 20
671.6735532416548
 10
-141.5687967609131
 20
671.3558502997967
 10
-141.0568758297601
 20
671.0022823771293
 10
-140.4593044613893
 20
670.7144385514943
 10
-140.4593044613893
 20
670.7144385514943
 10
-142.6852553770493
 20
670.2692507998854
 10
-142.6852553770493
 20
670.2692507998854
 10
-142.8197186610304
 20
670.2423581430897
 10
-142.9073507904089
 20
670.1109099490218
 10
-142.8804581336123
 20
669.9764466650413
 10
-142.856556251487
 20
669.8579341793067
 10
-142.7529854814851
 20
669.7752623591379
 10
-142.6364546879101
 20
669.7752623591379
 10
-142.6205282049048
 20
669.7752623591379
 10
-142.6045895642817
 20
669.7772562089173
 10
-142.5876539987682
 20
669.7802469835883
 10
-142.5876539987682
 20
669.7802469835883
 10
-139.6117480979718
 20
670.3758245021788
 10
-139.6117480979718
 20
670.3758245021788
 10
-139.3229195050682
 20
670.2842046732401
 10
-139.0201461213211
 20
670.214492876646
 10
-138.7064308790219
 20
670.1726463464943
 10
-138.2911265588791
 20
670.1178641080132
 10
-137.3937725814317
 20
670.0780357428846
 10
-136.0422585283628
 20
670.0551307856493
 10
-135.6906844554756
 20
670.0491492363078
 10
-135.3600214900425
 20
669.9027471688852
 10
-135.1359322269025
 20
669.6517652489488
 10
-134.8301923837265
 20
669.3121542747433
 10
-134.39395264089
 20
669.1169515181839
 10
-133.9368139482191
 20
669.1169515181839
 10
-133.9368139482191
 20
669.1169515181839
 10
-133.57627970894
 20
669.1169515181839
 10
-133.57627970894
 20
669.1169515181839
 10
-133.57627970894
 20
669.1169515181839
 10
-133.57627970894
 20
667.5024924464954
 10
-133.57627970894
 20
667.5024924464954
 10
-133.57627970894
 20
667.133994965713
 10
-133.2764970998624
 20
666.8352092815268
 10
-132.9079996190824
 20
666.8352092815268
 10
-132.5404869055701
 20
666.8352092815268
 10
-132.2407164541146
 20
667.133994965713
 10
-132.2407164541146
 20
667.5024924464954
 10
-132.2407164541146
 20
667.5024924464954
 10
-132.2407164541146
 20
669.1169515181839
 10
-132.2407164541146
 20
669.1169515181839
 10
-132.2407164541146
 20
669.1169515181839
 10
-129.9719342410341
 20
669.1169515181839
 10
-129.9719342410341
 20
669.1169515181839
 10
-129.9719342410341
 20
669.1169515181839
 10
-129.8394648068347
 20
667.8211923132457
 10
-129.8394648068347
 20
667.8211923132457
 10
-129.8265169408814
 20
667.6966982781663
 10
-129.7219492459888
 20
667.6020876745581
 10
-129.5964582860203
 20
667.6020876745581
 10
-129.5964582860203
 20
667.6020876745581
 10
-129.5576146881623
 20
667.6020876745581
 10
-129.5576146881623
 20
667.6020876745581
 10
-129.5576146881623
 20
667.6020876745581
 10
-129.5576146881623
 20
665.9557756368635
 10
-129.5576146881623
 20
665.9557756368635
 10
-129.5576146881623
 20
665.9557756368635
 10
-129.7299124874903
 20
665.9557756368635
 10
-129.7299124874903
 20
665.9557756368635
 10
-129.8046089085368
 20
665.9557756368635
 10
-129.8753297876436
 20
665.9249195957458
 10
-129.9241304767832
 20
665.8701373572653
 10
-129.9739280908145
 20
665.8143581938923
 10
-129.9978299729394
 20
665.7406586977357
 10
-129.9908514987076
 20
665.6679561264699
 10
-129.9908514987076
 20
665.6679561264699
 10
-129.9052010614887
 20
664.8343567115185
 10
-129.9052010614887
 20
664.8343567115185
 10
-130.8722668355322
 20
664.5564821347857
 10
-131.5823812979192
 20
663.6630915416567
 10
-131.5823812979192
 20
662.6073967133464
 10
-131.5823812979192
 20
662.6073967133464
 10
-131.5823812979192
 20
656.4444313569446
 10
-131.5823812979192
 20
656.4444313569446
 10
-131.5823812979192
 20
655.1666411152713
 10
-130.5426129526095
 20
654.1278696948536
 10
-129.2647983956975
 20
654.1278696948536
 10
-129.2647983956975
 20
654.1278696948536
 10
-128.5556930158219
 20
654.1278696948536
 10
-128.5556930158219
 20
654.1278696948536
 10
-127.2778784589085
 20
654.1278696948536
 10
-126.2391070384899
 20
655.1666411152713
 10
-126.2391070384899
 20
656.4444313569446
 10
-126.2391070384899
 20
656.4444313569446
 10
-126.2391070384899
 20
662.6073967133464
 10
-126.2391070384899
 20
662.6073967133464
 10
-126.2391070384899
 20
663.6630915416567
 10
-126.9482124183661
 20
664.5564821347857
 10
-127.9162751172993
 20
664.8343567115185
 10
-127.9162751172993
 20
664.8343567115185
 10
-127.8306368377012
 20
665.6679561264699
 10
-127.8306368377012
 20
665.6679561264699
 10
-127.8226614385796
 20
665.7406586977357
 10
-127.8465633207046
 20
665.8143581938923
 10
-127.8963609347355
 20
665.8701373572653
 10
-127.9461585487664
 20
665.9249195957458
 10
-128.0168672702525
 20
665.9557756368635
 10
-128.0905667664081
 20
665.9557756368635
 10
-128.0905667664081
 20
665.9557756368635
 10
-128.2628767233571
 20
665.9557756368635
 10
-128.2628767233571
 20
665.9557756368635
 10
-128.2628767233571
 20
665.9557756368635
 10
-128.2628767233571
 20
667.6020876745581
 10
-128.2628767233571
 20
667.6020876745581
 10
-128.2628767233571
 20
667.6020876745581
 10
-128.2240331254968
 20
667.6020876745581
 10
-128.2240331254968
 20
667.6020876745581
 10
-128.0985421655303
 20
667.6020876745581
 10
-127.9949592379076
 20
667.6966982781663
 10
-127.9820235295747
 20
667.8211923132457
 10
-127.9820235295747
 20
667.8211923132457
 10
-127.8485571704853
 20
669.1169515181839
 10
-127.8485571704853
 20
669.1169515181839
 10
-127.8485571704853
 20
669.1169515181839
 10
-124.6834179048465
 20
669.1169515181839
 10
-124.6834179048465
 20
669.1169515181839
 10
-124.6834179048465
 20
669.1169515181839
 10
-124.6834179048465
 20
667.3770014865258
 10
-124.6834179048465
 20
667.3770014865258
 10
-124.6834179048465
 20
667.239571743117
 10
-124.5718838933433
 20
667.1280134163721
 10
-124.4344298346918
 20
667.1280134163721
 10
-124.2970000912814
 20
667.1280134163721
 10
-124.1854417645362
 20
667.239571743117
 10
-124.1854417645362
 20
667.3770014865258
 10
-124.1854417645362
 20
667.3770014865258
 10
-124.1854417645362
 20
669.1169515181839
 10
-124.1854417645362
 20
669.1169515181839
 10
-124.1854417645362
 20
669.1169515181839
 10
-123.8836653056799
 20
669.1169515181839
 10
-123.8836653056799
 20
669.1169515181839
 10
-123.4534192698043
 20
669.1169515181839
 10
-123.0490689658354
 20
669.2842646930582
 10
-122.7433048074183
 20
669.5890076113435
 10
-122.7203998501828
 20
669.6119368838201
 10
-122.6974948929475
 20
669.6368356908362
 10
-122.6745899357136
 20
669.661734497854
 10
-122.4206172411068
 20
669.951547858027
 10
-122.0680462433292
 20
670.1208548826846
 10
-121.7095058538298
 20
670.1268364320229
 10
-120.8719065816943
 20
670.138775215467
 10
-120.1787276848224
 20
670.149741389259
 10
-119.6936994104651
 20
670.1587137132723
 10
-119.6936994104651
 20
670.1587137132723
 10
-119.4835549381685
 20
670.1616801727023
 10
-119.4835549381685
 20
670.1616801727023
 10
-118.9228333178749
 20
670.1706524967161
 10
-118.374062638644
 20
670.2553181666631
 10
-117.8511876913184
 20
670.4116894829881
 10
-117.0743522070084
 20
670.6447267548982
 10
-116.1580688142646
 20
671.0451015169251
 10
-115.5385894135485
 20
671.7163723814538
 10
-115.5385894135485
 20
671.7163723814538
 10
-114.4539959210384
 20
671.8627744488764
 10
-114.4539959210384
 20
671.8627744488764
 10
-113.5825376754964
 20
671.3299545678893
 10
-112.6523094919101
 20
670.8210122537873
 10
-111.7669186131454
 20
670.4475301485559
 10
-111.7211086986749
 20
670.4276159659918
 10
-111.6723080095347
 20
670.4186436419785
 10
-111.6245042452845
 20
670.4186436419785
 10
-111.5039857521471
 20
670.4186436419785
 10
-111.385461108791
 20
670.4784105049124
 10
-111.3147523873059
 20
670.5839872823167
 10
-111.3147523873059
 20
670.5839872823167
 10
-110.7848989657491
 20
671.3757644823601
 10
-110.7848989657491
 20
671.3757644823601
 10
-110.6853037376857
 20
671.5241603995638
 10
-110.7062270027615
 20
671.7233508556857
 10
-110.8346965797788
 20
671.8488418156538
 10
-110.9512395309757
 20
671.9633666018312
 10
-111.1056048398996
 20
672.1137563688128
 10
-111.2888566553999
 20
672.2890449428122
 10
-111.2888566553999
 20
672.2890449428122
 10
-99.59936522406926
 20
673.8656451839108
 10
-99.59936522406926
 20
673.8656451839108
 10
-99.59936522406926
 20
673.8656451839108
 10
-98.21100142292273
 20
666.3820461307976
 10
-98.21100142292273
 20
666.3820461307976
 10
-98.05066672227836
 20
665.5175663594874
 10
-97.66721536814362
 20
664.7038811270975
 10
-97.10052435612734
 20
664.0306164127901
 10
-97.10052435612734
 20
664.0306164127901
 10
-96.53283641922295
 20
663.35436092381
 10
-96.53283641922295
 20
663.35436092381
 10
-96.53283641922295
 20
663.35436092381
 10
-96.53283641922295
 20
662.6432616941527
 10
-96.53283641922295
 20
662.6432616941527
 10
-96.53283641922295
 20
661.5028768806498
 10
-95.60559901030747
 20
660.5746668620869
 10
-94.46523851204594
 20
660.5746668620869
 10
-94.46523851204594
 20
660.5746668620869
 10
-94.25010941529912
 20
660.5746668620869
 10
-94.25010941529912
 20
660.5746668620869
 10
-93.10973675941658
 20
660.5746668620869
 10
-92.18151458323176
 20
661.5028768806498
 10
-92.18151458323176
 20
662.6432616941527
 10
-92.18151458323176
 20
662.6432616941527
 10
-92.18151458323176
 20
668.1966682682586
 10
-92.18151458323176
 20
668.1966682682586
 10
-92.18151458323176
 20
669.3370530817615
 10
-93.10973675941658
 20
670.2652631003243
 10
-94.25010941529912
 20
670.2652631003243
 10
-94.25010941529912
 20
670.2652631003243
 10
-94.46523851204594
 20
670.2652631003243
 10
-94.46523851204594
 20
670.2652631003243
 10
-95.60559901030747
 20
670.2652631003243
 10
-96.53283641922295
 20
669.3370530817615
 10
-96.53283641922295
 20
668.1966682682586
 10
-96.53283641922295
 20
668.1966682682586
 10
-96.53283641922295
 20
666.8222735731952
 10
-96.53283641922295
 20
666.8222735731952
 10
-96.82264977939596
 20
667.4218387913484
 10
-96.98798126211281
 20
668.0811465571936
 10
-97.01585868617882
 20
668.7494266470505
 10
-97.01585868617882
 20
668.7494266470505
 10
-97.23796625715846
 20
674.1843450506602
 10
-97.23796625715846
 20
674.1843450506602
 10
-97.23796625715846
 20
674.1843450506602
 10
-30.0081843830276
 20
683.2505015789715
 10
-30.0081843830276
 20
683.2505015789715
 10
-29.64566845158843
 20
683.2983053432214
 10
-29.29110360402946
 20
683.3809771633898
 10
-28.95647725427603
 20
683.4935080997859
 10
-26.89884859600324
 20
684.1876839215491
 10
-25.34016868768872
 20
685.4824218863527
 10
-24.67787014717169
 20
687.0460864191213
 10
-24.2147377475402
 20
688.1386188378885
 10
-24.74160039442624
 20
688.7840182857524
 10
-25.26547226664184
 20
689.1326015839688
 97
        0
 97
        0
 92
        1
 93
        1
 72
     4
 94
        3
 73
     0
 74
     1
 95
       14
 96
       10
 40
0.0
 40
0.0
 40
0.0
 40
0.0
 40
1.0
 40
1.0
 40
1.0
 40
2.0
 40
2.0
 40
2.0
 40
3.0
 40
3.0
 40
3.0
 40
3.0
 10
-115.3503529735961
 20
671.9424554943735
 10
-115.2686780783184
 20
672.0500261215601
 10
-115.1939816572708
 20
672.1645509077331
 10
-115.1292544851275
 20
672.2860541681414
 10
-114.9957881260388
 20
672.1994189636532
 10
-114.8603522324081
 20
672.1137563688128
 10
-114.7228981737572
 20
672.0271211643236
 10
-114.7228981737572
 20
672.0271211643236
 10
-115.3503529735961
 20
671.9424554943735
 10
-115.3503529735961
 20
671.9424554943735
 97
        0
 97
        0
 75
     2
 76
     1
 98
        0
  0
SPLINE
  5
44
330
1F
100
AcDbEntity
  8
Layer 1
370
     0
100
AcDbSpline
210
0.0
220
0.0
230
1.0
 70
    11
 71
     3
 72
   476
 73
   472
 74
     0
 42
0.0000000001
 43
0.0000000001
 12
1.0
 22
0.0
 32
0.0
 13
1.0
 23
0.0
 33
0.0
 40
0.0
 40
0.0
 40
0.0
 40
0.0
 40
1.0
 40
1.0
 40
1.0
 40
2.0
 40
2.0
 40
2.0
 40
3.0
 40
3.0
 40
3.0
 40
4.0
 40
4.0
 40
4.0
 40
5.0
 40
5.0
 40
5.0
 40
6.0
 40
6.0
 40
6.0
 40
7.0
 40
7.0
 40
7.0
 40
8.0
 40
8.0
 40
8.0
 40
9.0
 40
9.0
 40
9.0
 40
10.0
 40
10.0
 40
10.0
 40
11.0
 40
11.0
 40
11.0
 40
12.0
 40
12.0
 40
12.0
 40
13.0
 40
13.0
 40
13.0
 40
14.0
 40
14.0
 40
14.0
 40
15.0
 40
15.0
 40
15.0
 40
16.0
 40
16.0
 40
16.0
 40
17.0
 40
17.0
 40
17.0
 40
18.0
 40
18.0
 40
18.0
 40
19.0
 40
19.0
 40
19.0
 40
20.0
 40
20.0
 40
20.0
 40
21.0
 40
21.0
 40
21.0
 40
22.0
 40
22.0
 40
22.0
 40
23.0
 40
23.0
 40
23.0
 40
24.0
 40
24.0
 40
24.0
 40
25.0
 40
25.0
 40
25.0
 40
26.0
 40
26.0
 40
26.0
 40
27.0
 40
27.0
 40
27.0
 40
28.0
 40
28.0
 40
28.0
 40
29.0
 40
29.0
 40
29.0
 40
30.0
 40
30.0
 40
30.0
 40
31.0
 40
31.0
 40
31.0
 40
32.0
 40
32.0
 40
32.0
 40
33.0
 40
33.0
 40
33.0
 40
34.0
 40
34.0
 40
34.0
 40
35.0
 40
35.0
 40
35.0
 40
36.0
 40
36.0
 40
36.0
 40
37.0
 40
37.0
 40
37.0
 40
38.0
 40
38.0
 40
38.0
 40
39.0
 40
39.0
 40
39.0
 40
40.0
 40
40.0
 40
40.0
 40
41.0
 40
41.0
 40
41.0
 40
42.0
 40
42.0
 40
42.0
 40
43.0
 40
43.0
 40
43.0
 40
44.0
 40
44.0
 40
44.0
 40
45.0
 40
45.0
 40
45.0
 40
46.0
 40
46.0
 40
46.0
 40
47.0
 40
47.0
 40
47.0
 40
48.0
 40
48.0
 40
48.0
 40
49.0
 40
49.0
 40
49.0
 40
50.0
 40
50.0
 40
50.0
 40
51.0
 40
51.0
 40
51.0
 40
52.0
 40
52.0
 40
52.0
 40
53.0
 40
53.0
 40
53.0
 40
54.0
 40
54.0
 40
54.0
 40
55.0
 40
55.0
 40
55.0
 40
56.0
 40
56.0
 40
56.0
 40
57.0
 40
57.0
 40
57.0
 40
58.0
 40
58.0
 40
58.0
 40
59.0
 40
59.0
 40
59.0
 40
60.0
 40
60.0
 40
60.0
 40
61.0
 40
61.0
 40
61.0
 40
62.0
 40
62.0
 40
62.0
 40
63.0
 40
63.0
 40
63.0
 40
64.0
 40
64.0
 40
64.0
 40
65.0
 40
65.0
 40
65.0
 40
66.0
 40
66.0
 40
66.0
 40
67.0
 40
67.0
 40
67.0
 40
68.0
 40
68.0
 40
68.0
 40
69.0
 40
69.0
 40
69.0
 40
70.0
 40
70.0
 40
70.0
 40
71.0
 40
71.0
 40
71.0
 40
72.0
 40
72.0
 40
72.0
 40
73.0
 40
73.0
 40
73.0
 40
74.0
 40
74.0
 40
74.0
 40
75.0
 40
75.0
 40
75.0
 40
76.0
 40
76.0
 40
76.0
 40
77.0
 40
77.0
 40
77.0
 40
78.0
 40
78.0
 40
78.0
 40
79.0
 40
79.0
 40
79.0
 40
80.0
 40
80.0
 40
80.0
 40
81.0
 40
81.0
 40
81.0
 40
82.0
 40
82.0
 40
82.0
 40
83.0
 40
83.0
 40
83.0
 40
84.0
 40
84.0
 40
84.0
 40
85.0
 40
85.0
 40
85.0
 40
86.0
 40
86.0
 40
86.0
 40
87.0
 40
87.0
 40
87.0
 40
88.0
 40
88.0
 40
88.0
 40
89.0
 40
89.0
 40
89.0
 40
90.0
 40
90.0
 40
90.0
 40
91.0
 40
91.0
 40
91.0
 40
92.0
 40
92.0
 40
92.0
 40
93.0
 40
93.0
 40
93.0
 40
94.0
 40
94.0
 40
94.0
 40
95.0
 40
95.0
 40
95.0
 40
96.0
 40
96.0
 40
96.0
 40
97.0
 40
97.0
 40
97.0
 40
98.0
 40
98.0
 40
98.0
 40
99.0
 40
99.0
 40
99.0
 40
100.0
 40
100.0
 40
100.0
 40
101.0
 40
101.0
 40
101.0
 40
102.0
 40
102.0
 40
102.0
 40
103.0
 40
103.0
 40
103.0
 40
104.0
 40
104.0
 40
104.0
 40
105.0
 40
105.0
 40
105.0
 40
106.0
 40
106.0
 40
106.0
 40
107.0
 40
107.0
 40
107.0
 40
108.0
 40
108.0
 40
108.0
 40
109.0
 40
109.0
 40
109.0
 40
110.0
 40
110.0
 40
110.0
 40
111.0
 40
111.0
 40
111.0
 40
112.0
 40
112.0
 40
112.0
 40
113.0
 40
113.0
 40
113.0
 40
114.0
 40
114.0
 40
114.0
 40
115.0
 40
115.0
 40
115.0
 40
116.0
 40
116.0
 40
116.0
 40
117.0
 40
117.0
 40
117.0
 40
118.0
 40
118.0
 40
118.0
 40
119.0
 40
119.0
 40
119.0
 40
120.0
 40
120.0
 40
120.0
 40
121.0
 40
121.0
 40
121.0
 40
122.0
 40
122.0
 40
122.0
 40
123.0
 40
123.0
 40
123.0
 40
124.0
 40
124.0
 40
124.0
 40
125.0
 40
125.0
 40
125.0
 40
126.0
 40
126.0
 40
126.0
 40
127.0
 40
127.0
 40
127.0
 40
128.0
 40
128.0
 40
128.0
 40
129.0
 40
129.0
 40
129.0
 40
130.0
 40
130.0
 40
130.0
 40
131.0
 40
131.0
 40
131.0
 40
132.0
 40
132.0
 40
132.0
 40
133.0
 40
133.0
 40
133.0
 40
134.0
 40
134.0
 40
134.0
 40
135.0
 40
135.0
 40
135.0
 40
136.0
 40
136.0
 40
136.0
 40
137.0
 40
137.0
 40
137.0
 40
138.0
 40
138.0
 40
138.0
 40
139.0
 40
139.0
 40
139.0
 40
140.0
 40
140.0
 40
140.0
 40
141.0
 40
141.0
 40
141.0
 40
142.0
 40
142.0
 40
142.0
 40
143.0
 40
143.0
 40
143.0
 40
144.0
 40
144.0
 40
144.0
 40
145.0
 40
145.0
 40
145.0
 40
146.0
 40
146.0
 40
146.0
 40
147.0
 40
147.0
 40
147.0
 40
148.0
 40
148.0
 40
148.0
 40
149.0
 40
149.0
 40
149.0
 40
150.0
 40
150.0
 40
150.0
 40
151.0
 40
151.0
 40
151.0
 40
152.0
 40
152.0
 40
152.0
 40
153.0
 40
153.0
 40
153.0
 40
154.0
 40
154.0
 40
154.0
 40
155.0
 40
155.0
 40
155.0
 40
156.0
 40
156.0
 40
156.0
 40
157.0
 40
157.0
 40
157.0
 40
157.0
 10
147.9093522250176
 20
778.2393792703357
 30
0.0
 10
147.9093522250176
 20
778.2393792703357
 30
0.0
 10
147.0900301143786
 20
778.2393792703357
 30
0.0
 10
147.0900301143786
 20
778.2393792703357
 30
0.0
 10
147.0134007960495
 20
778.2688557749431
 30
0.0
 10
146.9328380792186
 20
778.2884987833039
 30
0.0
 10
146.8493492976512
 20
778.2993156291778
 30
0.0
 10
146.8493492976512
 20
778.2993156291778
 30
0.0
 10
138.7210532506606
 20
779.3416182632955
 30
0.0
 10
138.7210532506606
 20
779.3416182632955
 30
0.0
 10
138.7210532506606
 20
779.3416182632955
 30
0.0
 10
138.7210532506606
 20
780.5853396815537
 30
0.0
 10
138.7210532506606
 20
780.5853396815537
 30
0.0
 10
138.7210532506606
 20
780.8928163203651
 30
0.0
 10
138.5019821415442
 20
781.1502140807149
 30
0.0
 10
138.2131651614712
 20
781.2032669921883
 30
0.0
 10
138.2131651614712
 20
781.2032669921883
 30
0.0
 10
138.2131651614712
 20
782.2269099675667
 30
0.0
 10
138.2131651614712
 20
782.2269099675667
 30
0.0
 10
138.2131651614712
 20
782.4263380683223
 30
0.0
 10
138.1355524935159
 20
782.6129826239585
 30
0.0
 10
137.995053417841
 20
782.7544410651179
 30
0.0
 10
137.8535949766793
 20
782.8949161566562
 30
0.0
 10
137.6669504210469
 20
782.972528824611
 30
0.0
 10
137.4675223202905
 20
782.972528824611
 30
0.0
 10
137.0559065577895
 20
782.972528824611
 30
0.0
 10
136.7218794791077
 20
782.6385257300664
 30
0.0
 10
136.7218794791077
 20
782.2269099675667
 30
0.0
 10
136.7218794791077
 20
782.2269099675667
 30
0.0
 10
136.7218794791077
 20
781.2022596584239
 30
0.0
 10
136.7218794791077
 20
781.2022596584239
 30
0.0
 10
136.4301124501606
 20
781.1472640318414
 30
0.0
 10
136.2130080402928
 20
780.8908496211146
 30
0.0
 10
136.2130080402928
 20
780.5853396815537
 30
0.0
 10
136.2130080402928
 20
780.5853396815537
 30
0.0
 10
136.2130080402928
 20
779.5744562671632
 30
0.0
 10
136.2130080402928
 20
779.5744562671632
 30
0.0
 10
135.5872379168002
 20
779.4919268510831
 30
0.0
 10
135.0193894846273
 20
779.1844502122724
 30
0.0
 10
134.6048476573904
 20
778.7040479443058
 30
0.0
 10
134.6048476573904
 20
778.7040479443058
 30
0.0
 10
115.8529699140274
 20
756.9264273892682
 30
0.0
 10
115.8529699140274
 20
756.9264273892682
 30
0.0
 10
114.5277264134496
 20
755.386046178074
 30
0.0
 10
112.5383861381436
 20
754.6561129467518
 30
0.0
 10
110.5313695537294
 20
754.9734470659488
 30
0.0
 10
108.4477116589132
 20
755.3025334123697
 30
0.0
 10
104.189052282787
 20
755.9754803337204
 30
0.0
 10
98.90280454071036
 20
756.8085453549684
 30
0.0
 10
98.6464021220524
 20
757.5964242617464
 30
0.0
 10
98.77508901015995
 20
758.3332169563014
 30
0.0
 10
98.80849891326989
 20
758.4943184058255
 30
0.0
 10
98.80849891326989
 20
758.4943184058255
 30
0.0
 10
106.2393002744933
 20
766.5617187284821
 30
0.0
 10
106.2393002744933
 20
766.5617187284821
 30
0.0
 10
106.3119961943234
 20
766.6412741115518
 30
0.0
 10
106.3070914382678
 20
766.765056243604
 30
0.0
 10
106.2275120710632
 20
766.8387355130575
 30
0.0
 10
106.1479327038573
 20
766.9124147825128
 30
0.0
 10
106.0231672221807
 20
766.9075220185249
 30
0.0
 10
105.9494879527257
 20
766.827942651321
 30
0.0
 10
105.9494879527257
 20
766.827942651321
 30
0.0
 10
96.99796038073488
 20
757.108179180913
 30
0.0
 10
96.99796038073488
 20
757.108179180913
 30
0.0
 10
91.00537979833634
 20
758.0542094883409
 30
0.0
 10
83.95672968707302
 20
759.1633319286763
 30
0.0
 10
77.32657878568197
 20
760.2046751973052
 30
0.0
 10
76.90709622618446
 20
761.0966692436357
 30
0.0
 10
77.0613262203999
 20
762.0161970794641
 30
0.0
 10
77.10160757881596
 20
762.2136584809698
 30
0.0
 10
77.10160757881596
 20
762.2136584809698
 30
0.0
 10
84.10604293316541
 20
770.5423659783419
 30
0.0
 10
84.10604293316541
 20
770.5423659783419
 30
0.0
 10
84.17580079618975
 20
770.6258547599106
 30
0.0
 10
84.16596729994103
 20
770.7496368919616
 30
0.0
 10
84.08246652630513
 20
770.8193827629175
 30
0.0
 10
83.99896575266858
 20
770.8891286338727
 30
0.0
 10
83.87518362061854
 20
770.8783357721369
 30
0.0
 10
83.805437749662
 20
770.7958063560571
 30
0.0
 10
83.805437749662
 20
770.7958063560571
 30
0.0
 10
76.7764306467586
 20
762.4356796389613
 30
0.0
 10
76.7764306467586
 20
762.4356796389613
 30
0.0
 10
76.76856384975912
 20
762.4278128419653
 30
0.0
 10
76.7617043865221
 20
762.4199460449643
 30
0.0
 10
76.75580428877312
 20
762.4111198824754
 30
0.0
 10
76.75580428877312
 20
762.4111198824754
 30
0.0
 10
75.18201317446774
 20
760.5406449910973
 30
0.0
 10
75.18201317446774
 20
760.5406449910973
 30
0.0
 10
65.9357565325859
 20
761.9926206726038
 30
0.0
 10
57.84970854326058
 20
763.2539944158375
 30
0.0
 10
55.12357557339912
 20
763.6587507150995
 30
0.0
 10
52.74912200719228
 20
764.0114374525169
 30
0.0
 10
50.47194810143952
 20
764.2943543348418
 30
0.0
 10
48.31068953073795
 20
764.5045752973351
 30
0.0
 10
48.319539677363
 20
764.9564844103182
 30
0.0
 10
47.97078633844439
 20
765.3396070178333
 30
0.0
 10
47.51593916865453
 20
765.3681001728166
 30
0.0
 10
47.51593916865453
 20
765.3681001728166
 30
0.0
 10
45.99912237225126
 20
765.4614224506334
 30
0.0
 10
45.99912237225126
 20
765.4614224506334
 30
0.0
 10
45.50891059217034
 20
765.4918823048689
 30
0.0
 10
45.04719196707695
 20
765.2236916827815
 30
0.0
 10
44.82812085795766
 20
764.7884995134215
 30
0.0
 10
41.12843578324144
 20
765.0262302812757
 30
0.0
 10
37.84921661764992
 20
765.0232802324
 30
0.0
 10
35.09950724092787
 20
764.7747326186718
 30
0.0
 10
35.01600646729197
 20
764.766889805811
 30
0.0
 10
34.93348904328132
 20
764.7590230088119
 30
0.0
 10
34.8519429768262
 20
764.7511562118118
 30
0.0
 10
34.79300195967454
 20
764.7452561140625
 30
0.0
 10
34.73406094252385
 20
764.7393800004495
 30
0.0
 10
34.67609128292901
 20
764.7334799027005
 30
0.0
 10
34.67609128292901
 20
764.7334799027005
 30
0.0
 10
34.66431507156859
 20
764.732496553075
 30
0.0
 10
34.66431507156859
 20
764.732496553075
 30
0.0
 10
27.12839123703009
 20
763.0467235022178
 30
0.0
 10
18.26722989794768
 20
756.7633352563596
 30
0.0
 10
17.51963234958514
 20
756.2259946466966
 30
0.0
 10
17.50784414615468
 20
756.2181278496964
 30
0.0
 10
17.49900599159967
 20
756.2112444023229
 30
0.0
 10
17.49114519063409
 20
756.2063276541985
 30
0.0
 10
17.40567771774863
 20
756.1975014917091
 30
0.0
 10
17.30645534218317
 20
756.1866846458402
 30
0.0
 10
17.20330556415187
 20
756.174908434474
 30
0.0
 10
17.12667624582142
 20
756.1660582878525
 30
0.0
 10
17.04710287465103
 20
756.1562247916019
 30
0.0
 10
16.96851285310398
 20
756.147398629115
 30
0.0
 10
16.77596220368844
 20
756.1247815877415
 30
0.0
 10
16.57850080218117
 20
756.1002218312585
 30
0.0
 10
16.42819821042931
 20
756.0874622702705
 30
0.0
 10
14.85834049462335
 20
755.9440371298584
 30
0.0
 10
13.42011971579974
 20
755.8104215015591
 30
0.0
 10
12.0300351003213
 20
755.679779906272
 30
0.0
 10
9.680159278703297
 20
755.4587420979028
 30
0.0
 10
7.620089782817058
 20
755.2593139971469
 30
0.0
 10
5.732915935918985
 20
755.0716860918888
 30
0.0
 10
4.012749632326943
 20
754.9007271619812
 30
0.0
 10
1.7503079828449
 20
754.6718465407507
 30
0.0
 10
-0.4993681096172509
 20
754.419365528524
 30
0.0
 10
-1.497479970956584
 20
754.3083669415976
 30
0.0
 10
-2.262759824464328
 20
754.2179707285187
 30
0.0
 10
-2.980886864251516
 20
754.1275984995773
 30
0.0
 10
-3.13413950487818
 20
754.1079554912155
 30
0.0
 10
-3.287392145504203
 20
754.0912385475939
 30
0.0
 10
-3.438678086881959
 20
754.0735622384818
 30
0.0
 10
-4.092953357427679
 20
753.999882969025
 30
0.0
 10
-4.710874672023827
 20
753.930137098069
 30
0.0
 10
-5.336656787584915
 20
753.6894562813416
 30
0.0
 10
-5.740417745153837
 20
753.5342309454325
 30
0.0
 10
-6.138290597042229
 20
753.3397195928
 30
0.0
 10
-6.52338589984165
 20
753.1520916875395
 30
0.0
 10
-6.79059317230418
 20
753.020442758491
 30
0.0
 10
-7.067627944981841
 20
752.884860430942
 30
0.0
 10
-7.338768615944753
 20
752.767961746265
 30
0.0
 10
-7.373155872644133
 20
752.7532354860268
 30
0.0
 10
-7.407537133310256
 20
752.738509225791
 30
0.0
 10
-7.441918393975737
 20
752.7247423310422
 30
0.0
 10
-7.441918393975737
 20
752.7247423310422
 30
0.0
 10
-9.024553658870994
 20
769.6994674608435
 30
0.0
 10
-9.024553658870994
 20
769.6994674608435
 30
0.0
 10
-9.037325211925426
 20
769.8409259020058
 30
0.0
 10
-9.128686786527233
 20
769.9597912859331
 30
0.0
 10
-9.263273772383112
 20
770.0079274492796
 30
0.0
 10
-9.396877408614698
 20
770.056063612626
 30
0.0
 10
-9.543252597901358
 20
770.0236610432765
 30
0.0
 10
-9.643458323091757
 20
769.9224719684603
 30
0.0
 10
-9.643458323091757
 20
769.9224719684603
 30
0.0
 10
-9.833058923634093
 20
769.7328533798157
 30
0.0
 10
-9.833058923634093
 20
769.7328533798157
 30
0.0
 10
-10.05213003275145
 20
769.5147656203254
 30
0.0
 10
-10.16019655890711
 20
769.2122057296388
 30
0.0
 10
-10.13072005429787
 20
768.9047051066946
 30
0.0
 10
-9.97943411292011
 20
767.3318973420119
 30
0.0
 10
-9.486272283965993
 20
761.9395677611336
 30
0.0
 10
-9.515748788575882
 20
758.5689810249055
 30
0.0
 10
-9.539325195435838
 20
755.8457981039176
 30
0.0
 10
-9.530481044845963
 20
753.2454139653586
 30
0.0
 10
-9.52360359350628
 20
751.8857772120456
 30
0.0
 10
-9.553080098115847
 20
751.8730176510586
 30
0.0
 10
-9.581567257066258
 20
751.8592507563088
 30
0.0
 10
-9.611037765641926
 20
751.8455078456992
 30
0.0
 10
-10.27906194283375
 20
751.5301644098912
 30
0.0
 10
-10.95888031948962
 20
751.1480011678642
 30
0.0
 10
-11.7526473319481
 20
750.6420797779232
 30
0.0
 10
-12.09943397161619
 20
750.42202531918
 30
0.0
 10
-12.45014801374949
 20
750.190170664938
 30
0.0
 10
-12.79594530775908
 20
749.954406596336
 30
0.0
 10
-13.292057185588
 20
749.6154867536651
 30
0.0
 10
-13.56221450692533
 20
749.0555051184917
 30
0.0
 10
-13.51898909566998
 20
748.4542947514865
 30
0.0
 10
-13.47478033479001
 20
747.8540437499669
 30
0.0
 10
-13.12603299190658
 20
747.3392722133997
 30
0.0
 10
-12.58571834923063
 20
747.075998339437
 30
0.0
 10
-11.56992418274577
 20
746.5818531608572
 30
0.0
 10
-10.54529186170589
 20
746.182013609719
 30
0.0
 10
-9.52360359350628
 20
745.8824037679083
 30
0.0
 10
-9.530481044845963
 20
744.4923071603637
 30
0.0
 10
-9.538341845811223
 20
741.9665856408843
 30
0.0
 10
-9.515748788575882
 20
739.3249487863495
 30
0.0
 10
-9.486272283965993
 20
735.9543620501214
 30
0.0
 10
-9.97943411292011
 20
730.5620204771757
 30
0.0
 10
-10.13072005429787
 20
728.9901960621182
 30
0.0
 10
-10.16019655890711
 20
728.6817240816183
 30
0.0
 10
-10.05213003275145
 20
728.3801235564199
 30
0.0
 10
-9.833058923634093
 20
728.1610524473019
 30
0.0
 10
-9.833058923634093
 20
728.1610524473019
 30
0.0
 10
-9.643458323091757
 20
727.9714578427925
 30
0.0
 10
-9.643458323091757
 20
727.9714578427925
 30
0.0
 10
-9.57370645610164
 20
727.9017119718366
 30
0.0
 10
-9.482344881500474
 20
727.8643686702276
 30
0.0
 10
-9.388033258025144
 20
727.8643686702276
 30
0.0
 10
-9.345791196394403
 20
727.8643686702276
 30
0.0
 10
-9.304532484388597
 20
727.872235467227
 30
0.0
 10
-9.263273772383112
 20
727.8869617274622
 30
0.0
 10
-9.128686786527233
 20
727.9350978908113
 30
0.0
 10
-9.037325211925426
 20
728.0529919171814
 30
0.0
 10
-9.024553658870994
 20
728.1954457000345
 30
0.0
 10
-9.024553658870994
 20
728.1954457000345
 30
0.0
 10
-7.435040942635411
 20
745.2497262129061
 30
0.0
 10
-7.435040942635411
 20
745.2497262129061
 30
0.0
 10
-7.202214930838362
 20
745.0827246656331
 30
0.0
 10
-7.017525082386802
 20
744.853820060266
 30
0.0
 10
-6.905537149799843
 20
744.583662738929
 30
0.0
 10
-6.905537149799843
 20
744.583662738929
 30
0.0
 10
-4.865110662275427
 20
739.6461923199066
 30
0.0
 10
-4.865110662275427
 20
739.6461923199066
 30
0.0
 10
-4.478048660226136
 20
738.711914239707
 30
0.0
 10
-3.654805143157773
 20
738.0458747498681
 30
0.0
 10
-2.662593379568371
 20
737.8641229582212
 30
0.0
 10
-1.027894548862425
 20
737.564489132274
 30
0.0
 10
1.454607555396776
 20
737.1322470117892
 30
0.0
 10
3.590323019987558
 20
736.8561895927036
 30
0.0
 10
3.590323019987558
 20
736.8561895927036
 30
0.0
 10
3.590323019987558
 20
736.0909037431607
 30
0.0
 10
3.590323019987558
 20
736.0909037431607
 30
0.0
 10
3.590323019987558
 20
735.959278798248
 30
0.0
 10
3.664985639069092
 20
735.843339479057
 30
0.0
 10
3.784834372620348
 20
735.7893032179626
 30
0.0
 10
3.829043133499997
 20
735.7686768599784
 30
0.0
 10
3.876195947220552
 20
735.7588673478659
 30
0.0
 10
3.923354756976289
 20
735.7588673478659
 30
0.0
 10
4.000961428897125
 20
735.7588673478659
 30
0.0
 10
4.076607397601991
 20
735.7863771532253
 30
0.0
 10
4.139475817218524
 20
735.8403894301822
 30
0.0
 10
4.139475817218524
 20
735.8403894301822
 30
0.0
 10
5.114011271697901
 20
736.6832879476802
 30
0.0
 10
5.114011271697901
 20
736.6832879476802
 30
0.0
 10
5.677902321233812
 20
736.63023503621
 30
0.0
 10
6.183829707208782
 20
736.5968491172376
 30
0.0
 10
6.600368213867318
 20
736.5919323691136
 30
0.0
 10
6.67109743444815
 20
736.5909490194896
 30
0.0
 10
6.741832651063843
 20
736.5899656698634
 30
0.0
 10
6.812561871644675
 20
736.5899656698634
 30
0.0
 10
6.812561871644675
 20
736.5899656698634
 30
0.0
 10
6.028616363366468
 20
733.6103683381513
 30
0.0
 10
6.028616363366468
 20
733.6103683381513
 30
0.0
 10
6.028616363366468
 20
733.6103683381513
 30
0.0
 10
5.638604312443656
 20
733.6103683381513
 30
0.0
 10
5.638604312443656
 20
733.6103683381513
 30
0.0
 10
5.638604312443656
 20
733.6103683381513
 30
0.0
 10
5.249581607179037
 20
732.29889173232
 30
0.0
 10
5.249581607179037
 20
732.29889173232
 30
0.0
 10
5.16214743504307
 20
732.3037964883795
 30
0.0
 10
5.07372991328249
 20
732.3067345451832
 30
0.0
 10
4.985318387556129
 20
732.3067345451832
 30
0.0
 10
2.387878301835806
 20
732.3067345451832
 30
0.0
 10
0.275739244104981
 20
730.1936241298979
 30
0.0
 10
0.275739244104981
 20
727.5961780481414
 30
0.0
 10
0.275739244104981
 20
724.9997273080809
 30
0.0
 10
2.387878301835806
 20
722.8866049007238
 30
0.0
 10
4.985318387556129
 20
722.8866049007238
 30
0.0
 10
7.581775123651517
 20
722.8866049007238
 30
0.0
 10
9.69489753100824
 20
724.9997273080809
 30
0.0
 10
9.69489753100824
 20
727.5961780481414
 30
0.0
 10
9.69489753100824
 20
729.4617361913952
 30
0.0
 10
8.604440745442805
 20
731.0777753633645
 30
0.0
 10
7.028688927921452
 20
731.839127814409
 30
0.0
 10
7.028688927921452
 20
731.839127814409
 30
0.0
 10
7.374492217964294
 20
732.7556936092903
 30
0.0
 10
7.374492217964294
 20
732.7556936092903
 30
0.0
 10
7.374492217964294
 20
732.7556936092903
 30
0.0
 10
10.20770236832386
 20
733.3431610656862
 30
0.0
 10
10.20770236832386
 20
733.3431610656862
 30
0.0
 10
10.50831354786083
 20
733.4050641237817
 30
0.0
 10
10.73819550681826
 20
733.6408281923862
 30
0.0
 10
10.79419247112837
 20
733.9424287175839
 30
0.0
 10
10.85018343940522
 20
734.2489220067658
 30
0.0
 10
10.72247390488806
 20
734.54363908459
 30
0.0
 10
10.45919403489105
 20
734.7106406318625
 30
0.0
 10
10.45919403489105
 20
734.7106406318625
 30
0.0
 10
8.566126086277585
 20
735.9189854477631
 30
0.0
 10
8.566126086277585
 20
735.9189854477631
 30
0.0
 10
8.566126086277585
 20
735.9189854477631
 30
0.0
 10
8.809762947914699
 20
736.5634392141299
 30
0.0
 10
8.809762947914699
 20
736.5634392141299
 30
0.0
 10
9.584870301637253
 20
736.5526223682543
 30
0.0
 10
10.32559039865914
 20
736.5418295065182
 30
0.0
 10
10.98280972204545
 20
736.5319960102695
 30
0.0
 10
12.19213189153752
 20
736.5143197011591
 30
0.0
 10
13.14799569521157
 20
736.499593440924
 30
0.0
 10
13.47807738332582
 20
736.499593440924
 30
0.0
 10
13.80030426650839
 20
736.499593440924
 30
0.0
 10
14.16182316244657
 20
736.4032971300945
 30
0.0
 10
14.54299106278079
 20
736.3011486897924
 30
0.0
 10
14.94085791863528
 20
736.1940595172242
 30
0.0
 10
15.35247967716914
 20
736.0840202957864
 30
0.0
 10
15.78473378972302
 20
736.0604678730617
 30
0.0
 10
16.82115431419271
 20
736.0034815630925
 30
0.0
 10
32.25745893601394
 20
735.5397962387492
 30
0.0
 10
35.02189457297185
 20
735.5397962387492
 30
0.0
 10
37.23128930701956
 20
735.5397962387492
 30
0.0
 10
44.33102563050412
 20
735.323675178507
 30
0.0
 10
47.22612684688758
 20
735.2322956158015
 30
0.0
 10
47.22612684688758
 20
735.2322956158015
 30
0.0
 10
47.22612684688758
 20
731.6564046652035
 30
0.0
 10
47.22612684688758
 20
731.6564046652035
 30
0.0
 10
45.39692865561953
 20
731.0090008499667
 30
0.0
 10
44.08346136640085
 20
729.2632914402639
 30
0.0
 10
44.08346136640085
 20
727.2150221398753
 30
0.0
 10
44.08346136640085
 20
724.6185594077457
 30
0.0
 10
46.19658377375725
 20
722.5054370003893
 30
0.0
 10
48.7930465058875
 20
722.5054370003893
 30
0.0
 10
51.39049258764236
 20
722.5054370003893
 30
0.0
 10
53.50263164537255
 20
724.6185594077457
 30
0.0
 10
53.50263164537255
 20
727.2150221398753
 30
0.0
 10
53.50263164537255
 20
727.4006833458852
 30
0.0
 10
53.49181479949922
 20
727.5844018367791
 30
0.0
 10
53.4702050918885
 20
727.7651462946618
 30
0.0
 10
53.92995701773523
 20
728.0117272091392
 30
0.0
 10
54.3474728779832
 20
728.3712854018623
 30
0.0
 10
54.67166646041596
 20
728.8074729129163
 30
0.0
 10
54.96736688786375
 20
729.2053457648062
 30
0.0
 10
55.47918837555412
 20
730.1386165112447
 30
0.0
 10
55.3003986248512
 20
730.8233396439562
 30
0.0
 10
55.22770270502114
 20
731.1013517702252
 30
0.0
 10
55.05087965356906
 20
731.3047012774119
 30
0.0
 10
54.77482223448212
 20
731.4275000598384
 30
0.0
 10
54.32586317037279
 20
731.6269281605971
 30
0.0
 10
53.73741236435295
 20
731.6750643239413
 30
0.0
 10
52.97409321405957
 20
731.5738752491247
 30
0.0
 10
52.79824152016367
 20
731.550298842264
 30
0.0
 10
52.62141846870998
 20
731.6053184529844
 30
0.0
 10
52.48683148285507
 20
731.7251671865376
 30
0.0
 10
52.48683148285507
 20
731.7251671865376
 30
0.0
 10
51.27651996770255
 20
732.7998963741377
 30
0.0
 10
51.27651996770255
 20
732.7998963741377
 30
0.0
 10
51.27848666695211
 20
732.8038297726362
 30
0.0
 10
51.28143671582755
 20
732.8087465207605
 30
0.0
 10
51.28340341507742
 20
732.8126799192621
 30
0.0
 10
51.43764540136196
 20
733.0916753951549
 30
0.0
 10
51.70091927532699
 20
733.2596602920522
 30
0.0
 10
51.97894339366412
 20
733.4384500427535
 30
0.0
 10
52.27464382111032
 20
733.6280446472623
 30
0.0
 10
52.58113711029586
 20
733.8235633336562
 30
0.0
 10
52.75600545456683
 20
734.1644498755747
 30
0.0
 10
52.78941535767677
 20
734.2312456976555
 30
0.0
 10
52.86799938318769
 20
734.6870882091384
 30
0.0
 10
52.89354248929816
 20
734.8668493173994
 30
0.0
 10
52.90631404235258
 20
734.9601715952136
 30
0.0
 10
52.98097666143315
 20
735.0260080518077
 30
0.0
 10
53.07724898812446
 20
735.0269914014323
 30
0.0
 10
53.91129735899835
 20
735.021091303682
 30
0.0
 10
56.50481004225315
 20
735.0318841654198
 30
0.0
 10
56.53525790442017
 20
735.0318841654198
 30
0.0
 10
56.53525790442017
 20
735.0318841654198
 30
0.0
 10
59.94120925093749
 20
735.2087192089413
 30
0.0
 10
59.94120925093749
 20
735.2087192089413
 30
0.0
 10
59.94120925093749
 20
735.2087192089413
 30
0.0
 10
61.15544217251938
 20
734.5632820929515
 30
0.0
 10
61.15544217251938
 20
734.5632820929515
 30
0.0
 10
61.2792243045707
 20
734.4964862708688
 30
0.0
 10
61.41381129042722
 20
734.464083701522
 30
0.0
 10
61.54839827628342
 20
734.464083701522
 30
0.0
 10
61.69674016482059
 20
734.464083701522
 30
0.0
 10
61.84508205335552
 20
734.504353067868
 30
0.0
 10
61.9786856895871
 20
734.5839324350742
 30
0.0
 10
62.23213805937026
 20
734.7371670875968
 30
0.0
 10
62.38441334640686
 20
735.0043983441969
 30
0.0
 10
62.38441334640686
 20
735.3010821212681
 30
0.0
 10
62.38441334640686
 20
735.3010821212681
 30
0.0
 10
62.38441334640686
 20
735.3354513898684
 30
0.0
 10
62.38441334640686
 20
735.3354513898684
 30
0.0
 10
62.38441334640686
 20
735.3354513898684
 30
0.0
 10
72.8026668442731
 20
735.8767493821682
 30
0.0
 10
72.8026668442731
 20
735.8767493821682
 30
0.0
 10
72.8026668442731
 20
735.8767493821682
 30
0.0
 10
70.4685066285501
 20
732.9963744260223
 30
0.0
 10
70.4685066285501
 20
732.9963744260223
 30
0.0
 10
70.33293629306897
 20
732.8303562283738
 30
0.0
 10
70.31623134151481
 20
732.6112851192545
 30
0.0
 10
70.42233716445513
 20
732.4246285715546
 30
0.0
 10
70.51565944227195
 20
732.2635151299621
 30
0.0
 10
70.67774424142037
 20
732.170192852145
 30
0.0
 10
70.85752933381472
 20
732.170192852145
 30
0.0
 10
70.88503913917475
 20
732.170192852145
 30
0.0
 10
70.91156559490886
 20
732.1721595513961
 30
0.0
 10
70.93907540027081
 20
732.176092949895
 30
0.0
 10
70.93907540027081
 20
732.176092949895
 30
0.0
 10
71.20824937198289
 20
732.2173456658655
 30
0.0
 10
71.20824937198289
 20
732.2173456658655
 30
0.0
 10
71.33496956083961
 20
732.2369886742287
 30
0.0
 10
71.44991353833527
 20
732.3037964883795
 30
0.0
 10
71.5294929055402
 20
732.4049735711251
 30
0.0
 10
71.5294929055402
 20
732.4049735711251
 30
0.0
 10
74.3243883967339
 20
735.9563287493719
 30
0.0
 10
74.3243883967339
 20
735.9563287493719
 30
0.0
 10
74.3243883967339
 20
735.9563287493719
 30
0.0
 10
74.56998596158601
 20
735.9690883103592
 30
0.0
 10
74.56998596158601
 20
735.9690883103592
 30
0.0
 10
74.56998596158601
 20
735.9690883103592
 30
0.0
 10
128.4747180481921
 20
741.2199834342146
 30
0.0
 10
128.4747180481921
 20
741.2199834342146
 30
0.0
 10
129.073002350461
 20
740.8289700455631
 30
0.0
 10
130.4326151196365
 20
739.9742953167029
 30
0.0
 10
131.3049901417437
 20
739.4280805762776
 30
0.0
 10
131.4277889241698
 20
739.3514752420866
 30
0.0
 10
131.565313966833
 20
739.3141319404772
 30
0.0
 10
131.7008962943813
 20
739.3141319404772
 30
0.0
 10
131.9081672079991
 20
739.3141319404772
 30
0.0
 10
132.1125120568815
 20
739.4005947550545
 30
0.0
 10
132.2588872461679
 20
739.5656296030777
 30
0.0
 10
132.4828751034109
 20
739.8171032815425
 30
0.0
 10
132.5103849087715
 20
740.1884736618321
 30
0.0
 10
132.3256830682515
 20
740.4704071945324
 30
0.0
 10
132.3256830682515
 20
740.4704071945324
 30
0.0
 10
131.6350598377895
 20
741.5274600730218
 30
0.0
 10
131.6350598377895
 20
741.5274600730218
 30
0.0
 10
131.6350598377895
 20
741.5274600730218
 30
0.0
 10
137.6404239653119
 20
742.1129608301678
 30
0.0
 10
137.6404239653119
 20
742.1129608301678
 30
0.0
 10
138.7131864536617
 20
742.2170999538598
 30
0.0
 10
139.6228807932414
 20
742.9411091032937
 30
0.0
 10
139.9569078719245
 20
743.9588759650597
 30
0.0
 10
140.046296751241
 20
744.2309999856482
 30
0.0
 10
140.1199760206966
 20
744.5237503642209
 30
0.0
 10
140.1740122817917
 20
744.827293604531
 30
0.0
 10
140.2103482496373
 20
745.0355718519119
 30
0.0
 10
140.3842332442837
 20
745.1858804396992
 30
0.0
 10
140.5954615405388
 20
745.1937472366988
 30
0.0
 10
142.8362754943097
 20
745.2742859693924
 30
0.0
 10
146.6636880916438
 20
745.4933810626462
 30
0.0
 10
147.1312828303509
 20
746.0494053151814
 30
0.0
 10
147.1931858884448
 20
746.1221012350112
 30
0.0
 10
147.1981026365701
 20
746.1928304555952
 30
0.0
 10
147.1922025388205
 20
746.2389999196911
 30
0.0
 10
147.1637093838336
 20
746.44924486632
 30
0.0
 10
146.8522993465273
 20
746.7400285456412
 30
0.0
 10
144.6831739788259
 20
747.1241345027825
 30
0.0
 10
143.3854402836081
 20
747.3530391081486
 30
0.0
 10
141.8666687800221
 20
747.5377169645342
 30
0.0
 10
140.8204087632692
 20
747.6516656003342
 30
0.0
 10
140.6033043534026
 20
747.6752659913313
 30
0.0
 10
140.429419358755
 20
747.8462009371036
 30
0.0
 10
140.3989834886577
 20
748.0662553958468
 30
0.0
 10
140.2142816481371
 20
749.3924822460483
 30
0.0
 10
139.6268141917412
 20
750.1941040634391
 30
0.0
 10
139.4725722054554
 20
750.3846820175728
 30
0.0
 10
139.4725722054554
 20
750.3846820175728
 30
0.0
 10
147.4476335999207
 20
775.9975579828042
 30
0.0
 10
147.4476335999207
 20
775.9975579828042
 30
0.0
 10
147.4476335999207
 20
775.9975579828042
 30
0.0
 10
147.9093522250176
 20
775.9975579828042
 30
0.0
 10
147.9093522250176
 20
775.9975579828042
 30
0.0
 10
148.1549497898697
 20
775.9975579828042
 30
0.0
 10
148.3543778906262
 20
776.1969860835601
 30
0.0
 10
148.3543778906262
 20
776.4425836484113
 30
0.0
 10
148.3543778906262
 20
776.4425836484113
 30
0.0
 10
148.3543778906262
 20
777.7943536047248
 30
0.0
 10
148.3543778906262
 20
777.7943536047248
 30
0.0
 10
148.3543778906262
 20
778.039951169577
 30
0.0
 10
148.1549497898697
 20
778.2393792703357
 30
0.0
 10
147.9093522250176
 20
778.2393792703357
 30
0.0
  0
SPLINE
  5
45
330
1F
100
AcDbEntity
  8
Layer 1
370
     0
100
AcDbSpline
210
0.0
220
0.0
230
1.0
 70
    11
 71
     3
 72
    20
 73
    16
 74
     0
 42
0.0000000001
 43
0.0000000001
 12
1.0
 22
0.0
 32
0.0
 13
1.0
 23
0.0
 33
0.0
 40
0.0
 40
0.0
 40
0.0
 40
0.0
 40
1.0
 40
1.0
 40
1.0
 40
2.0
 40
2.0
 40
2.0
 40
3.0
 40
3.0
 40
3.0
 40
4.0
 40
4.0
 40
4.0
 40
5.0
 40
5.0
 40
5.0
 40
5.0
 10
10.19493081526878
 20
734.2970581701129
 30
0.0
 10
10.33148450037453
 20
734.2096359900451
 30
0.0
 10
10.31871294731914
 20
734.0711275977583
 30
0.0
 10
10.31085214635516
 20
734.0308342472754
 30
0.0
 10
10.3029973414238
 20
733.9905648809294
 30
0.0
 10
10.26664338547423
 20
733.8569492526277
 30
0.0
 10
10.10847999275775
 20
733.8235633336562
 30
0.0
 10
10.10847999275775
 20
733.8235633336562
 30
0.0
 10
7.579808424402288
 20
733.2999416504664
 30
0.0
 10
7.579808424402288
 20
733.2999416504664
 30
0.0
 10
7.579808424402288
 20
733.2999416504664
 30
0.0
 10
8.389297038790643
 20
735.4494000256697
 30
0.0
 10
8.389297038790643
 20
735.4494000256697
 30
0.0
 10
8.389297038790643
 20
735.4494000256697
 30
0.0
 10
10.19493081526878
 20
734.2970581701129
 30
0.0
 10
10.19493081526878
 20
734.2970581701129
 30
0.0
  0
SPLINE
  5
46
330
1F
100
AcDbEntity
  8
Layer 1
370
     0
100
AcDbSpline
210
0.0
220
0.0
230
1.0
 70
    11
 71
     3
 72
    20
 73
    16
 74
     0
 42
0.0000000001
 43
0.0000000001
 12
1.0
 22
0.0
 32
0.0
 13
1.0
 23
0.0
 33
0.0
 40
0.0
 40
0.0
 40
0.0
 40
0.0
 40
1.0
 40
1.0
 40
1.0
 40
2.0
 40
2.0
 40
2.0
 40
3.0
 40
3.0
 40
3.0
 40
4.0
 40
4.0
 40
4.0
 40
5.0
 40
5.0
 40
5.0
 40
5.0
 10
25.18031566976503
 20
752.9202370332999
 30
0.0
 10
22.37460333269769
 20
753.7208994852014
 30
0.0
 10
19.0865460125502
 20
755.3919222916849
 30
0.0
 10
17.7131663486269
 20
756.1238222222547
 30
0.0
 10
18.85470335037808
 20
756.9362608855175
 30
0.0
 10
27.40738671292276
 20
762.9052410769202
 30
0.0
 10
34.70163438903948
 20
764.5389685500677
 30
0.0
 10
34.70655113716415
 20
764.5399518996933
 30
0.0
 10
34.71245123491376
 20
764.5399518996933
 30
0.0
 10
34.71735599096904
 20
764.5409352493189
 30
0.0
 10
34.71735599096904
 20
764.5409352493189
 30
0.0
 10
27.94966805484794
 20
753.9674564155432
 30
0.0
 10
27.94966805484794
 20
753.9674564155432
 30
0.0
 10
27.35531715107753
 20
753.0381190676022
 30
0.0
 10
26.24228529637974
 20
752.6176531584775
 30
0.0
 10
25.18031566976503
 20
752.9202370332999
 30
0.0
  0
SPLINE
  5
47
330
1F
100
AcDbEntity
  8
Layer 1
370
     0
100
AcDbSpline
210
0.0
220
0.0
230
1.0
 70
    11
 71
     3
 72
    32
 73
    28
 74
     0
 42
0.0000000001
 43
0.0000000001
 12
1.0
 22
0.0
 32
0.0
 13
1.0
 23
0.0
 33
0.0
 40
0.0
 40
0.0
 40
0.0
 40
0.0
 40
1.0
 40
1.0
 40
1.0
 40
2.0
 40
2.0
 40
2.0
 40
3.0
 40
3.0
 40
3.0
 40
4.0
 40
4.0
 40
4.0
 40
5.0
 40
5.0
 40
5.0
 40
6.0
 40
6.0
 40
6.0
 40
7.0
 40
7.0
 40
7.0
 40
8.0
 40
8.0
 40
8.0
 40
9.0
 40
9.0
 40
9.0
 40
9.0
 10
47.67115251249813
 20
752.0527787593164
 30
0.0
 10
47.66721911399775
 20
751.9938497342355
 30
0.0
 10
47.61613290177777
 20
751.9466969205155
 30
0.0
 10
47.55720387669456
 20
751.950630319014
 30
0.0
 10
47.55720387669456
 20
751.950630319014
 30
0.0
 10
30.01170424998341
 20
752.8082550967479
 30
0.0
 10
30.01170424998341
 20
752.8082550967479
 30
0.0
 10
29.95571328170752
 20
752.8102217959973
 30
0.0
 10
29.93017017559673
 20
752.8495078127194
 30
0.0
 10
29.92133202104172
 20
752.8652174225789
 30
0.0
 10
29.91248187441827
 20
752.8819343662016
 30
0.0
 10
29.89480556530632
 20
752.925153781423
 30
0.0
 10
29.92428206991653
 20
752.97328994477
 30
0.0
 10
29.92428206991653
 20
752.97328994477
 30
0.0
 10
35.01502311766767
 20
761.3196737512534
 30
0.0
 10
35.01502311766767
 20
761.3196737512534
 30
0.0
 10
35.03663282527776
 20
761.3550503536113
 30
0.0
 10
35.07789753331779
 20
761.3746933619738
 30
0.0
 10
35.11816689966412
 20
761.3717433130971
 30
0.0
 10
35.11816689966412
 20
761.3717433130971
 30
0.0
 10
48.00516759910987
 20
760.1879582536828
 30
0.0
 10
48.00516759910987
 20
760.1879582536828
 30
0.0
 10
48.06410861626089
 20
760.1820581559313
 30
0.0
 10
48.10732803148202
 20
760.1319552933376
 30
0.0
 10
48.10438997467597
 20
760.0740096178793
 30
0.0
 10
48.10438997467597
 20
760.0740096178793
 30
0.0
 10
47.67115251249813
 20
752.0527787593164
 30
0.0
 10
47.67115251249813
 20
752.0527787593164
 30
0.0
  0
SPLINE
  5
48
330
1F
100
AcDbEntity
  8
Layer 1
370
     0
100
AcDbSpline
210
0.0
220
0.0
230
1.0
 70
    11
 71
     3
 72
    41
 73
    37
 74
     0
 42
0.0000000001
 43
0.0000000001
 12
1.0
 22
0.0
 32
0.0
 13
1.0
 23
0.0
 33
0.0
 40
0.0
 40
0.0
 40
0.0
 40
0.0
 40
1.0
 40
1.0
 40
1.0
 40
2.0
 40
2.0
 40
2.0
 40
3.0
 40
3.0
 40
3.0
 40
4.0
 40
4.0
 40
4.0
 40
5.0
 40
5.0
 40
5.0
 40
6.0
 40
6.0
 40
6.0
 40
7.0
 40
7.0
 40
7.0
 40
8.0
 40
8.0
 40
8.0
 40
9.0
 40
9.0
 40
9.0
 40
10.0
 40
10.0
 40
10.0
 40
11.0
 40
11.0
 40
11.0
 40
12.0
 40
12.0
 40
12.0
 40
12.0
 10
62.15649209066508
 20
757.5099614471656
 30
0.0
 10
62.15649209066508
 20
757.5099614471656
 30
0.0
 10
59.71918809294468
 20
751.7335019250103
 30
0.0
 10
59.71918809294468
 20
751.7335019250103
 30
0.0
 10
59.70149979176654
 20
751.6922492090376
 30
0.0
 10
59.66319712466944
 20
751.6667061029269
 30
0.0
 10
59.61899435982337
 20
751.6667061029269
 30
0.0
 10
59.61899435982337
 20
751.6667061029269
 30
0.0
 10
59.61604431094792
 20
751.6667061029269
 30
0.0
 10
59.61604431094792
 20
751.6667061029269
 30
0.0
 10
59.61604431094792
 20
751.6667061029269
 30
0.0
 10
49.38346401115721
 20
751.934896725017
 30
0.0
 10
49.38346401115721
 20
751.934896725017
 30
0.0
 10
49.35398750654829
 20
751.9358800746393
 30
0.0
 10
49.32747304288228
 20
751.9476802701398
 30
0.0
 10
49.30683469282773
 20
751.9692899777499
 30
0.0
 10
49.28717969239811
 20
751.9899163357344
 30
0.0
 10
49.27638683066071
 20
752.0184094907194
 30
0.0
 10
49.27737018028692
 20
752.0469026457063
 30
0.0
 10
49.27737018028692
 20
752.0469026457063
 30
0.0
 10
49.54654415199868
 20
759.7488326858213
 30
0.0
 10
49.54654415199868
 20
759.7488326858213
 30
0.0
 10
49.54752750162426
 20
759.7802758896806
 30
0.0
 10
49.56225376186141
 20
759.80874506053
 30
0.0
 10
49.58681351834662
 20
759.8293954026527
 30
0.0
 10
49.61137327483119
 20
759.8490384110127
 30
0.0
 10
49.6428164786903
 20
759.8569052080114
 30
0.0
 10
49.6742476904813
 20
759.851988459888
 30
0.0
 10
49.6742476904813
 20
759.851988459888
 30
0.0
 10
62.07594136590398
 20
757.6592866853277
 30
0.0
 10
62.07594136590398
 20
757.6592866853277
 30
0.0
 10
62.10835592732023
 20
757.6543699372037
 30
0.0
 10
62.13586573267801
 20
757.6337435792166
 30
0.0
 10
62.1525706842341
 20
757.6042670746076
 30
0.0
 10
62.16829228616398
 20
757.574814554134
 30
0.0
 10
62.17025898541321
 20
757.5414046510253
 30
0.0
 10
62.15649209066508
 20
757.5099614471656
 30
0.0
  0
SPLINE
  5
49
330
1F
100
AcDbEntity
  8
Layer 1
370
     0
100
AcDbSpline
210
0.0
220
0.0
230
1.0
 70
    11
 71
     3
 72
    14
 73
    10
 74
     0
 42
0.0000000001
 43
0.0000000001
 12
1.0
 22
0.0
 32
0.0
 13
1.0
 23
0.0
 33
0.0
 40
0.0
 40
0.0
 40
0.0
 40
0.0
 40
1.0
 40
1.0
 40
1.0
 40
2.0
 40
2.0
 40
2.0
 40
3.0
 40
3.0
 40
3.0
 40
3.0
 10
75.63587699463201
 20
760.4699157705197
 30
0.0
 10
75.63587699463201
 20
760.4699157705197
 30
0.0
 10
76.64479370977688
 20
761.670393789419
 30
0.0
 10
76.64479370977688
 20
761.670393789419
 30
0.0
 10
76.63202215672084
 20
761.2892138970177
 30
0.0
 10
76.67130817344288
 20
760.7901759544508
 30
0.0
 10
76.86484816851821
 20
760.277347132998
 30
0.0
 10
76.4532204139511
 20
760.3422002399667
 30
0.0
 10
76.043571350701
 20
760.4060460131731
 30
0.0
 10
75.63587699463201
 20
760.4699157705197
 30
0.0
  0
SPLINE
  5
4A
330
1F
100
AcDbEntity
  8
Layer 1
370
     0
100
AcDbSpline
210
0.0
220
0.0
230
1.0
 70
    11
 71
     3
 72
    14
 73
    10
 74
     0
 42
0.0000000001
 43
0.0000000001
 12
1.0
 22
0.0
 32
0.0
 13
1.0
 23
0.0
 33
0.0
 40
0.0
 40
0.0
 40
0.0
 40
0.0
 40
1.0
 40
1.0
 40
1.0
 40
2.0
 40
2.0
 40
2.0
 40
3.0
 40
3.0
 40
3.0
 40
3.0
 10
97.46361240433058
 20
757.0344999114584
 30
0.0
 10
97.46361240433058
 20
757.0344999114584
 30
0.0
 10
98.35266839385446
 20
758.0001732272465
 30
0.0
 10
98.35266839385446
 20
758.0001732272465
 30
0.0
 10
98.33891349117509
 20
757.6926965884351
 30
0.0
 10
98.35561844272958
 20
757.2967904357959
 30
0.0
 10
98.46662902172582
 20
756.8773078762987
 30
0.0
 10
98.13555199191853
 20
756.9293774381437
 30
0.0
 10
97.80154889737587
 20
756.9824303496134
 30
0.0
 10
97.46361240433058
 20
757.0344999114584
 30
0.0
  0
HATCH
  5
4B
330
1F
100
AcDbEntity
  8
Layer 1
 62
   250
420
  2236191
100
AcDbHatch
 10
0.0
 20
0.0
 30
0.0
210
0.0
220
0.0
230
1.0
  2
SOLID
 70
     1
 71
     0
 91
        7
 92
        1
 93
        1
 72
     4
 94
        3
 73
     0
 74
     1
 95
      476
 96
      472
 40
0.0
 40
0.0
 40
0.0
 40
0.0
 40
1.0
 40
1.0
 40
1.0
 40
2.0
 40
2.0
 40
2.0
 40
3.0
 40
3.0
 40
3.0
 40
4.0
 40
4.0
 40
4.0
 40
5.0
 40
5.0
 40
5.0
 40
6.0
 40
6.0
 40
6.0
 40
7.0
 40
7.0
 40
7.0
 40
8.0
 40
8.0
 40
8.0
 40
9.0
 40
9.0
 40
9.0
 40
10.0
 40
10.0
 40
10.0
 40
11.0
 40
11.0
 40
11.0
 40
12.0
 40
12.0
 40
12.0
 40
13.0
 40
13.0
 40
13.0
 40
14.0
 40
14.0
 40
14.0
 40
15.0
 40
15.0
 40
15.0
 40
16.0
 40
16.0
 40
16.0
 40
17.0
 40
17.0
 40
17.0
 40
18.0
 40
18.0
 40
18.0
 40
19.0
 40
19.0
 40
19.0
 40
20.0
 40
20.0
 40
20.0
 40
21.0
 40
21.0
 40
21.0
 40
22.0
 40
22.0
 40
22.0
 40
23.0
 40
23.0
 40
23.0
 40
24.0
 40
24.0
 40
24.0
 40
25.0
 40
25.0
 40
25.0
 40
26.0
 40
26.0
 40
26.0
 40
27.0
 40
27.0
 40
27.0
 40
28.0
 40
28.0
 40
28.0
 40
29.0
 40
29.0
 40
29.0
 40
30.0
 40
30.0
 40
30.0
 40
31.0
 40
31.0
 40
31.0
 40
32.0
 40
32.0
 40
32.0
 40
33.0
 40
33.0
 40
33.0
 40
34.0
 40
34.0
 40
34.0
 40
35.0
 40
35.0
 40
35.0
 40
36.0
 40
36.0
 40
36.0
 40
37.0
 40
37.0
 40
37.0
 40
38.0
 40
38.0
 40
38.0
 40
39.0
 40
39.0
 40
39.0
 40
40.0
 40
40.0
 40
40.0
 40
41.0
 40
41.0
 40
41.0
 40
42.0
 40
42.0
 40
42.0
 40
43.0
 40
43.0
 40
43.0
 40
44.0
 40
44.0
 40
44.0
 40
45.0
 40
45.0
 40
45.0
 40
46.0
 40
46.0
 40
46.0
 40
47.0
 40
47.0
 40
47.0
 40
48.0
 40
48.0
 40
48.0
 40
49.0
 40
49.0
 40
49.0
 40
50.0
 40
50.0
 40
50.0
 40
51.0
 40
51.0
 40
51.0
 40
52.0
 40
52.0
 40
52.0
 40
53.0
 40
53.0
 40
53.0
 40
54.0
 40
54.0
 40
54.0
 40
55.0
 40
55.0
 40
55.0
 40
56.0
 40
56.0
 40
56.0
 40
57.0
 40
57.0
 40
57.0
 40
58.0
 40
58.0
 40
58.0
 40
59.0
 40
59.0
 40
59.0
 40
60.0
 40
60.0
 40
60.0
 40
61.0
 40
61.0
 40
61.0
 40
62.0
 40
62.0
 40
62.0
 40
63.0
 40
63.0
 40
63.0
 40
64.0
 40
64.0
 40
64.0
 40
65.0
 40
65.0
 40
65.0
 40
66.0
 40
66.0
 40
66.0
 40
67.0
 40
67.0
 40
67.0
 40
68.0
 40
68.0
 40
68.0
 40
69.0
 40
69.0
 40
69.0
 40
70.0
 40
70.0
 40
70.0
 40
71.0
 40
71.0
 40
71.0
 40
72.0
 40
72.0
 40
72.0
 40
73.0
 40
73.0
 40
73.0
 40
74.0
 40
74.0
 40
74.0
 40
75.0
 40
75.0
 40
75.0
 40
76.0
 40
76.0
 40
76.0
 40
77.0
 40
77.0
 40
77.0
 40
78.0
 40
78.0
 40
78.0
 40
79.0
 40
79.0
 40
79.0
 40
80.0
 40
80.0
 40
80.0
 40
81.0
 40
81.0
 40
81.0
 40
82.0
 40
82.0
 40
82.0
 40
83.0
 40
83.0
 40
83.0
 40
84.0
 40
84.0
 40
84.0
 40
85.0
 40
85.0
 40
85.0
 40
86.0
 40
86.0
 40
86.0
 40
87.0
 40
87.0
 40
87.0
 40
88.0
 40
88.0
 40
88.0
 40
89.0
 40
89.0
 40
89.0
 40
90.0
 40
90.0
 40
90.0
 40
91.0
 40
91.0
 40
91.0
 40
92.0
 40
92.0
 40
92.0
 40
93.0
 40
93.0
 40
93.0
 40
94.0
 40
94.0
 40
94.0
 40
95.0
 40
95.0
 40
95.0
 40
96.0
 40
96.0
 40
96.0
 40
97.0
 40
97.0
 40
97.0
 40
98.0
 40
98.0
 40
98.0
 40
99.0
 40
99.0
 40
99.0
 40
100.0
 40
100.0
 40
100.0
 40
101.0
 40
101.0
 40
101.0
 40
102.0
 40
102.0
 40
102.0
 40
103.0
 40
103.0
 40
103.0
 40
104.0
 40
104.0
 40
104.0
 40
105.0
 40
105.0
 40
105.0
 40
106.0
 40
106.0
 40
106.0
 40
107.0
 40
107.0
 40
107.0
 40
108.0
 40
108.0
 40
108.0
 40
109.0
 40
109.0
 40
109.0
 40
110.0
 40
110.0
 40
110.0
 40
111.0
 40
111.0
 40
111.0
 40
112.0
 40
112.0
 40
112.0
 40
113.0
 40
113.0
 40
113.0
 40
114.0
 40
114.0
 40
114.0
 40
115.0
 40
115.0
 40
115.0
 40
116.0
 40
116.0
 40
116.0
 40
117.0
 40
117.0
 40
117.0
 40
118.0
 40
118.0
 40
118.0
 40
119.0
 40
119.0
 40
119.0
 40
120.0
 40
120.0
 40
120.0
 40
121.0
 40
121.0
 40
121.0
 40
122.0
 40
122.0
 40
122.0
 40
123.0
 40
123.0
 40
123.0
 40
124.0
 40
124.0
 40
124.0
 40
125.0
 40
125.0
 40
125.0
 40
126.0
 40
126.0
 40
126.0
 40
127.0
 40
127.0
 40
127.0
 40
128.0
 40
128.0
 40
128.0
 40
129.0
 40
129.0
 40
129.0
 40
130.0
 40
130.0
 40
130.0
 40
131.0
 40
131.0
 40
131.0
 40
132.0
 40
132.0
 40
132.0
 40
133.0
 40
133.0
 40
133.0
 40
134.0
 40
134.0
 40
134.0
 40
135.0
 40
135.0
 40
135.0
 40
136.0
 40
136.0
 40
136.0
 40
137.0
 40
137.0
 40
137.0
 40
138.0
 40
138.0
 40
138.0
 40
139.0
 40
139.0
 40
139.0
 40
140.0
 40
140.0
 40
140.0
 40
141.0
 40
141.0
 40
141.0
 40
142.0
 40
142.0
 40
142.0
 40
143.0
 40
143.0
 40
143.0
 40
144.0
 40
144.0
 40
144.0
 40
145.0
 40
145.0
 40
145.0
 40
146.0
 40
146.0
 40
146.0
 40
147.0
 40
147.0
 40
147.0
 40
148.0
 40
148.0
 40
148.0
 40
149.0
 40
149.0
 40
149.0
 40
150.0
 40
150.0
 40
150.0
 40
151.0
 40
151.0
 40
151.0
 40
152.0
 40
152.0
 40
152.0
 40
153.0
 40
153.0
 40
153.0
 40
154.0
 40
154.0
 40
154.0
 40
155.0
 40
155.0
 40
155.0
 40
156.0
 40
156.0
 40
156.0
 40
157.0
 40
157.0
 40
157.0
 40
157.0
 10
147.9093522250176
 20
778.2393792703357
 10
147.9093522250176
 20
778.2393792703357
 10
147.0900301143786
 20
778.2393792703357
 10
147.0900301143786
 20
778.2393792703357
 10
147.0134007960495
 20
778.2688557749431
 10
146.9328380792186
 20
778.2884987833039
 10
146.8493492976512
 20
778.2993156291778
 10
146.8493492976512
 20
778.2993156291778
 10
138.7210532506606
 20
779.3416182632955
 10
138.7210532506606
 20
779.3416182632955
 10
138.7210532506606
 20
779.3416182632955
 10
138.7210532506606
 20
780.5853396815537
 10
138.7210532506606
 20
780.5853396815537
 10
138.7210532506606
 20
780.8928163203651
 10
138.5019821415442
 20
781.1502140807149
 10
138.2131651614712
 20
781.2032669921883
 10
138.2131651614712
 20
781.2032669921883
 10
138.2131651614712
 20
782.2269099675667
 10
138.2131651614712
 20
782.2269099675667
 10
138.2131651614712
 20
782.4263380683223
 10
138.1355524935159
 20
782.6129826239585
 10
137.995053417841
 20
782.7544410651179
 10
137.8535949766793
 20
782.8949161566562
 10
137.6669504210469
 20
782.972528824611
 10
137.4675223202905
 20
782.972528824611
 10
137.0559065577895
 20
782.972528824611
 10
136.7218794791077
 20
782.6385257300664
 10
136.7218794791077
 20
782.2269099675667
 10
136.7218794791077
 20
782.2269099675667
 10
136.7218794791077
 20
781.2022596584239
 10
136.7218794791077
 20
781.2022596584239
 10
136.4301124501606
 20
781.1472640318414
 10
136.2130080402928
 20
780.8908496211146
 10
136.2130080402928
 20
780.5853396815537
 10
136.2130080402928
 20
780.5853396815537
 10
136.2130080402928
 20
779.5744562671632
 10
136.2130080402928
 20
779.5744562671632
 10
135.5872379168002
 20
779.4919268510831
 10
135.0193894846273
 20
779.1844502122724
 10
134.6048476573904
 20
778.7040479443058
 10
134.6048476573904
 20
778.7040479443058
 10
115.8529699140274
 20
756.9264273892682
 10
115.8529699140274
 20
756.9264273892682
 10
114.5277264134496
 20
755.386046178074
 10
112.5383861381436
 20
754.6561129467518
 10
110.5313695537294
 20
754.9734470659488
 10
108.4477116589132
 20
755.3025334123697
 10
104.189052282787
 20
755.9754803337204
 10
98.90280454071036
 20
756.8085453549684
 10
98.6464021220524
 20
757.5964242617464
 10
98.77508901015995
 20
758.3332169563014
 10
98.80849891326989
 20
758.4943184058255
 10
98.80849891326989
 20
758.4943184058255
 10
106.2393002744933
 20
766.5617187284821
 10
106.2393002744933
 20
766.5617187284821
 10
106.3119961943234
 20
766.6412741115518
 10
106.3070914382678
 20
766.765056243604
 10
106.2275120710632
 20
766.8387355130575
 10
106.1479327038573
 20
766.9124147825128
 10
106.0231672221807
 20
766.9075220185249
 10
105.9494879527257
 20
766.827942651321
 10
105.9494879527257
 20
766.827942651321
 10
96.99796038073488
 20
757.108179180913
 10
96.99796038073488
 20
757.108179180913
 10
91.00537979833634
 20
758.0542094883409
 10
83.95672968707302
 20
759.1633319286763
 10
77.32657878568197
 20
760.2046751973052
 10
76.90709622618446
 20
761.0966692436357
 10
77.0613262203999
 20
762.0161970794641
 10
77.10160757881596
 20
762.2136584809698
 10
77.10160757881596
 20
762.2136584809698
 10
84.10604293316541
 20
770.5423659783419
 10
84.10604293316541
 20
770.5423659783419
 10
84.17580079618975
 20
770.6258547599106
 10
84.16596729994103
 20
770.7496368919616
 10
84.08246652630513
 20
770.8193827629175
 10
83.99896575266858
 20
770.8891286338727
 10
83.87518362061854
 20
770.8783357721369
 10
83.805437749662
 20
770.7958063560571
 10
83.805437749662
 20
770.7958063560571
 10
76.7764306467586
 20
762.4356796389613
 10
76.7764306467586
 20
762.4356796389613
 10
76.76856384975912
 20
762.4278128419653
 10
76.7617043865221
 20
762.4199460449643
 10
76.75580428877312
 20
762.4111198824754
 10
76.75580428877312
 20
762.4111198824754
 10
75.18201317446774
 20
760.5406449910973
 10
75.18201317446774
 20
760.5406449910973
 10
65.9357565325859
 20
761.9926206726038
 10
57.84970854326058
 20
763.2539944158375
 10
55.12357557339912
 20
763.6587507150995
 10
52.74912200719228
 20
764.0114374525169
 10
50.47194810143952
 20
764.2943543348418
 10
48.31068953073795
 20
764.5045752973351
 10
48.319539677363
 20
764.9564844103182
 10
47.97078633844439
 20
765.3396070178333
 10
47.51593916865453
 20
765.3681001728166
 10
47.51593916865453
 20
765.3681001728166
 10
45.99912237225126
 20
765.4614224506334
 10
45.99912237225126
 20
765.4614224506334
 10
45.50891059217034
 20
765.4918823048689
 10
45.04719196707695
 20
765.2236916827815
 10
44.82812085795766
 20
764.7884995134215
 10
41.12843578324144
 20
765.0262302812757
 10
37.84921661764992
 20
765.0232802324
 10
35.09950724092787
 20
764.7747326186718
 10
35.01600646729197
 20
764.766889805811
 10
34.93348904328132
 20
764.7590230088119
 10
34.8519429768262
 20
764.7511562118118
 10
34.79300195967454
 20
764.7452561140625
 10
34.73406094252385
 20
764.7393800004495
 10
34.67609128292901
 20
764.7334799027005
 10
34.67609128292901
 20
764.7334799027005
 10
34.66431507156859
 20
764.732496553075
 10
34.66431507156859
 20
764.732496553075
 10
27.12839123703009
 20
763.0467235022178
 10
18.26722989794768
 20
756.7633352563596
 10
17.51963234958514
 20
756.2259946466966
 10
17.50784414615468
 20
756.2181278496964
 10
17.49900599159967
 20
756.2112444023229
 10
17.49114519063409
 20
756.2063276541985
 10
17.40567771774863
 20
756.1975014917091
 10
17.30645534218317
 20
756.1866846458402
 10
17.20330556415187
 20
756.174908434474
 10
17.12667624582142
 20
756.1660582878525
 10
17.04710287465103
 20
756.1562247916019
 10
16.96851285310398
 20
756.147398629115
 10
16.77596220368844
 20
756.1247815877415
 10
16.57850080218117
 20
756.1002218312585
 10
16.42819821042931
 20
756.0874622702705
 10
14.85834049462335
 20
755.9440371298584
 10
13.42011971579974
 20
755.8104215015591
 10
12.0300351003213
 20
755.679779906272
 10
9.680159278703297
 20
755.4587420979028
 10
7.620089782817058
 20
755.2593139971469
 10
5.732915935918985
 20
755.0716860918888
 10
4.012749632326943
 20
754.9007271619812
 10
1.7503079828449
 20
754.6718465407507
 10
-0.4993681096172509
 20
754.419365528524
 10
-1.497479970956584
 20
754.3083669415976
 10
-2.262759824464328
 20
754.2179707285187
 10
-2.980886864251516
 20
754.1275984995773
 10
-3.13413950487818
 20
754.1079554912155
 10
-3.287392145504203
 20
754.0912385475939
 10
-3.438678086881959
 20
754.0735622384818
 10
-4.092953357427679
 20
753.999882969025
 10
-4.710874672023827
 20
753.930137098069
 10
-5.336656787584915
 20
753.6894562813416
 10
-5.740417745153837
 20
753.5342309454325
 10
-6.138290597042229
 20
753.3397195928
 10
-6.52338589984165
 20
753.1520916875395
 10
-6.79059317230418
 20
753.020442758491
 10
-7.067627944981841
 20
752.884860430942
 10
-7.338768615944753
 20
752.767961746265
 10
-7.373155872644133
 20
752.7532354860268
 10
-7.407537133310256
 20
752.738509225791
 10
-7.441918393975737
 20
752.7247423310422
 10
-7.441918393975737
 20
752.7247423310422
 10
-9.024553658870994
 20
769.6994674608435
 10
-9.024553658870994
 20
769.6994674608435
 10
-9.037325211925426
 20
769.8409259020058
 10
-9.128686786527233
 20
769.9597912859331
 10
-9.263273772383112
 20
770.0079274492796
 10
-9.396877408614698
 20
770.056063612626
 10
-9.543252597901358
 20
770.0236610432765
 10
-9.643458323091757
 20
769.9224719684603
 10
-9.643458323091757
 20
769.9224719684603
 10
-9.833058923634093
 20
769.7328533798157
 10
-9.833058923634093
 20
769.7328533798157
 10
-10.05213003275145
 20
769.5147656203254
 10
-10.16019655890711
 20
769.2122057296388
 10
-10.13072005429787
 20
768.9047051066946
 10
-9.97943411292011
 20
767.3318973420119
 10
-9.486272283965993
 20
761.9395677611336
 10
-9.515748788575882
 20
758.5689810249055
 10
-9.539325195435838
 20
755.8457981039176
 10
-9.530481044845963
 20
753.2454139653586
 10
-9.52360359350628
 20
751.8857772120456
 10
-9.553080098115847
 20
751.8730176510586
 10
-9.581567257066258
 20
751.8592507563088
 10
-9.611037765641926
 20
751.8455078456992
 10
-10.27906194283375
 20
751.5301644098912
 10
-10.95888031948962
 20
751.1480011678642
 10
-11.7526473319481
 20
750.6420797779232
 10
-12.09943397161619
 20
750.42202531918
 10
-12.45014801374949
 20
750.190170664938
 10
-12.79594530775908
 20
749.954406596336
 10
-13.292057185588
 20
749.6154867536651
 10
-13.56221450692533
 20
749.0555051184917
 10
-13.51898909566998
 20
748.4542947514865
 10
-13.47478033479001
 20
747.8540437499669
 10
-13.12603299190658
 20
747.3392722133997
 10
-12.58571834923063
 20
747.075998339437
 10
-11.56992418274577
 20
746.5818531608572
 10
-10.54529186170589
 20
746.182013609719
 10
-9.52360359350628
 20
745.8824037679083
 10
-9.530481044845963
 20
744.4923071603637
 10
-9.538341845811223
 20
741.9665856408843
 10
-9.515748788575882
 20
739.3249487863495
 10
-9.486272283965993
 20
735.9543620501214
 10
-9.97943411292011
 20
730.5620204771757
 10
-10.13072005429787
 20
728.9901960621182
 10
-10.16019655890711
 20
728.6817240816183
 10
-10.05213003275145
 20
728.3801235564199
 10
-9.833058923634093
 20
728.1610524473019
 10
-9.833058923634093
 20
728.1610524473019
 10
-9.643458323091757
 20
727.9714578427925
 10
-9.643458323091757
 20
727.9714578427925
 10
-9.57370645610164
 20
727.9017119718366
 10
-9.482344881500474
 20
727.8643686702276
 10
-9.388033258025144
 20
727.8643686702276
 10
-9.345791196394403
 20
727.8643686702276
 10
-9.304532484388597
 20
727.872235467227
 10
-9.263273772383112
 20
727.8869617274622
 10
-9.128686786527233
 20
727.9350978908113
 10
-9.037325211925426
 20
728.0529919171814
 10
-9.024553658870994
 20
728.1954457000345
 10
-9.024553658870994
 20
728.1954457000345
 10
-7.435040942635411
 20
745.2497262129061
 10
-7.435040942635411
 20
745.2497262129061
 10
-7.202214930838362
 20
745.0827246656331
 10
-7.017525082386802
 20
744.853820060266
 10
-6.905537149799843
 20
744.583662738929
 10
-6.905537149799843
 20
744.583662738929
 10
-4.865110662275427
 20
739.6461923199066
 10
-4.865110662275427
 20
739.6461923199066
 10
-4.478048660226136
 20
738.711914239707
 10
-3.654805143157773
 20
738.0458747498681
 10
-2.662593379568371
 20
737.8641229582212
 10
-1.027894548862425
 20
737.564489132274
 10
1.454607555396776
 20
737.1322470117892
 10
3.590323019987558
 20
736.8561895927036
 10
3.590323019987558
 20
736.8561895927036
 10
3.590323019987558
 20
736.0909037431607
 10
3.590323019987558
 20
736.0909037431607
 10
3.590323019987558
 20
735.959278798248
 10
3.664985639069092
 20
735.843339479057
 10
3.784834372620348
 20
735.7893032179626
 10
3.829043133499997
 20
735.7686768599784
 10
3.876195947220552
 20
735.7588673478659
 10
3.923354756976289
 20
735.7588673478659
 10
4.000961428897125
 20
735.7588673478659
 10
4.076607397601991
 20
735.7863771532253
 10
4.139475817218524
 20
735.8403894301822
 10
4.139475817218524
 20
735.8403894301822
 10
5.114011271697901
 20
736.6832879476802
 10
5.114011271697901
 20
736.6832879476802
 10
5.677902321233812
 20
736.63023503621
 10
6.183829707208782
 20
736.5968491172376
 10
6.600368213867318
 20
736.5919323691136
 10
6.67109743444815
 20
736.5909490194896
 10
6.741832651063843
 20
736.5899656698634
 10
6.812561871644675
 20
736.5899656698634
 10
6.812561871644675
 20
736.5899656698634
 10
6.028616363366468
 20
733.6103683381513
 10
6.028616363366468
 20
733.6103683381513
 10
6.028616363366468
 20
733.6103683381513
 10
5.638604312443656
 20
733.6103683381513
 10
5.638604312443656
 20
733.6103683381513
 10
5.638604312443656
 20
733.6103683381513
 10
5.249581607179037
 20
732.29889173232
 10
5.249581607179037
 20
732.29889173232
 10
5.16214743504307
 20
732.3037964883795
 10
5.07372991328249
 20
732.3067345451832
 10
4.985318387556129
 20
732.3067345451832
 10
2.387878301835806
 20
732.3067345451832
 10
0.275739244104981
 20
730.1936241298979
 10
0.275739244104981
 20
727.5961780481414
 10
0.275739244104981
 20
724.9997273080809
 10
2.387878301835806
 20
722.8866049007238
 10
4.985318387556129
 20
722.8866049007238
 10
7.581775123651517
 20
722.8866049007238
 10
9.69489753100824
 20
724.9997273080809
 10
9.69489753100824
 20
727.5961780481414
 10
9.69489753100824
 20
729.4617361913952
 10
8.604440745442805
 20
731.0777753633645
 10
7.028688927921452
 20
731.839127814409
 10
7.028688927921452
 20
731.839127814409
 10
7.374492217964294
 20
732.7556936092903
 10
7.374492217964294
 20
732.7556936092903
 10
7.374492217964294
 20
732.7556936092903
 10
10.20770236832386
 20
733.3431610656862
 10
10.20770236832386
 20
733.3431610656862
 10
10.50831354786083
 20
733.4050641237817
 10
10.73819550681826
 20
733.6408281923862
 10
10.79419247112837
 20
733.9424287175839
 10
10.85018343940522
 20
734.2489220067658
 10
10.72247390488806
 20
734.54363908459
 10
10.45919403489105
 20
734.7106406318625
 10
10.45919403489105
 20
734.7106406318625
 10
8.566126086277585
 20
735.9189854477631
 10
8.566126086277585
 20
735.9189854477631
 10
8.566126086277585
 20
735.9189854477631
 10
8.809762947914699
 20
736.5634392141299
 10
8.809762947914699
 20
736.5634392141299
 10
9.584870301637253
 20
736.5526223682543
 10
10.32559039865914
 20
736.5418295065182
 10
10.98280972204545
 20
736.5319960102695
 10
12.19213189153752
 20
736.5143197011591
 10
13.14799569521157
 20
736.499593440924
 10
13.47807738332582
 20
736.499593440924
 10
13.80030426650839
 20
736.499593440924
 10
14.16182316244657
 20
736.4032971300945
 10
14.54299106278079
 20
736.3011486897924
 10
14.94085791863528
 20
736.1940595172242
 10
15.35247967716914
 20
736.0840202957864
 10
15.78473378972302
 20
736.0604678730617
 10
16.82115431419271
 20
736.0034815630925
 10
32.25745893601394
 20
735.5397962387492
 10
35.02189457297185
 20
735.5397962387492
 10
37.23128930701956
 20
735.5397962387492
 10
44.33102563050412
 20
735.323675178507
 10
47.22612684688758
 20
735.2322956158015
 10
47.22612684688758
 20
735.2322956158015
 10
47.22612684688758
 20
731.6564046652035
 10
47.22612684688758
 20
731.6564046652035
 10
45.39692865561953
 20
731.0090008499667
 10
44.08346136640085
 20
729.2632914402639
 10
44.08346136640085
 20
727.2150221398753
 10
44.08346136640085
 20
724.6185594077457
 10
46.19658377375725
 20
722.5054370003893
 10
48.7930465058875
 20
722.5054370003893
 10
51.39049258764236
 20
722.5054370003893
 10
53.50263164537255
 20
724.6185594077457
 10
53.50263164537255
 20
727.2150221398753
 10
53.50263164537255
 20
727.4006833458852
 10
53.49181479949922
 20
727.5844018367791
 10
53.4702050918885
 20
727.7651462946618
 10
53.92995701773523
 20
728.0117272091392
 10
54.3474728779832
 20
728.3712854018623
 10
54.67166646041596
 20
728.8074729129163
 10
54.96736688786375
 20
729.2053457648062
 10
55.47918837555412
 20
730.1386165112447
 10
55.3003986248512
 20
730.8233396439562
 10
55.22770270502114
 20
731.1013517702252
 10
55.05087965356906
 20
731.3047012774119
 10
54.77482223448212
 20
731.4275000598384
 10
54.32586317037279
 20
731.6269281605971
 10
53.73741236435295
 20
731.6750643239413
 10
52.97409321405957
 20
731.5738752491247
 10
52.79824152016367
 20
731.550298842264
 10
52.62141846870998
 20
731.6053184529844
 10
52.48683148285507
 20
731.7251671865376
 10
52.48683148285507
 20
731.7251671865376
 10
51.27651996770255
 20
732.7998963741377
 10
51.27651996770255
 20
732.7998963741377
 10
51.27848666695211
 20
732.8038297726362
 10
51.28143671582755
 20
732.8087465207605
 10
51.28340341507742
 20
732.8126799192621
 10
51.43764540136196
 20
733.0916753951549
 10
51.70091927532699
 20
733.2596602920522
 10
51.97894339366412
 20
733.4384500427535
 10
52.27464382111032
 20
733.6280446472623
 10
52.58113711029586
 20
733.8235633336562
 10
52.75600545456683
 20
734.1644498755747
 10
52.78941535767677
 20
734.2312456976555
 10
52.86799938318769
 20
734.6870882091384
 10
52.89354248929816
 20
734.8668493173994
 10
52.90631404235258
 20
734.9601715952136
 10
52.98097666143315
 20
735.0260080518077
 10
53.07724898812446
 20
735.0269914014323
 10
53.91129735899835
 20
735.021091303682
 10
56.50481004225315
 20
735.0318841654198
 10
56.53525790442017
 20
735.0318841654198
 10
56.53525790442017
 20
735.0318841654198
 10
59.94120925093749
 20
735.2087192089413
 10
59.94120925093749
 20
735.2087192089413
 10
59.94120925093749
 20
735.2087192089413
 10
61.15544217251938
 20
734.5632820929515
 10
61.15544217251938
 20
734.5632820929515
 10
61.2792243045707
 20
734.4964862708688
 10
61.41381129042722
 20
734.464083701522
 10
61.54839827628342
 20
734.464083701522
 10
61.69674016482059
 20
734.464083701522
 10
61.84508205335552
 20
734.504353067868
 10
61.9786856895871
 20
734.5839324350742
 10
62.23213805937026
 20
734.7371670875968
 10
62.38441334640686
 20
735.0043983441969
 10
62.38441334640686
 20
735.3010821212681
 10
62.38441334640686
 20
735.3010821212681
 10
62.38441334640686
 20
735.3354513898684
 10
62.38441334640686
 20
735.3354513898684
 10
62.38441334640686
 20
735.3354513898684
 10
72.8026668442731
 20
735.8767493821682
 10
72.8026668442731
 20
735.8767493821682
 10
72.8026668442731
 20
735.8767493821682
 10
70.4685066285501
 20
732.9963744260223
 10
70.4685066285501
 20
732.9963744260223
 10
70.33293629306897
 20
732.8303562283738
 10
70.31623134151481
 20
732.6112851192545
 10
70.42233716445513
 20
732.4246285715546
 10
70.51565944227195
 20
732.2635151299621
 10
70.67774424142037
 20
732.170192852145
 10
70.85752933381472
 20
732.170192852145
 10
70.88503913917475
 20
732.170192852145
 10
70.91156559490886
 20
732.1721595513961
 10
70.93907540027081
 20
732.176092949895
 10
70.93907540027081
 20
732.176092949895
 10
71.20824937198289
 20
732.2173456658655
 10
71.20824937198289
 20
732.2173456658655
 10
71.33496956083961
 20
732.2369886742287
 10
71.44991353833527
 20
732.3037964883795
 10
71.5294929055402
 20
732.4049735711251
 10
71.5294929055402
 20
732.4049735711251
 10
74.3243883967339
 20
735.9563287493719
 10
74.3243883967339
 20
735.9563287493719
 10
74.3243883967339
 20
735.9563287493719
 10
74.56998596158601
 20
735.9690883103592
 10
74.56998596158601
 20
735.9690883103592
 10
74.56998596158601
 20
735.9690883103592
 10
128.4747180481921
 20
741.2199834342146
 10
128.4747180481921
 20
741.2199834342146
 10
129.073002350461
 20
740.8289700455631
 10
130.4326151196365
 20
739.9742953167029
 10
131.3049901417437
 20
739.4280805762776
 10
131.4277889241698
 20
739.3514752420866
 10
131.565313966833
 20
739.3141319404772
 10
131.7008962943813
 20
739.3141319404772
 10
131.9081672079991
 20
739.3141319404772
 10
132.1125120568815
 20
739.4005947550545
 10
132.2588872461679
 20
739.5656296030777
 10
132.4828751034109
 20
739.8171032815425
 10
132.5103849087715
 20
740.1884736618321
 10
132.3256830682515
 20
740.4704071945324
 10
132.3256830682515
 20
740.4704071945324
 10
131.6350598377895
 20
741.5274600730218
 10
131.6350598377895
 20
741.5274600730218
 10
131.6350598377895
 20
741.5274600730218
 10
137.6404239653119
 20
742.1129608301678
 10
137.6404239653119
 20
742.1129608301678
 10
138.7131864536617
 20
742.2170999538598
 10
139.6228807932414
 20
742.9411091032937
 10
139.9569078719245
 20
743.9588759650597
 10
140.046296751241
 20
744.2309999856482
 10
140.1199760206966
 20
744.5237503642209
 10
140.1740122817917
 20
744.827293604531
 10
140.2103482496373
 20
745.0355718519119
 10
140.3842332442837
 20
745.1858804396992
 10
140.5954615405388
 20
745.1937472366988
 10
142.8362754943097
 20
745.2742859693924
 10
146.6636880916438
 20
745.4933810626462
 10
147.1312828303509
 20
746.0494053151814
 10
147.1931858884448
 20
746.1221012350112
 10
147.1981026365701
 20
746.1928304555952
 10
147.1922025388205
 20
746.2389999196911
 10
147.1637093838336
 20
746.44924486632
 10
146.8522993465273
 20
746.7400285456412
 10
144.6831739788259
 20
747.1241345027825
 10
143.3854402836081
 20
747.3530391081486
 10
141.8666687800221
 20
747.5377169645342
 10
140.8204087632692
 20
747.6516656003342
 10
140.6033043534026
 20
747.6752659913313
 10
140.429419358755
 20
747.8462009371036
 10
140.3989834886577
 20
748.0662553958468
 10
140.2142816481371
 20
749.3924822460483
 10
139.6268141917412
 20
750.1941040634391
 10
139.4725722054554
 20
750.3846820175728
 10
139.4725722054554
 20
750.3846820175728
 10
147.4476335999207
 20
775.9975579828042
 10
147.4476335999207
 20
775.9975579828042
 10
147.4476335999207
 20
775.9975579828042
 10
147.9093522250176
 20
775.9975579828042
 10
147.9093522250176
 20
775.9975579828042
 10
148.1549497898697
 20
775.9975579828042
 10
148.3543778906262
 20
776.1969860835601
 10
148.3543778906262
 20
776.4425836484113
 10
148.3543778906262
 20
776.4425836484113
 10
148.3543778906262
 20
777.7943536047248
 10
148.3543778906262
 20
777.7943536047248
 10
148.3543778906262
 20
778.039951169577
 10
148.1549497898697
 20
778.2393792703357
 10
147.9093522250176
 20
778.2393792703357
 97
        0
 97
        0
 92
        1
 93
        1
 72
     4
 94
        3
 73
     0
 74
     1
 95
       20
 96
       16
 40
0.0
 40
0.0
 40
0.0
 40
0.0
 40
1.0
 40
1.0
 40
1.0
 40
2.0
 40
2.0
 40
2.0
 40
3.0
 40
3.0
 40
3.0
 40
4.0
 40
4.0
 40
4.0
 40
5.0
 40
5.0
 40
5.0
 40
5.0
 10
10.19493081526878
 20
734.2970581701129
 10
10.33148450037453
 20
734.2096359900451
 10
10.31871294731914
 20
734.0711275977583
 10
10.31085214635516
 20
734.0308342472754
 10
10.3029973414238
 20
733.9905648809294
 10
10.26664338547423
 20
733.8569492526277
 10
10.10847999275775
 20
733.8235633336562
 10
10.10847999275775
 20
733.8235633336562
 10
7.579808424402288
 20
733.2999416504664
 10
7.579808424402288
 20
733.2999416504664
 10
7.579808424402288
 20
733.2999416504664
 10
8.389297038790643
 20
735.4494000256697
 10
8.389297038790643
 20
735.4494000256697
 10
8.389297038790643
 20
735.4494000256697
 10
10.19493081526878
 20
734.2970581701129
 10
10.19493081526878
 20
734.2970581701129
 97
        0
 97
        0
 92
        1
 93
        1
 72
     4
 94
        3
 73
     0
 74
     1
 95
       20
 96
       16
 40
0.0
 40
0.0
 40
0.0
 40
0.0
 40
1.0
 40
1.0
 40
1.0
 40
2.0
 40
2.0
 40
2.0
 40
3.0
 40
3.0
 40
3.0
 40
4.0
 40
4.0
 40
4.0
 40
5.0
 40
5.0
 40
5.0
 40
5.0
 10
25.18031566976503
 20
752.9202370332999
 10
22.37460333269769
 20
753.7208994852014
 10
19.0865460125502
 20
755.3919222916849
 10
17.7131663486269
 20
756.1238222222547
 10
18.85470335037808
 20
756.9362608855175
 10
27.40738671292276
 20
762.9052410769202
 10
34.70163438903948
 20
764.5389685500677
 10
34.70655113716415
 20
764.5399518996933
 10
34.71245123491376
 20
764.5399518996933
 10
34.71735599096904
 20
764.5409352493189
 10
34.71735599096904
 20
764.5409352493189
 10
27.94966805484794
 20
753.9674564155432
 10
27.94966805484794
 20
753.9674564155432
 10
27.35531715107753
 20
753.0381190676022
 10
26.24228529637974
 20
752.6176531584775
 10
25.18031566976503
 20
752.9202370332999
 97
        0
 97
        0
 92
        1
 93
        1
 72
     4
 94
        3
 73
     0
 74
     1
 95
       32
 96
       28
 40
0.0
 40
0.0
 40
0.0
 40
0.0
 40
1.0
 40
1.0
 40
1.0
 40
2.0
 40
2.0
 40
2.0
 40
3.0
 40
3.0
 40
3.0
 40
4.0
 40
4.0
 40
4.0
 40
5.0
 40
5.0
 40
5.0
 40
6.0
 40
6.0
 40
6.0
 40
7.0
 40
7.0
 40
7.0
 40
8.0
 40
8.0
 40
8.0
 40
9.0
 40
9.0
 40
9.0
 40
9.0
 10
47.67115251249813
 20
752.0527787593164
 10
47.66721911399775
 20
751.9938497342355
 10
47.61613290177777
 20
751.9466969205155
 10
47.55720387669456
 20
751.950630319014
 10
47.55720387669456
 20
751.950630319014
 10
30.01170424998341
 20
752.8082550967479
 10
30.01170424998341
 20
752.8082550967479
 10
29.95571328170752
 20
752.8102217959973
 10
29.93017017559673
 20
752.8495078127194
 10
29.92133202104172
 20
752.8652174225789
 10
29.91248187441827
 20
752.8819343662016
 10
29.89480556530632
 20
752.925153781423
 10
29.92428206991653
 20
752.97328994477
 10
29.92428206991653
 20
752.97328994477
 10
35.01502311766767
 20
761.3196737512534
 10
35.01502311766767
 20
761.3196737512534
 10
35.03663282527776
 20
761.3550503536113
 10
35.07789753331779
 20
761.3746933619738
 10
35.11816689966412
 20
761.3717433130971
 10
35.11816689966412
 20
761.3717433130971
 10
48.00516759910987
 20
760.1879582536828
 10
48.00516759910987
 20
760.1879582536828
 10
48.06410861626089
 20
760.1820581559313
 10
48.10732803148202
 20
760.1319552933376
 10
48.10438997467597
 20
760.0740096178793
 10
48.10438997467597
 20
760.0740096178793
 10
47.67115251249813
 20
752.0527787593164
 10
47.67115251249813
 20
752.0527787593164
 97
        0
 97
        0
 92
        1
 93
        1
 72
     4
 94
        3
 73
     0
 74
     1
 95
       41
 96
       37
 40
0.0
 40
0.0
 40
0.0
 40
0.0
 40
1.0
 40
1.0
 40
1.0
 40
2.0
 40
2.0
 40
2.0
 40
3.0
 40
3.0
 40
3.0
 40
4.0
 40
4.0
 40
4.0
 40
5.0
 40
5.0
 40
5.0
 40
6.0
 40
6.0
 40
6.0
 40
7.0
 40
7.0
 40
7.0
 40
8.0
 40
8.0
 40
8.0
 40
9.0
 40
9.0
 40
9.0
 40
10.0
 40
10.0
 40
10.0
 40
11.0
 40
11.0
 40
11.0
 40
12.0
 40
12.0
 40
12.0
 40
12.0
 10
62.15649209066508
 20
757.5099614471656
 10
62.15649209066508
 20
757.5099614471656
 10
59.71918809294468
 20
751.7335019250103
 10
59.71918809294468
 20
751.7335019250103
 10
59.70149979176654
 20
751.6922492090376
 10
59.66319712466944
 20
751.6667061029269
 10
59.61899435982337
 20
751.6667061029269
 10
59.61899435982337
 20
751.6667061029269
 10
59.61604431094792
 20
751.6667061029269
 10
59.61604431094792
 20
751.6667061029269
 10
59.61604431094792
 20
751.6667061029269
 10
49.38346401115721
 20
751.934896725017
 10
49.38346401115721
 20
751.934896725017
 10
49.35398750654829
 20
751.9358800746393
 10
49.32747304288228
 20
751.9476802701398
 10
49.30683469282773
 20
751.9692899777499
 10
49.28717969239811
 20
751.9899163357344
 10
49.27638683066071
 20
752.0184094907194
 10
49.27737018028692
 20
752.0469026457063
 10
49.27737018028692
 20
752.0469026457063
 10
49.54654415199868
 20
759.7488326858213
 10
49.54654415199868
 20
759.7488326858213
 10
49.54752750162426
 20
759.7802758896806
 10
49.56225376186141
 20
759.80874506053
 10
49.58681351834662
 20
759.8293954026527
 10
49.61137327483119
 20
759.8490384110127
 10
49.6428164786903
 20
759.8569052080114
 10
49.6742476904813
 20
759.851988459888
 10
49.6742476904813
 20
759.851988459888
 10
62.07594136590398
 20
757.6592866853277
 10
62.07594136590398
 20
757.6592866853277
 10
62.10835592732023
 20
757.6543699372037
 10
62.13586573267801
 20
757.6337435792166
 10
62.1525706842341
 20
757.6042670746076
 10
62.16829228616398
 20
757.574814554134
 10
62.17025898541321
 20
757.5414046510253
 10
62.15649209066508
 20
757.5099614471656
 97
        0
 97
        0
 92
        1
 93
        1
 72
     4
 94
        3
 73
     0
 74
     1
 95
       14
 96
       10
 40
0.0
 40
0.0
 40
0.0
 40
0.0
 40
1.0
 40
1.0
 40
1.0
 40
2.0
 40
2.0
 40
2.0
 40
3.0
 40
3.0
 40
3.0
 40
3.0
 10
75.63587699463201
 20
760.4699157705197
 10
75.63587699463201
 20
760.4699157705197
 10
76.64479370977688
 20
761.670393789419
 10
76.64479370977688
 20
761.670393789419
 10
76.63202215672084
 20
761.2892138970177
 10
76.67130817344288
 20
760.7901759544508
 10
76.86484816851821
 20
760.277347132998
 10
76.4532204139511
 20
760.3422002399667
 10
76.043571350701
 20
760.4060460131731
 10
75.63587699463201
 20
760.4699157705197
 97
        0
 97
        0
 92
        1
 93
        1
 72
     4
 94
        3
 73
     0
 74
     1
 95
       14
 96
       10
 40
0.0
 40
0.0
 40
0.0
 40
0.0
 40
1.0
 40
1.0
 40
1.0
 40
2.0
 40
2.0
 40
2.0
 40
3.0
 40
3.0
 40
3.0
 40
3.0
 10
97.46361240433058
 20
757.0344999114584
 10
97.46361240433058
 20
757.0344999114584
 10
98.35266839385446
 20
758.0001732272465
 10
98.35266839385446
 20
758.0001732272465
 10
98.33891349117509
 20
757.6926965884351
 10
98.35561844272958
 20
757.2967904357959
 10
98.46662902172582
 20
756.8773078762987
 10
98.13555199191853
 20
756.9293774381437
 10
97.80154889737587
 20
756.9824303496134
 10
97.46361240433058
 20
757.0344999114584
 97
        0
 97
        0
 75
     2
 76
     1
 98
        0
  0
SPLINE
  5
4C
330
1F
100
AcDbEntity
  8
Layer 1
370
     0
100
AcDbSpline
210
0.0
220
0.0
230
1.0
 70
    11
 71
     3
 72
   410
 73
   406
 74
     0
 42
0.0000000001
 43
0.0000000001
 12
1.0
 22
0.0
 32
0.0
 13
1.0
 23
0.0
 33
0.0
 40
0.0
 40
0.0
 40
0.0
 40
0.0
 40
1.0
 40
1.0
 40
1.0
 40
2.0
 40
2.0
 40
2.0
 40
3.0
 40
3.0
 40
3.0
 40
4.0
 40
4.0
 40
4.0
 40
5.0
 40
5.0
 40
5.0
 40
6.0
 40
6.0
 40
6.0
 40
7.0
 40
7.0
 40
7.0
 40
8.0
 40
8.0
 40
8.0
 40
9.0
 40
9.0
 40
9.0
 40
10.0
 40
10.0
 40
10.0
 40
11.0
 40
11.0
 40
11.0
 40
12.0
 40
12.0
 40
12.0
 40
13.0
 40
13.0
 40
13.0
 40
14.0
 40
14.0
 40
14.0
 40
15.0
 40
15.0
 40
15.0
 40
16.0
 40
16.0
 40
16.0
 40
17.0
 40
17.0
 40
17.0
 40
18.0
 40
18.0
 40
18.0
 40
19.0
 40
19.0
 40
19.0
 40
20.0
 40
20.0
 40
20.0
 40
21.0
 40
21.0
 40
21.0
 40
22.0
 40
22.0
 40
22.0
 40
23.0
 40
23.0
 40
23.0
 40
24.0
 40
24.0
 40
24.0
 40
25.0
 40
25.0
 40
25.0
 40
26.0
 40
26.0
 40
26.0
 40
27.0
 40
27.0
 40
27.0
 40
28.0
 40
28.0
 40
28.0
 40
29.0
 40
29.0
 40
29.0
 40
30.0
 40
30.0
 40
30.0
 40
31.0
 40
31.0
 40
31.0
 40
32.0
 40
32.0
 40
32.0
 40
33.0
 40
33.0
 40
33.0
 40
34.0
 40
34.0
 40
34.0
 40
35.0
 40
35.0
 40
35.0
 40
36.0
 40
36.0
 40
36.0
 40
37.0
 40
37.0
 40
37.0
 40
38.0
 40
38.0
 40
38.0
 40
39.0
 40
39.0
 40
39.0
 40
40.0
 40
40.0
 40
40.0
 40
41.0
 40
41.0
 40
41.0
 40
42.0
 40
42.0
 40
42.0
 40
43.0
 40
43.0
 40
43.0
 40
44.0
 40
44.0
 40
44.0
 40
45.0
 40
45.0
 40
45.0
 40
46.0
 40
46.0
 40
46.0
 40
47.0
 40
47.0
 40
47.0
 40
48.0
 40
48.0
 40
48.0
 40
49.0
 40
49.0
 40
49.0
 40
50.0
 40
50.0
 40
50.0
 40
51.0
 40
51.0
 40
51.0
 40
52.0
 40
52.0
 40
52.0
 40
53.0
 40
53.0
 40
53.0
 40
54.0
 40
54.0
 40
54.0
 40
55.0
 40
55.0
 40
55.0
 40
56.0
 40
56.0
 40
56.0
 40
57.0
 40
57.0
 40
57.0
 40
58.0
 40
58.0
 40
58.0
 40
59.0
 40
59.0
 40
59.0
 40
60.0
 40
60.0
 40
60.0
 40
61.0
 40
61.0
 40
61.0
 40
62.0
 40
62.0
 40
62.0
 40
63.0
 40
63.0
 40
63.0
 40
64.0
 40
64.0
 40
64.0
 40
65.0
 40
65.0
 40
65.0
 40
66.0
 40
66.0
 40
66.0
 40
67.0
 40
67.0
 40
67.0
 40
68.0
 40
68.0
 40
68.0
 40
69.0
 40
69.0
 40
69.0
 40
70.0
 40
70.0
 40
70.0
 40
71.0
 40
71.0
 40
71.0
 40
72.0
 40
72.0
 40
72.0
 40
73.0
 40
73.0
 40
73.0
 40
74.0
 40
74.0
 40
74.0
 40
75.0
 40
75.0
 40
75.0
 40
76.0
 40
76.0
 40
76.0
 40
77.0
 40
77.0
 40
77.0
 40
78.0
 40
78.0
 40
78.0
 40
79.0
 40
79.0
 40
79.0
 40
80.0
 40
80.0
 40
80.0
 40
81.0
 40
81.0
 40
81.0
 40
82.0
 40
82.0
 40
82.0
 40
83.0
 40
83.0
 40
83.0
 40
84.0
 40
84.0
 40
84.0
 40
85.0
 40
85.0
 40
85.0
 40
86.0
 40
86.0
 40
86.0
 40
87.0
 40
87.0
 40
87.0
 40
88.0
 40
88.0
 40
88.0
 40
89.0
 40
89.0
 40
89.0
 40
90.0
 40
90.0
 40
90.0
 40
91.0
 40
91.0
 40
91.0
 40
92.0
 40
92.0
 40
92.0
 40
93.0
 40
93.0
 40
93.0
 40
94.0
 40
94.0
 40
94.0
 40
95.0
 40
95.0
 40
95.0
 40
96.0
 40
96.0
 40
96.0
 40
97.0
 40
97.0
 40
97.0
 40
98.0
 40
98.0
 40
98.0
 40
99.0
 40
99.0
 40
99.0
 40
100.0
 40
100.0
 40
100.0
 40
101.0
 40
101.0
 40
101.0
 40
102.0
 40
102.0
 40
102.0
 40
103.0
 40
103.0
 40
103.0
 40
104.0
 40
104.0
 40
104.0
 40
105.0
 40
105.0
 40
105.0
 40
106.0
 40
106.0
 40
106.0
 40
107.0
 40
107.0
 40
107.0
 40
108.0
 40
108.0
 40
108.0
 40
109.0
 40
109.0
 40
109.0
 40
110.0
 40
110.0
 40
110.0
 40
111.0
 40
111.0
 40
111.0
 40
112.0
 40
112.0
 40
112.0
 40
113.0
 40
113.0
 40
113.0
 40
114.0
 40
114.0
 40
114.0
 40
115.0
 40
115.0
 40
115.0
 40
116.0
 40
116.0
 40
116.0
 40
117.0
 40
117.0
 40
117.0
 40
118.0
 40
118.0
 40
118.0
 40
119.0
 40
119.0
 40
119.0
 40
120.0
 40
120.0
 40
120.0
 40
121.0
 40
121.0
 40
121.0
 40
122.0
 40
122.0
 40
122.0
 40
123.0
 40
123.0
 40
123.0
 40
124.0
 40
124.0
 40
124.0
 40
125.0
 40
125.0
 40
125.0
 40
126.0
 40
126.0
 40
126.0
 40
127.0
 40
127.0
 40
127.0
 40
128.0
 40
128.0
 40
128.0
 40
129.0
 40
129.0
 40
129.0
 40
130.0
 40
130.0
 40
130.0
 40
131.0
 40
131.0
 40
131.0
 40
132.0
 40
132.0
 40
132.0
 40
133.0
 40
133.0
 40
133.0
 40
134.0
 40
134.0
 40
134.0
 40
135.0
 40
135.0
 40
135.0
 40
135.0
 10
-17.97113852475971
 20
769.7210406843463
 30
0.0
 10
-18.42058582239426
 20
771.4763957296315
 30
0.0
 10
-20.63762507025459
 20
772.2027095852205
 30
0.0
 10
-21.56959617758331
 20
772.4335429082399
 30
0.0
 10
-23.24585903240694
 20
772.8484740579398
 30
0.0
 10
-25.03502796422644
 20
772.6938712101688
 30
0.0
 10
-26.40636891806349
 20
772.5133724731761
 30
0.0
 10
-28.02653864335812
 20
772.300508263794
 30
0.0
 10
-29.67260425787286
 20
772.0754247060091
 30
0.0
 10
-31.26471864013643
 20
771.8575305493333
 30
0.0
 10
-31.26471864013643
 20
771.8575305493333
 30
0.0
 10
-31.28557580379167
 20
771.8546512775825
 30
0.0
 10
-31.28557580379167
 20
771.8546512775825
 30
0.0
 10
-33.20489133004027
 20
771.592181078379
 30
0.0
 10
-35.12492667422575
 20
771.3275514253603
 30
0.0
 10
-37.04425975700875
 20
771.0629042158092
 30
0.0
 10
-37.04425975700875
 20
771.0629042158092
 30
0.0
 10
-40.95336274125125
 20
770.5235674586478
 30
0.0
 10
-40.95336274125125
 20
770.5235674586478
 30
0.0
 10
-42.95250783243353
 20
770.2481580931004
 30
0.0
 10
-44.95093310567957
 20
769.9720113530827
 30
0.0
 10
-46.95007819686249
 20
769.696584431001
 30
0.0
 10
-50.33278359028589
 20
769.2298790593982
 30
0.0
 10
-53.43649808500965
 20
768.803448379233
 30
0.0
 10
-56.43808621526787
 20
768.3921163192242
 30
0.0
 10
-60.02718623490149
 20
767.9002348763411
 30
0.0
 10
-63.20855328421295
 20
767.4666147950661
 30
0.0
 10
-66.16556537194374
 20
767.0667910437912
 30
0.0
 10
-69.52383206855838
 20
766.6123050205931
 30
0.0
 10
-72.57073361581625
 20
766.2031324143946
 30
0.0
 10
-75.48171246860889
 20
765.8176786870694
 30
0.0
 10
-78.66594123313571
 20
765.3962779541981
 30
0.0
 10
-81.28927381544317
 20
765.0546980079969
 30
0.0
 10
-83.73930584013567
 20
764.7426042624348
 30
0.0
 10
-85.678758712102
 20
764.4959525013243
 30
0.0
 10
-87.97418788902256
 20
764.2075864129013
 30
0.0
 10
-90.28829721925047
 20
763.9400687098635
 30
0.0
 10
-90.28829721925047
 20
763.9400687098635
 30
0.0
 10
-90.38034613259012
 20
763.9292802190678
 30
0.0
 10
-90.38034613259012
 20
763.9292802190678
 30
0.0
 10
-91.72220966405386
 20
763.7732377354205
 30
0.0
 10
-93.10938661251728
 20
763.6114367082721
 30
0.0
 10
-94.47714603319986
 20
763.5042891747767
 30
0.0
 10
-101.8301038224927
 20
762.9297164517438
 30
0.0
 10
-103.144649385397
 20
762.8872823064945
 30
0.0
 10
-105.5306702832472
 20
762.8103407915764
 30
0.0
 10
-106.0793646735962
 20
762.7923628996725
 30
0.0
 10
-106.7021125288464
 20
762.7722255539528
 30
0.0
 10
-107.4658218041221
 20
762.743459171252
 30
0.0
 10
-107.8828948510992
 20
762.7276407331603
 30
0.0
 10
-108.2884859241432
 20
762.7103826591914
 30
0.0
 10
-108.6818400922484
 20
762.6938444031609
 30
0.0
 10
-111.3274694740871
 20
762.5838175979161
 30
0.0
 10
-113.6128211998802
 20
762.4881695948876
 30
0.0
 10
-114.0903062840114
 20
763.0124077318967
 30
0.0
 10
-114.1600583978202
 20
763.0900778430165
 30
0.0
 10
-114.1859542870393
 20
763.1785276666686
 30
0.0
 10
-114.1708381103495
 20
763.290713925726
 30
0.0
 10
-114.1492786852915
 20
763.4496356811243
 30
0.0
 10
-114.0924657378249
 20
763.6517026214408
 30
0.0
 10
-114.003296096235
 20
763.890445163508
 30
0.0
 10
-113.3977887584191
 20
765.5070245773818
 30
0.0
 10
-113.0907425166878
 20
767.1581113609235
 30
0.0
 10
-113.0907425166878
 20
768.7991294716086
 30
0.0
 10
-113.0907425166878
 20
768.7991294716086
 30
0.0
 10
-113.0907425166878
 20
774.5283272241836
 30
0.0
 10
-113.0907425166878
 20
774.5283272241836
 30
0.0
 10
-113.0907425166878
 20
774.802305732124
 30
0.0
 10
-113.1029618650922
 20
775.0770128362676
 30
0.0
 10
-113.1274181184363
 20
775.3488406686599
 30
0.0
 10
-113.1274181184363
 20
775.3488406686599
 30
0.0
 10
-97.87352796743801
 20
775.3488406686599
 30
0.0
 10
-97.87352796743801
 20
775.3488406686599
 30
0.0
 10
-97.37518571965124
 20
775.3488406686599
 30
0.0
 10
-96.93651813454635
 20
775.6098800102558
 30
0.0
 10
-96.69920645008874
 20
776.0478189991584
 30
0.0
 10
-96.46191232216616
 20
776.4864865842613
 30
0.0
 10
-96.4827694858214
 20
776.9970481804528
 30
0.0
 10
-96.75457976168023
 20
777.4148586019021
 30
0.0
 10
-97.30111469821706
 20
778.2547807958903
 30
0.0
 10
-98.30211810141604
 20
778.8609991733763
 30
0.0
 10
-99.04569003097473
 20
779.2219966473584
 30
0.0
 10
-99.75474581259748
 20
779.5664470870428
 30
0.0
 10
-100.5522338613369
 20
779.7483854599093
 30
0.0
 10
-101.3511791024868
 20
779.7483854599093
 30
0.0
 10
-101.3511791024868
 20
779.7483854599093
 30
0.0
 10
-114.7195325006999
 20
779.7483854599093
 30
0.0
 10
-114.7195325006999
 20
779.7483854599093
 30
0.0
 10
-116.4367898648977
 20
782.2293345428513
 30
0.0
 10
-119.2535603505388
 20
783.707840586716
 30
0.0
 10
-122.2702471009515
 20
783.707840586716
 30
0.0
 10
-122.2702471009515
 20
783.707840586716
 30
0.0
 10
-125.0381226364397
 20
783.707840586716
 30
0.0
 10
-125.0381226364397
 20
783.707840586716
 30
0.0
 10
-125.0381226364397
 20
783.707840586716
 30
0.0
 10
-125.5616409555078
 20
806.7749155371695
 30
0.0
 10
-125.5616409555078
 20
806.7749155371695
 30
0.0
 10
-125.5673994990082
 20
807.0043092243144
 30
0.0
 10
-125.6687884890022
 20
807.2171646554294
 30
0.0
 10
-125.8471277721804
 20
807.3760864108277
 30
0.0
 10
-126.0225877836085
 20
807.5307068151332
 30
0.0
 10
-126.2527188452257
 20
807.6162773670338
 30
0.0
 10
-126.4957715166487
 20
807.6162773670338
 30
0.0
 10
-127.0084925666534
 20
807.6162773670338
 30
0.0
 10
-127.4184025473234
 20
807.2466596343355
 30
0.0
 10
-127.4299020777897
 20
806.7749155371695
 30
0.0
 10
-127.4299020777897
 20
806.7749155371695
 30
0.0
 10
-127.9534203968577
 20
783.707840586716
 30
0.0
 10
-127.9534203968577
 20
783.707840586716
 30
0.0
 10
-127.9534203968577
 20
783.707840586716
 30
0.0
 10
-130.7212959323463
 20
783.707840586716
 30
0.0
 10
-130.7212959323463
 20
783.707840586716
 30
0.0
 10
-133.7387025006965
 20
783.707840586716
 30
0.0
 10
-136.5554905428725
 20
782.2293345428513
 30
0.0
 10
-138.2727303505357
 20
779.7483854599093
 30
0.0
 10
-138.2727303505357
 20
779.7483854599093
 30
0.0
 10
-151.6403639308116
 20
779.7483854599093
 30
0.0
 10
-151.6403639308116
 20
779.7483854599093
 30
0.0
 10
-152.4393091719602
 20
779.7483854599093
 30
0.0
 10
-153.2367972207003
 20
779.5664470870428
 30
0.0
 10
-153.945853002323
 20
779.2219966473584
 30
0.0
 10
-154.6894249318811
 20
778.8609991733763
 30
0.0
 10
-155.6904283350807
 20
778.2547807958903
 30
0.0
 10
-156.2369632716175
 20
777.4148586019021
 30
0.0
 10
-156.508773547476
 20
776.9970481804528
 30
0.0
 10
-156.5296307111316
 20
776.4864865842613
 30
0.0
 10
-156.2923365832087
 20
776.0478189991584
 30
0.0
 10
-156.0550248987517
 20
775.6098800102558
 30
0.0
 10
-155.6163573136465
 20
775.3488406686599
 30
0.0
 10
-155.1180150658597
 20
775.3488406686599
 30
0.0
 10
-155.1180150658597
 20
775.3488406686599
 30
0.0
 10
-139.8641249148618
 20
775.3488406686599
 30
0.0
 10
-139.8641249148618
 20
775.3488406686599
 30
0.0
 10
-139.8885811682059
 20
775.0770128362676
 30
0.0
 10
-139.9008005166099
 20
774.802305732124
 30
0.0
 10
-139.9008005166099
 20
774.5283272241836
 30
0.0
 10
-139.9008005166099
 20
774.5283272241836
 30
0.0
 10
-139.9008005166099
 20
768.7991294716086
 30
0.0
 10
-139.9008005166099
 20
768.7991294716086
 30
0.0
 10
-139.9008005166099
 20
767.1581113609235
 30
0.0
 10
-139.5937542748789
 20
765.5070245773818
 30
0.0
 10
-138.9882469370624
 20
763.890445163508
 30
0.0
 10
-138.8990772954731
 20
763.6517026214408
 30
0.0
 10
-138.8422643480069
 20
763.4496356811243
 30
0.0
 10
-138.8207049229479
 20
763.290713925726
 30
0.0
 10
-138.8041491103828
 20
763.1677391758723
 30
0.0
 10
-138.7595730678559
 20
762.8412666280927
 30
0.0
 10
-139.7778345450226
 20
762.6916849493487
 30
0.0
 10
-140.7623172487271
 20
762.5464221782323
 30
0.0
 10
-142.4062058528939
 20
762.6147346561635
 30
0.0
 10
-144.3097029410496
 20
762.6945642210994
 30
0.0
 10
-144.702337291217
 20
762.7103826591914
 30
0.0
 10
-145.1086481821991
 20
762.7276407331603
 30
0.0
 10
-145.525721229175
 20
762.743459171252
 30
0.0
 10
-146.2894305044523
 20
762.7722255539528
 30
0.0
 10
-146.9121783597012
 20
762.7923628996725
 30
0.0
 10
-147.4608727500506
 20
762.8103407915764
 30
0.0
 10
-149.8468936479014
 20
762.8872823064945
 30
0.0
 10
-151.1614392108047
 20
762.9297164517438
 30
0.0
 10
-158.5143970000972
 20
763.5042891747767
 30
0.0
 10
-159.8821564207808
 20
763.6114367082721
 30
0.0
 10
-161.2693333692439
 20
763.7732377354205
 30
0.0
 10
-162.6111969007079
 20
763.9292802190678
 30
0.0
 10
-162.6111969007079
 20
763.9292802190678
 30
0.0
 10
-162.703245814047
 20
763.9400687098635
 30
0.0
 10
-162.703245814047
 20
763.9400687098635
 30
0.0
 10
-165.0173551442755
 20
764.2075864129013
 30
0.0
 10
-167.3127843211957
 20
764.4959525013243
 30
0.0
 10
-169.2522371931624
 20
764.7426042624348
 30
0.0
 10
-171.7022604395866
 20
765.0546980079969
 30
0.0
 10
-174.325593021894
 20
765.3962779541981
 30
0.0
 10
-177.5098393429559
 20
765.8176786870694
 30
0.0
 10
-180.4208181957495
 20
766.2031324143946
 30
0.0
 10
-183.4677109647394
 20
766.6123050205931
 30
0.0
 10
-186.825977661354
 20
767.0667910437912
 30
0.0
 10
-189.7829897490851
 20
767.4666147950661
 30
0.0
 10
-192.9643567983956
 20
767.9002348763411
 30
0.0
 10
-196.5534568180305
 20
768.3921163192242
 30
0.0
 10
-199.5550449482874
 20
768.803448379233
 30
0.0
 10
-202.6587506647438
 20
769.2298790593982
 30
0.0
 10
-206.0414648364356
 20
769.696584431001
 30
0.0
 10
-208.0406099276182
 20
769.9720113530827
 30
0.0
 10
-210.0390352008642
 20
770.2481580931004
 30
0.0
 10
-212.0381802920471
 20
770.5235674586478
 30
0.0
 10
-212.0381802920471
 20
770.5235674586478
 30
0.0
 10
-215.9472832762893
 20
771.0629042158092
 30
0.0
 10
-215.9472832762893
 20
771.0629042158092
 30
0.0
 10
-217.8666075808046
 20
771.3275514253603
 30
0.0
 10
-219.7866517032584
 20
771.592181078379
 30
0.0
 10
-221.7059672295064
 20
771.8546512775825
 30
0.0
 10
-221.7059672295064
 20
771.8546512775825
 30
0.0
 10
-221.7268243931613
 20
771.8575305493333
 30
0.0
 10
-221.7268243931613
 20
771.8575305493333
 30
0.0
 10
-223.3189387754249
 20
772.0754247060091
 30
0.0
 10
-224.9650043899396
 20
772.300508263794
 30
0.0
 10
-226.5851741152352
 20
772.5133724731761
 30
0.0
 10
-227.9565150690713
 20
772.6938712101688
 30
0.0
 10
-229.7456840008898
 20
772.8484740579398
 30
0.0
 10
-231.4219380774477
 20
772.4335429082399
 30
0.0
 10
-232.3539179630425
 20
772.2027095852205
 30
0.0
 10
-234.5709484326358
 20
771.4763957296315
 30
0.0
 10
-235.0203957302704
 20
769.7210406843463
 30
0.0
 10
-235.2339709793217
 20
768.8861484376529
 30
0.0
 10
-234.8794430885105
 20
767.9915639717432
 30
0.0
 10
-234.0222628205534
 20
767.2019763637801
 30
0.0
 10
-233.2261968511543
 20
766.4677620674133
 30
0.0
 10
-232.2151247750955
 20
766.0060954213741
 30
0.0
 10
-231.0990558410881
 20
765.865862597552
 30
0.0
 10
-231.0990558410881
 20
765.865862597552
 30
0.0
 10
-166.1736987697193
 20
757.6945508175945
 30
0.0
 10
-166.1736987697193
 20
757.6945508175945
 30
0.0
 10
-165.9759419587606
 20
757.6693747463138
 30
0.0
 10
-165.8270800979541
 20
757.5003930963253
 30
0.0
 10
-165.8270800979541
 20
757.3011966494889
 30
0.0
 10
-165.8270800979541
 20
757.3011966494889
 30
0.0
 10
-165.8270800979541
 20
756.7115253063007
 30
0.0
 10
-165.8270800979541
 20
756.7115253063007
 30
0.0
 10
-165.8270800979541
 20
756.0161285089592
 30
0.0
 10
-165.2618650081096
 20
755.4509134191154
 30
0.0
 10
-164.5664682107662
 20
755.4509134191154
 30
0.0
 10
-164.5664682107662
 20
755.4509134191154
 30
0.0
 10
-158.9911622662913
 20
755.4509134191154
 30
0.0
 10
-158.9911622662913
 20
755.4509134191154
 30
0.0
 10
-158.9911622662913
 20
755.4509134191154
 30
0.0
 10
-158.9911622662913
 20
749.8669696593893
 30
0.0
 10
-158.9911622662913
 20
749.8669696593893
 30
0.0
 10
-158.9911622662913
 20
749.2909660787462
 30
0.0
 10
-159.4291100334586
 20
748.8156316701602
 30
0.0
 10
-159.9893039542752
 20
748.7566592688808
 30
0.0
 10
-159.9893039542752
 20
748.7566592688808
 30
0.0
 10
-159.9893039542752
 20
749.131315727142
 30
0.0
 10
-159.9893039542752
 20
749.131315727142
 30
0.0
 10
-159.9893039542752
 20
749.7792396536728
 30
0.0
 10
-160.2417142588879
 20
750.3890483425816
 30
0.0
 10
-160.7012214511133
 20
750.8485730913434
 30
0.0
 10
-161.1751250020907
 20
751.3217480461134
 30
0.0
 10
-161.8057908546542
 20
751.5741583507264
 30
0.0
 10
-162.4738521269027
 20
751.5583311343673
 30
0.0
 10
-163.7819193283687
 20
751.5288537119964
 30
0.0
 10
-164.8454942225356
 20
750.419263139426
 30
0.0
 10
-164.8454942225356
 20
749.0853000487396
 30
0.0
 10
-164.8454942225356
 20
749.0853000487396
 30
0.0
 10
-164.8454942225356
 20
742.5456575245452
 30
0.0
 10
-164.8454942225356
 20
742.5456575245452
 30
0.0
 10
-164.8454942225356
 20
741.2174529773617
 30
0.0
 10
-163.7869580539322
 20
740.1071338085894
 30
0.0
 10
-162.4867912932449
 20
740.0711780247772
 30
0.0
 10
-162.4630548578393
 20
740.0704582068415
 30
0.0
 10
-162.4400557969052
 20
740.0704582068415
 30
0.0
 10
-162.4163193614989
 20
740.0704582068415
 30
0.0
 10
-161.7806147833729
 20
740.0704582068415
 30
0.0
 10
-161.1823231814672
 20
740.3128086168628
 30
0.0
 10
-160.7249578865199
 20
740.7579370068715
 30
0.0
 10
-160.2503520741391
 20
741.218892613238
 30
0.0
 10
-159.9893039542752
 20
741.8373303391276
 30
0.0
 10
-159.9893039542752
 20
742.4981934320028
 30
0.0
 10
-159.9893039542752
 20
742.4981934320028
 30
0.0
 10
-159.9893039542752
 20
745.0445844993924
 30
0.0
 10
-159.9893039542752
 20
745.0445844993924
 30
0.0
 10
-159.9893039542752
 20
745.0445844993924
 30
0.0
 10
-159.4967026934542
 20
745.0445844993924
 30
0.0
 10
-159.4967026934542
 20
745.0445844993924
 30
0.0
 10
-158.6186652618422
 20
745.0445844993924
 30
0.0
 10
-157.8707919811932
 20
745.6716600405341
 30
0.0
 10
-157.7190508486359
 20
746.5374693454736
 30
0.0
 10
-157.7190508486359
 20
746.5374693454736
 30
0.0
 10
-156.240544804771
 20
755.4509134191154
 30
0.0
 10
-156.240544804771
 20
755.4509134191154
 30
0.0
 10
-156.240544804771
 20
755.4509134191154
 30
0.0
 10
-150.9608031280959
 20
755.4509134191154
 30
0.0
 10
-150.9608031280959
 20
755.4509134191154
 30
0.0
 10
-150.6005254720506
 20
755.4509134191154
 30
0.0
 10
-150.2373685442552
 20
755.4185479467228
 30
0.0
 10
-149.8814097958363
 20
755.3545455981493
 30
0.0
 10
-149.8814097958363
 20
755.3545455981493
 30
0.0
 10
-140.3962810491813
 20
753.6452062312638
 30
0.0
 10
-140.3962810491813
 20
753.6452062312638
 30
0.0
 10
-139.2974701891419
 20
753.4481692382427
 30
0.0
 10
-138.2777690760993
 20
752.9354481882386
 30
0.0
 10
-137.4479067767021
 20
752.1631186542445
 30
0.0
 10
-135.6587378448823
 20
750.4983553298883
 30
0.0
 10
-133.6063788959207
 20
749.1687111468281
 30
0.0
 10
-131.3483626952212
 20
748.2115727464864
 30
0.0
 10
-130.0381360399423
 20
747.6564087729654
 30
0.0
 10
-128.6452181045135
 20
747.3371256262943
 30
0.0
 10
-127.2400632641449
 20
747.2544343461446
 30
0.0
 10
-127.2400632641449
 20
747.2544343461446
 30
0.0
 10
-127.2400632641449
 20
742.9151260266977
 30
0.0
 10
-127.2400632641449
 20
742.9151260266977
 30
0.0
 10
-128.8230658047102
 20
742.5726155841386
 30
0.0
 10
-130.0129775251964
 20
741.1619304352246
 30
0.0
 10
-130.0129775251964
 20
739.4779075919007
 30
0.0
 10
-130.0129775251964
 20
739.4779075919007
 30
0.0
 10
-130.0129775251964
 20
736.1972934498754
 30
0.0
 10
-130.0129775251964
 20
736.1972934498754
 30
0.0
 10
-130.0129775251964
 20
736.1972934498754
 30
0.0
 10
-128.6277317955898
 20
736.1972934498754
 30
0.0
 10
-128.6277317955898
 20
736.1972934498754
 30
0.0
 10
-128.6277317955898
 20
736.1972934498754
 30
0.0
 10
-128.6277317955898
 20
731.5338827148809
 30
0.0
 10
-128.6277317955898
 20
731.5338827148809
 30
0.0
 10
-128.6277317955898
 20
730.3564273560235
 30
0.0
 10
-127.6732180972398
 20
729.4019136576728
 30
0.0
 10
-126.4957715166487
 20
729.4019136576728
 30
0.0
 10
-125.318324936058
 20
729.4019136576728
 30
0.0
 10
-124.3638112377076
 20
730.3564273560235
 30
0.0
 10
-124.3638112377076
 20
731.5338827148809
 30
0.0
 10
-124.3638112377076
 20
731.5338827148809
 30
0.0
 10
-124.3638112377076
 20
736.1972934498754
 30
0.0
 10
-124.3638112377076
 20
736.1972934498754
 30
0.0
 10
-124.3638112377076
 20
736.1972934498754
 30
0.0
 10
-122.9785655081017
 20
736.1972934498754
 30
0.0
 10
-122.9785655081017
 20
736.1972934498754
 30
0.0
 10
-122.9785655081017
 20
736.1972934498754
 30
0.0
 10
-122.9785655081017
 20
739.4779075919007
 30
0.0
 10
-122.9785655081017
 20
739.4779075919007
 30
0.0
 10
-122.9785655081017
 20
740.4169013132542
 30
0.0
 10
-123.3442330204108
 20
741.3002057053858
 30
0.0
 10
-124.0085723072266
 20
741.9654579320253
 30
0.0
 10
-124.4940807278813
 20
742.4503430956854
 30
0.0
 10
-125.0963401067112
 20
742.7752531118447
 30
0.0
 10
-125.7514797691528
 20
742.9157405054251
 30
0.0
 10
-125.7514797691528
 20
742.9157405054251
 30
0.0
 10
-125.7514797691528
 20
747.2544343461446
 30
0.0
 10
-125.7514797691528
 20
747.2544343461446
 30
0.0
 10
-124.3463249287839
 20
747.3371256262943
 30
0.0
 10
-122.9534069933554
 20
747.6564087729654
 30
0.0
 10
-121.6431803380762
 20
748.2115727464864
 30
0.0
 10
-119.385164137377
 20
749.1687111468281
 30
0.0
 10
-117.3328051884152
 20
750.4983553298883
 30
0.0
 10
-115.543636256596
 20
752.1631186542445
 30
0.0
 10
-114.7137739571984
 20
752.9354481882386
 30
0.0
 10
-113.6940728441565
 20
753.4481692382427
 30
0.0
 10
-112.5952619841167
 20
753.6452062312638
 30
0.0
 10
-112.5952619841167
 20
753.6452062312638
 30
0.0
 10
-103.1101332374617
 20
755.3545455981493
 30
0.0
 10
-103.1101332374617
 20
755.3545455981493
 30
0.0
 10
-102.7541744890425
 20
755.4185479467228
 30
0.0
 10
-102.3910175612468
 20
755.4509134191154
 30
0.0
 10
-102.0307399052025
 20
755.4509134191154
 30
0.0
 10
-102.0307399052025
 20
755.4509134191154
 30
0.0
 10
-96.75099822852702
 20
755.4509134191154
 30
0.0
 10
-96.75099822852702
 20
755.4509134191154
 30
0.0
 10
-96.75099822852702
 20
755.4509134191154
 30
0.0
 10
-95.27249218466147
 20
746.5360384878669
 30
0.0
 10
-95.27249218466147
 20
746.5360384878669
 30
0.0
 10
-95.12075105210458
 20
745.6716600405341
 30
0.0
 10
-94.37287777145582
 20
745.0445844993924
 30
0.0
 10
-93.4948403398442
 20
745.0445844993924
 30
0.0
 10
-93.4948403398442
 20
745.0445844993924
 30
0.0
 10
-93.00223907902317
 20
745.0445844993924
 30
0.0
 10
-93.00223907902317
 20
745.0445844993924
 30
0.0
 10
-93.00223907902317
 20
745.0445844993924
 30
0.0
 10
-93.00223907902317
 20
742.5463773424842
 30
0.0
 10
-93.00223907902317
 20
742.5463773424842
 30
0.0
 10
-93.00223907902317
 20
741.2174529773617
 30
0.0
 10
-91.9437029104195
 20
740.1071338085894
 30
0.0
 10
-90.64209651385713
 20
740.0711780247772
 30
0.0
 10
-89.9805136030466
 20
740.0539199508117
 30
0.0
 10
-89.35488647604735
 20
740.2969901787708
 30
0.0
 10
-88.88098292506933
 20
740.7579370068715
 30
0.0
 10
-88.40709693062666
 20
741.2196036529069
 30
0.0
 10
-88.14604881076247
 20
741.8373303391276
 30
0.0
 10
-88.14604881076247
 20
742.4981934320028
 30
0.0
 10
-88.14604881076247
 20
742.4981934320028
 30
0.0
 10
-88.14604881076247
 20
749.0853000487396
 30
0.0
 10
-88.14604881076247
 20
749.0853000487396
 30
0.0
 10
-88.14604881076247
 20
750.419263139426
 30
0.0
 10
-89.20962370492876
 20
751.5288537119964
 30
0.0
 10
-90.5169710884569
 20
751.5583311343673
 30
0.0
 10
-91.1857521786439
 20
751.5741583507264
 30
0.0
 10
-91.8164180312064
 20
751.3217480461134
 30
0.0
 10
-92.2903215821841
 20
750.847853273404
 30
0.0
 10
-92.74982877440983
 20
750.3890483425816
 30
0.0
 10
-93.00223907902317
 20
749.7792396536728
 30
0.0
 10
-93.00223907902317
 20
749.131315727142
 30
0.0
 10
-93.00223907902317
 20
749.131315727142
 30
0.0
 10
-93.00223907902317
 20
748.7566592688808
 30
0.0
 10
-93.00223907902317
 20
748.7566592688808
 30
0.0
 10
-93.56243299983974
 20
748.8156316701602
 30
0.0
 10
-94.00038076700679
 20
749.2909660787462
 30
0.0
 10
-94.00038076700679
 20
749.8669696593893
 30
0.0
 10
-94.00038076700679
 20
749.8669696593893
 30
0.0
 10
-94.00038076700679
 20
755.4509134191154
 30
0.0
 10
-94.00038076700679
 20
755.4509134191154
 30
0.0
 10
-94.00038076700679
 20
755.4509134191154
 30
0.0
 10
-88.42507482253151
 20
755.4509134191154
 30
0.0
 10
-88.42507482253151
 20
755.4509134191154
 30
0.0
 10
-87.72967802518849
 20
755.4509134191154
 30
0.0
 10
-87.16446293534337
 20
756.0161285089592
 30
0.0
 10
-87.16446293534337
 20
756.7115253063007
 30
0.0
 10
-87.16446293534337
 20
756.7115253063007
 30
0.0
 10
-87.16446293534337
 20
757.3011966494889
 30
0.0
 10
-87.16446293534337
 20
757.3011966494889
 30
0.0
 10
-87.16446293534337
 20
757.5003930963253
 30
0.0
 10
-87.01560107453719
 20
757.6693747463138
 30
0.0
 10
-86.81784426357845
 20
757.6945508175945
 30
0.0
 10
-86.81784426357845
 20
757.6945508175945
 30
0.0
 10
-21.89249597047666
 20
765.865862597552
 30
0.0
 10
-21.89249597047666
 20
765.865862597552
 30
0.0
 10
-20.77642703646863
 20
766.0060954213741
 30
0.0
 10
-19.76534618214343
 20
766.4677620674133
 30
0.0
 10
-18.97000003068149
 20
767.2019763637801
 30
0.0
 10
-18.11208238825255
 20
767.9915639717432
 30
0.0
 10
-17.75758083224436
 20
768.8861484376529
 30
0.0
 10
-17.97113852475971
 20
769.7210406843463
 30
0.0
  0
SPLINE
  5
4D
330
1F
100
AcDbEntity
  8
Layer 1
370
     0
100
AcDbSpline
210
0.0
220
0.0
230
1.0
 70
    11
 71
     3
 72
    20
 73
    16
 74
     0
 42
0.0000000001
 43
0.0000000001
 12
1.0
 22
0.0
 32
0.0
 13
1.0
 23
0.0
 33
0.0
 40
0.0
 40
0.0
 40
0.0
 40
0.0
 40
1.0
 40
1.0
 40
1.0
 40
2.0
 40
2.0
 40
2.0
 40
3.0
 40
3.0
 40
3.0
 40
4.0
 40
4.0
 40
4.0
 40
5.0
 40
5.0
 40
5.0
 40
5.0
 10
-127.7391253298692
 20
771.6425156644057
 30
0.0
 10
-128.8048421213143
 20
771.7446332506048
 30
0.0
 10
-134.9115843821707
 20
772.2120584401455
 30
0.0
 10
-138.9084173721265
 20
769.984950519424
 30
0.0
 10
-138.8386828148534
 20
771.3584684836089
 30
0.0
 10
-138.3928170503724
 20
777.7895150601646
 30
0.0
 10
-136.1139436860169
 20
780.1129820235806
 30
0.0
 10
-134.3326927515114
 20
781.9287491060243
 30
0.0
 10
-131.3462032414083
 20
782.2552304320706
 30
0.0
 10
-129.4290471689732
 20
782.2552304320706
 30
0.0
 10
-128.6142834897314
 20
782.2552304320706
 30
0.0
 10
-127.9922554524197
 20
782.1962580307905
 30
0.0
 10
-127.7391253298692
 20
782.167500426356
 30
0.0
 10
-127.7391253298692
 20
782.167500426356
 30
0.0
 10
-127.7391253298692
 20
771.6425156644057
 30
0.0
 10
-127.7391253298692
 20
771.6425156644057
 30
0.0
  0
SPLINE
  5
4E
330
1F
100
AcDbEntity
  8
Layer 1
370
     0
100
AcDbSpline
210
0.0
220
0.0
230
1.0
 70
    11
 71
     3
 72
    20
 73
    16
 74
     0
 42
0.0000000001
 43
0.0000000001
 12
1.0
 22
0.0
 32
0.0
 13
1.0
 23
0.0
 33
0.0
 40
0.0
 40
0.0
 40
0.0
 40
0.0
 40
1.0
 40
1.0
 40
1.0
 40
2.0
 40
2.0
 40
2.0
 40
3.0
 40
3.0
 40
3.0
 40
4.0
 40
4.0
 40
4.0
 40
5.0
 40
5.0
 40
5.0
 40
5.0
 10
-125.2524177034282
 20
771.6425156644057
 30
0.0
 10
-125.2524177034282
 20
771.6425156644057
 30
0.0
 10
-125.2524177034282
 20
782.167500426356
 30
0.0
 10
-125.2524177034282
 20
782.167500426356
 30
0.0
 10
-124.4045775121255
 20
782.2638506907861
 30
0.0
 10
-119.4182406494376
 20
782.7025182758922
 30
0.0
 10
-116.8775993472808
 20
780.1129820235806
 30
0.0
 10
-114.5987259829251
 20
777.7895150601646
 30
0.0
 10
-114.1528602184443
 20
771.3584684836089
 30
0.0
 10
-114.083125661171
 20
769.984950519424
 30
0.0
 10
-116.7308969402872
 20
771.4598574736007
 30
0.0
 10
-120.3027388859528
 20
771.7532622875873
 30
0.0
 10
-122.7232934882733
 20
771.7532622875873
 30
0.0
 10
-123.9572896683051
 20
771.7532622875873
 30
0.0
 10
-124.8921400473833
 20
771.6770318123406
 30
0.0
 10
-125.2524177034282
 20
771.6425156644057
 30
0.0
  0
SPLINE
  5
4F
330
1F
100
AcDbEntity
  8
Layer 1
370
     0
100
AcDbSpline
210
0.0
220
0.0
230
1.0
 70
    11
 71
     3
 72
    23
 73
    19
 74
     0
 42
0.0000000001
 43
0.0000000001
 12
1.0
 22
0.0
 32
0.0
 13
1.0
 23
0.0
 33
0.0
 40
0.0
 40
0.0
 40
0.0
 40
0.0
 40
1.0
 40
1.0
 40
1.0
 40
2.0
 40
2.0
 40
2.0
 40
3.0
 40
3.0
 40
3.0
 40
4.0
 40
4.0
 40
4.0
 40
5.0
 40
5.0
 40
5.0
 40
6.0
 40
6.0
 40
6.0
 40
6.0
 10
-129.2219502813602
 20
736.9883206937093
 30
0.0
 10
-129.2219502813602
 20
736.9883206937093
 30
0.0
 10
-129.2219502813602
 20
739.4779075919007
 30
0.0
 10
-129.2219502813602
 20
739.4779075919007
 30
0.0
 10
-129.2219502813602
 20
740.7230697282341
 30
0.0
 10
-128.3825021138179
 20
741.7751626484672
 30
0.0
 10
-127.2400632641449
 20
742.0999585471502
 30
0.0
 10
-127.2400632641449
 20
742.0999585471502
 30
0.0
 10
-127.2400632641449
 20
741.4507793283611
 30
0.0
 10
-127.2400632641449
 20
741.4507793283611
 30
0.0
 10
-128.0504378096215
 20
741.148789368729
 30
0.0
 10
-128.6277317955898
 20
740.3682258197907
 30
0.0
 10
-128.6277317955898
 20
739.4526174031408
 30
0.0
 10
-128.6277317955898
 20
739.4526174031408
 30
0.0
 10
-128.6277317955898
 20
736.9883206937093
 30
0.0
 10
-128.6277317955898
 20
736.9883206937093
 30
0.0
 10
-128.6277317955898
 20
736.9883206937093
 30
0.0
 10
-129.2219502813602
 20
736.9883206937093
 30
0.0
 10
-129.2219502813602
 20
736.9883206937093
 30
0.0
  0
SPLINE
  5
50
330
1F
100
AcDbEntity
  8
Layer 1
370
     0
100
AcDbSpline
210
0.0
220
0.0
230
1.0
 70
    11
 71
     3
 72
    26
 73
    22
 74
     0
 42
0.0000000001
 43
0.0000000001
 12
1.0
 22
0.0
 32
0.0
 13
1.0
 23
0.0
 33
0.0
 40
0.0
 40
0.0
 40
0.0
 40
0.0
 40
1.0
 40
1.0
 40
1.0
 40
2.0
 40
2.0
 40
2.0
 40
3.0
 40
3.0
 40
3.0
 40
4.0
 40
4.0
 40
4.0
 40
5.0
 40
5.0
 40
5.0
 40
6.0
 40
6.0
 40
6.0
 40
7.0
 40
7.0
 40
7.0
 40
7.0
 10
-124.5679235143601
 20
741.406141837961
 30
0.0
 10
-124.0530956801483
 20
740.8906117423486
 30
0.0
 10
-123.7695927519376
 20
740.2058015356466
 30
0.0
 10
-123.7695927519376
 20
739.4779075919007
 30
0.0
 10
-123.7695927519376
 20
739.4779075919007
 30
0.0
 10
-123.7695927519376
 20
736.9883206937093
 30
0.0
 10
-123.7695927519376
 20
736.9883206937093
 30
0.0
 10
-123.7695927519376
 20
736.9883206937093
 30
0.0
 10
-124.3638112377076
 20
736.9883206937093
 30
0.0
 10
-124.3638112377076
 20
736.9883206937093
 30
0.0
 10
-124.3638112377076
 20
736.9883206937093
 30
0.0
 10
-124.3638112377076
 20
739.4526174031408
 30
0.0
 10
-124.3638112377076
 20
739.4526174031408
 30
0.0
 10
-124.3638112377076
 20
740.3682258197907
 30
0.0
 10
-124.9411052236766
 20
741.148789368729
 30
0.0
 10
-125.7514797691528
 20
741.4507793283611
 30
0.0
 10
-125.7514797691528
 20
741.4507793283611
 30
0.0
 10
-125.7514797691528
 20
742.1010031609857
 30
0.0
 10
-125.7514797691528
 20
742.1010031609857
 30
0.0
 10
-125.3085986156333
 20
741.976079635741
 30
0.0
 10
-124.902375507326
 20
741.7401549175511
 30
0.0
 10
-124.5679235143601
 20
741.406141837961
 30
0.0
  0
HATCH
  5
51
330
1F
100
AcDbEntity
  8
Layer 1
 62
   250
420
  2236191
100
AcDbHatch
 10
0.0
 20
0.0
 30
0.0
210
0.0
220
0.0
230
1.0
  2
SOLID
 70
     1
 71
     0
 91
        5
 92
        1
 93
        1
 72
     4
 94
        3
 73
     0
 74
     1
 95
      410
 96
      406
 40
0.0
 40
0.0
 40
0.0
 40
0.0
 40
1.0
 40
1.0
 40
1.0
 40
2.0
 40
2.0
 40
2.0
 40
3.0
 40
3.0
 40
3.0
 40
4.0
 40
4.0
 40
4.0
 40
5.0
 40
5.0
 40
5.0
 40
6.0
 40
6.0
 40
6.0
 40
7.0
 40
7.0
 40
7.0
 40
8.0
 40
8.0
 40
8.0
 40
9.0
 40
9.0
 40
9.0
 40
10.0
 40
10.0
 40
10.0
 40
11.0
 40
11.0
 40
11.0
 40
12.0
 40
12.0
 40
12.0
 40
13.0
 40
13.0
 40
13.0
 40
14.0
 40
14.0
 40
14.0
 40
15.0
 40
15.0
 40
15.0
 40
16.0
 40
16.0
 40
16.0
 40
17.0
 40
17.0
 40
17.0
 40
18.0
 40
18.0
 40
18.0
 40
19.0
 40
19.0
 40
19.0
 40
20.0
 40
20.0
 40
20.0
 40
21.0
 40
21.0
 40
21.0
 40
22.0
 40
22.0
 40
22.0
 40
23.0
 40
23.0
 40
23.0
 40
24.0
 40
24.0
 40
24.0
 40
25.0
 40
25.0
 40
25.0
 40
26.0
 40
26.0
 40
26.0
 40
27.0
 40
27.0
 40
27.0
 40
28.0
 40
28.0
 40
28.0
 40
29.0
 40
29.0
 40
29.0
 40
30.0
 40
30.0
 40
30.0
 40
31.0
 40
31.0
 40
31.0
 40
32.0
 40
32.0
 40
32.0
 40
33.0
 40
33.0
 40
33.0
 40
34.0
 40
34.0
 40
34.0
 40
35.0
 40
35.0
 40
35.0
 40
36.0
 40
36.0
 40
36.0
 40
37.0
 40
37.0
 40
37.0
 40
38.0
 40
38.0
 40
38.0
 40
39.0
 40
39.0
 40
39.0
 40
40.0
 40
40.0
 40
40.0
 40
41.0
 40
41.0
 40
41.0
 40
42.0
 40
42.0
 40
42.0
 40
43.0
 40
43.0
 40
43.0
 40
44.0
 40
44.0
 40
44.0
 40
45.0
 40
45.0
 40
45.0
 40
46.0
 40
46.0
 40
46.0
 40
47.0
 40
47.0
 40
47.0
 40
48.0
 40
48.0
 40
48.0
 40
49.0
 40
49.0
 40
49.0
 40
50.0
 40
50.0
 40
50.0
 40
51.0
 40
51.0
 40
51.0
 40
52.0
 40
52.0
 40
52.0
 40
53.0
 40
53.0
 40
53.0
 40
54.0
 40
54.0
 40
54.0
 40
55.0
 40
55.0
 40
55.0
 40
56.0
 40
56.0
 40
56.0
 40
57.0
 40
57.0
 40
57.0
 40
58.0
 40
58.0
 40
58.0
 40
59.0
 40
59.0
 40
59.0
 40
60.0
 40
60.0
 40
60.0
 40
61.0
 40
61.0
 40
61.0
 40
62.0
 40
62.0
 40
62.0
 40
63.0
 40
63.0
 40
63.0
 40
64.0
 40
64.0
 40
64.0
 40
65.0
 40
65.0
 40
65.0
 40
66.0
 40
66.0
 40
66.0
 40
67.0
 40
67.0
 40
67.0
 40
68.0
 40
68.0
 40
68.0
 40
69.0
 40
69.0
 40
69.0
 40
70.0
 40
70.0
 40
70.0
 40
71.0
 40
71.0
 40
71.0
 40
72.0
 40
72.0
 40
72.0
 40
73.0
 40
73.0
 40
73.0
 40
74.0
 40
74.0
 40
74.0
 40
75.0
 40
75.0
 40
75.0
 40
76.0
 40
76.0
 40
76.0
 40
77.0
 40
77.0
 40
77.0
 40
78.0
 40
78.0
 40
78.0
 40
79.0
 40
79.0
 40
79.0
 40
80.0
 40
80.0
 40
80.0
 40
81.0
 40
81.0
 40
81.0
 40
82.0
 40
82.0
 40
82.0
 40
83.0
 40
83.0
 40
83.0
 40
84.0
 40
84.0
 40
84.0
 40
85.0
 40
85.0
 40
85.0
 40
86.0
 40
86.0
 40
86.0
 40
87.0
 40
87.0
 40
87.0
 40
88.0
 40
88.0
 40
88.0
 40
89.0
 40
89.0
 40
89.0
 40
90.0
 40
90.0
 40
90.0
 40
91.0
 40
91.0
 40
91.0
 40
92.0
 40
92.0
 40
92.0
 40
93.0
 40
93.0
 40
93.0
 40
94.0
 40
94.0
 40
94.0
 40
95.0
 40
95.0
 40
95.0
 40
96.0
 40
96.0
 40
96.0
 40
97.0
 40
97.0
 40
97.0
 40
98.0
 40
98.0
 40
98.0
 40
99.0
 40
99.0
 40
99.0
 40
100.0
 40
100.0
 40
100.0
 40
101.0
 40
101.0
 40
101.0
 40
102.0
 40
102.0
 40
102.0
 40
103.0
 40
103.0
 40
103.0
 40
104.0
 40
104.0
 40
104.0
 40
105.0
 40
105.0
 40
105.0
 40
106.0
 40
106.0
 40
106.0
 40
107.0
 40
107.0
 40
107.0
 40
108.0
 40
108.0
 40
108.0
 40
109.0
 40
109.0
 40
109.0
 40
110.0
 40
110.0
 40
110.0
 40
111.0
 40
111.0
 40
111.0
 40
112.0
 40
112.0
 40
112.0
 40
113.0
 40
113.0
 40
113.0
 40
114.0
 40
114.0
 40
114.0
 40
115.0
 40
115.0
 40
115.0
 40
116.0
 40
116.0
 40
116.0
 40
117.0
 40
117.0
 40
117.0
 40
118.0
 40
118.0
 40
118.0
 40
119.0
 40
119.0
 40
119.0
 40
120.0
 40
120.0
 40
120.0
 40
121.0
 40
121.0
 40
121.0
 40
122.0
 40
122.0
 40
122.0
 40
123.0
 40
123.0
 40
123.0
 40
124.0
 40
124.0
 40
124.0
 40
125.0
 40
125.0
 40
125.0
 40
126.0
 40
126.0
 40
126.0
 40
127.0
 40
127.0
 40
127.0
 40
128.0
 40
128.0
 40
128.0
 40
129.0
 40
129.0
 40
129.0
 40
130.0
 40
130.0
 40
130.0
 40
131.0
 40
131.0
 40
131.0
 40
132.0
 40
132.0
 40
132.0
 40
133.0
 40
133.0
 40
133.0
 40
134.0
 40
134.0
 40
134.0
 40
135.0
 40
135.0
 40
135.0
 40
135.0
 10
-17.97113852475971
 20
769.7210406843463
 10
-18.42058582239426
 20
771.4763957296315
 10
-20.63762507025459
 20
772.2027095852205
 10
-21.56959617758331
 20
772.4335429082399
 10
-23.24585903240694
 20
772.8484740579398
 10
-25.03502796422644
 20
772.6938712101688
 10
-26.40636891806349
 20
772.5133724731761
 10
-28.02653864335812
 20
772.300508263794
 10
-29.67260425787286
 20
772.0754247060091
 10
-31.26471864013643
 20
771.8575305493333
 10
-31.26471864013643
 20
771.8575305493333
 10
-31.28557580379167
 20
771.8546512775825
 10
-31.28557580379167
 20
771.8546512775825
 10
-33.20489133004027
 20
771.592181078379
 10
-35.12492667422575
 20
771.3275514253603
 10
-37.04425975700875
 20
771.0629042158092
 10
-37.04425975700875
 20
771.0629042158092
 10
-40.95336274125125
 20
770.5235674586478
 10
-40.95336274125125
 20
770.5235674586478
 10
-42.95250783243353
 20
770.2481580931004
 10
-44.95093310567957
 20
769.9720113530827
 10
-46.95007819686249
 20
769.696584431001
 10
-50.33278359028589
 20
769.2298790593982
 10
-53.43649808500965
 20
768.803448379233
 10
-56.43808621526787
 20
768.3921163192242
 10
-60.02718623490149
 20
767.9002348763411
 10
-63.20855328421295
 20
767.4666147950661
 10
-66.16556537194374
 20
767.0667910437912
 10
-69.52383206855838
 20
766.6123050205931
 10
-72.57073361581625
 20
766.2031324143946
 10
-75.48171246860889
 20
765.8176786870694
 10
-78.66594123313571
 20
765.3962779541981
 10
-81.28927381544317
 20
765.0546980079969
 10
-83.73930584013567
 20
764.7426042624348
 10
-85.678758712102
 20
764.4959525013243
 10
-87.97418788902256
 20
764.2075864129013
 10
-90.28829721925047
 20
763.9400687098635
 10
-90.28829721925047
 20
763.9400687098635
 10
-90.38034613259012
 20
763.9292802190678
 10
-90.38034613259012
 20
763.9292802190678
 10
-91.72220966405386
 20
763.7732377354205
 10
-93.10938661251728
 20
763.6114367082721
 10
-94.47714603319986
 20
763.5042891747767
 10
-101.8301038224927
 20
762.9297164517438
 10
-103.144649385397
 20
762.8872823064945
 10
-105.5306702832472
 20
762.8103407915764
 10
-106.0793646735962
 20
762.7923628996725
 10
-106.7021125288464
 20
762.7722255539528
 10
-107.4658218041221
 20
762.743459171252
 10
-107.8828948510992
 20
762.7276407331603
 10
-108.2884859241432
 20
762.7103826591914
 10
-108.6818400922484
 20
762.6938444031609
 10
-111.3274694740871
 20
762.5838175979161
 10
-113.6128211998802
 20
762.4881695948876
 10
-114.0903062840114
 20
763.0124077318967
 10
-114.1600583978202
 20
763.0900778430165
 10
-114.1859542870393
 20
763.1785276666686
 10
-114.1708381103495
 20
763.290713925726
 10
-114.1492786852915
 20
763.4496356811243
 10
-114.0924657378249
 20
763.6517026214408
 10
-114.003296096235
 20
763.890445163508
 10
-113.3977887584191
 20
765.5070245773818
 10
-113.0907425166878
 20
767.1581113609235
 10
-113.0907425166878
 20
768.7991294716086
 10
-113.0907425166878
 20
768.7991294716086
 10
-113.0907425166878
 20
774.5283272241836
 10
-113.0907425166878
 20
774.5283272241836
 10
-113.0907425166878
 20
774.802305732124
 10
-113.1029618650922
 20
775.0770128362676
 10
-113.1274181184363
 20
775.3488406686599
 10
-113.1274181184363
 20
775.3488406686599
 10
-97.87352796743801
 20
775.3488406686599
 10
-97.87352796743801
 20
775.3488406686599
 10
-97.37518571965124
 20
775.3488406686599
 10
-96.93651813454635
 20
775.6098800102558
 10
-96.69920645008874
 20
776.0478189991584
 10
-96.46191232216616
 20
776.4864865842613
 10
-96.4827694858214
 20
776.9970481804528
 10
-96.75457976168023
 20
777.4148586019021
 10
-97.30111469821706
 20
778.2547807958903
 10
-98.30211810141604
 20
778.8609991733763
 10
-99.04569003097473
 20
779.2219966473584
 10
-99.75474581259748
 20
779.5664470870428
 10
-100.5522338613369
 20
779.7483854599093
 10
-101.3511791024868
 20
779.7483854599093
 10
-101.3511791024868
 20
779.7483854599093
 10
-114.7195325006999
 20
779.7483854599093
 10
-114.7195325006999
 20
779.7483854599093
 10
-116.4367898648977
 20
782.2293345428513
 10
-119.2535603505388
 20
783.707840586716
 10
-122.2702471009515
 20
783.707840586716
 10
-122.2702471009515
 20
783.707840586716
 10
-125.0381226364397
 20
783.707840586716
 10
-125.0381226364397
 20
783.707840586716
 10
-125.0381226364397
 20
783.707840586716
 10
-125.5616409555078
 20
806.7749155371695
 10
-125.5616409555078
 20
806.7749155371695
 10
-125.5673994990082
 20
807.0043092243144
 10
-125.6687884890022
 20
807.2171646554294
 10
-125.8471277721804
 20
807.3760864108277
 10
-126.0225877836085
 20
807.5307068151332
 10
-126.2527188452257
 20
807.6162773670338
 10
-126.4957715166487
 20
807.6162773670338
 10
-127.0084925666534
 20
807.6162773670338
 10
-127.4184025473234
 20
807.2466596343355
 10
-127.4299020777897
 20
806.7749155371695
 10
-127.4299020777897
 20
806.7749155371695
 10
-127.9534203968577
 20
783.707840586716
 10
-127.9534203968577
 20
783.707840586716
 10
-127.9534203968577
 20
783.707840586716
 10
-130.7212959323463
 20
783.707840586716
 10
-130.7212959323463
 20
783.707840586716
 10
-133.7387025006965
 20
783.707840586716
 10
-136.5554905428725
 20
782.2293345428513
 10
-138.2727303505357
 20
779.7483854599093
 10
-138.2727303505357
 20
779.7483854599093
 10
-151.6403639308116
 20
779.7483854599093
 10
-151.6403639308116
 20
779.7483854599093
 10
-152.4393091719602
 20
779.7483854599093
 10
-153.2367972207003
 20
779.5664470870428
 10
-153.945853002323
 20
779.2219966473584
 10
-154.6894249318811
 20
778.8609991733763
 10
-155.6904283350807
 20
778.2547807958903
 10
-156.2369632716175
 20
777.4148586019021
 10
-156.508773547476
 20
776.9970481804528
 10
-156.5296307111316
 20
776.4864865842613
 10
-156.2923365832087
 20
776.0478189991584
 10
-156.0550248987517
 20
775.6098800102558
 10
-155.6163573136465
 20
775.3488406686599
 10
-155.1180150658597
 20
775.3488406686599
 10
-155.1180150658597
 20
775.3488406686599
 10
-139.8641249148618
 20
775.3488406686599
 10
-139.8641249148618
 20
775.3488406686599
 10
-139.8885811682059
 20
775.0770128362676
 10
-139.9008005166099
 20
774.802305732124
 10
-139.9008005166099
 20
774.5283272241836
 10
-139.9008005166099
 20
774.5283272241836
 10
-139.9008005166099
 20
768.7991294716086
 10
-139.9008005166099
 20
768.7991294716086
 10
-139.9008005166099
 20
767.1581113609235
 10
-139.5937542748789
 20
765.5070245773818
 10
-138.9882469370624
 20
763.890445163508
 10
-138.8990772954731
 20
763.6517026214408
 10
-138.8422643480069
 20
763.4496356811243
 10
-138.8207049229479
 20
763.290713925726
 10
-138.8041491103828
 20
763.1677391758723
 10
-138.7595730678559
 20
762.8412666280927
 10
-139.7778345450226
 20
762.6916849493487
 10
-140.7623172487271
 20
762.5464221782323
 10
-142.4062058528939
 20
762.6147346561635
 10
-144.3097029410496
 20
762.6945642210994
 10
-144.702337291217
 20
762.7103826591914
 10
-145.1086481821991
 20
762.7276407331603
 10
-145.525721229175
 20
762.743459171252
 10
-146.2894305044523
 20
762.7722255539528
 10
-146.9121783597012
 20
762.7923628996725
 10
-147.4608727500506
 20
762.8103407915764
 10
-149.8468936479014
 20
762.8872823064945
 10
-151.1614392108047
 20
762.9297164517438
 10
-158.5143970000972
 20
763.5042891747767
 10
-159.8821564207808
 20
763.6114367082721
 10
-161.2693333692439
 20
763.7732377354205
 10
-162.6111969007079
 20
763.9292802190678
 10
-162.6111969007079
 20
763.9292802190678
 10
-162.703245814047
 20
763.9400687098635
 10
-162.703245814047
 20
763.9400687098635
 10
-165.0173551442755
 20
764.2075864129013
 10
-167.3127843211957
 20
764.4959525013243
 10
-169.2522371931624
 20
764.7426042624348
 10
-171.7022604395866
 20
765.0546980079969
 10
-174.325593021894
 20
765.3962779541981
 10
-177.5098393429559
 20
765.8176786870694
 10
-180.4208181957495
 20
766.2031324143946
 10
-183.4677109647394
 20
766.6123050205931
 10
-186.825977661354
 20
767.0667910437912
 10
-189.7829897490851
 20
767.4666147950661
 10
-192.9643567983956
 20
767.9002348763411
 10
-196.5534568180305
 20
768.3921163192242
 10
-199.5550449482874
 20
768.803448379233
 10
-202.6587506647438
 20
769.2298790593982
 10
-206.0414648364356
 20
769.696584431001
 10
-208.0406099276182
 20
769.9720113530827
 10
-210.0390352008642
 20
770.2481580931004
 10
-212.0381802920471
 20
770.5235674586478
 10
-212.0381802920471
 20
770.5235674586478
 10
-215.9472832762893
 20
771.0629042158092
 10
-215.9472832762893
 20
771.0629042158092
 10
-217.8666075808046
 20
771.3275514253603
 10
-219.7866517032584
 20
771.592181078379
 10
-221.7059672295064
 20
771.8546512775825
 10
-221.7059672295064
 20
771.8546512775825
 10
-221.7268243931613
 20
771.8575305493333
 10
-221.7268243931613
 20
771.8575305493333
 10
-223.3189387754249
 20
772.0754247060091
 10
-224.9650043899396
 20
772.300508263794
 10
-226.5851741152352
 20
772.5133724731761
 10
-227.9565150690713
 20
772.6938712101688
 10
-229.7456840008898
 20
772.8484740579398
 10
-231.4219380774477
 20
772.4335429082399
 10
-232.3539179630425
 20
772.2027095852205
 10
-234.5709484326358
 20
771.4763957296315
 10
-235.0203957302704
 20
769.7210406843463
 10
-235.2339709793217
 20
768.8861484376529
 10
-234.8794430885105
 20
767.9915639717432
 10
-234.0222628205534
 20
767.2019763637801
 10
-233.2261968511543
 20
766.4677620674133
 10
-232.2151247750955
 20
766.0060954213741
 10
-231.0990558410881
 20
765.865862597552
 10
-231.0990558410881
 20
765.865862597552
 10
-166.1736987697193
 20
757.6945508175945
 10
-166.1736987697193
 20
757.6945508175945
 10
-165.9759419587606
 20
757.6693747463138
 10
-165.8270800979541
 20
757.5003930963253
 10
-165.8270800979541
 20
757.3011966494889
 10
-165.8270800979541
 20
757.3011966494889
 10
-165.8270800979541
 20
756.7115253063007
 10
-165.8270800979541
 20
756.7115253063007
 10
-165.8270800979541
 20
756.0161285089592
 10
-165.2618650081096
 20
755.4509134191154
 10
-164.5664682107662
 20
755.4509134191154
 10
-164.5664682107662
 20
755.4509134191154
 10
-158.9911622662913
 20
755.4509134191154
 10
-158.9911622662913
 20
755.4509134191154
 10
-158.9911622662913
 20
755.4509134191154
 10
-158.9911622662913
 20
749.8669696593893
 10
-158.9911622662913
 20
749.8669696593893
 10
-158.9911622662913
 20
749.2909660787462
 10
-159.4291100334586
 20
748.8156316701602
 10
-159.9893039542752
 20
748.7566592688808
 10
-159.9893039542752
 20
748.7566592688808
 10
-159.9893039542752
 20
749.131315727142
 10
-159.9893039542752
 20
749.131315727142
 10
-159.9893039542752
 20
749.7792396536728
 10
-160.2417142588879
 20
750.3890483425816
 10
-160.7012214511133
 20
750.8485730913434
 10
-161.1751250020907
 20
751.3217480461134
 10
-161.8057908546542
 20
751.5741583507264
 10
-162.4738521269027
 20
751.5583311343673
 10
-163.7819193283687
 20
751.5288537119964
 10
-164.8454942225356
 20
750.419263139426
 10
-164.8454942225356
 20
749.0853000487396
 10
-164.8454942225356
 20
749.0853000487396
 10
-164.8454942225356
 20
742.5456575245452
 10
-164.8454942225356
 20
742.5456575245452
 10
-164.8454942225356
 20
741.2174529773617
 10
-163.7869580539322
 20
740.1071338085894
 10
-162.4867912932449
 20
740.0711780247772
 10
-162.4630548578393
 20
740.0704582068415
 10
-162.4400557969052
 20
740.0704582068415
 10
-162.4163193614989
 20
740.0704582068415
 10
-161.7806147833729
 20
740.0704582068415
 10
-161.1823231814672
 20
740.3128086168628
 10
-160.7249578865199
 20
740.7579370068715
 10
-160.2503520741391
 20
741.218892613238
 10
-159.9893039542752
 20
741.8373303391276
 10
-159.9893039542752
 20
742.4981934320028
 10
-159.9893039542752
 20
742.4981934320028
 10
-159.9893039542752
 20
745.0445844993924
 10
-159.9893039542752
 20
745.0445844993924
 10
-159.9893039542752
 20
745.0445844993924
 10
-159.4967026934542
 20
745.0445844993924
 10
-159.4967026934542
 20
745.0445844993924
 10
-158.6186652618422
 20
745.0445844993924
 10
-157.8707919811932
 20
745.6716600405341
 10
-157.7190508486359
 20
746.5374693454736
 10
-157.7190508486359
 20
746.5374693454736
 10
-156.240544804771
 20
755.4509134191154
 10
-156.240544804771
 20
755.4509134191154
 10
-156.240544804771
 20
755.4509134191154
 10
-150.9608031280959
 20
755.4509134191154
 10
-150.9608031280959
 20
755.4509134191154
 10
-150.6005254720506
 20
755.4509134191154
 10
-150.2373685442552
 20
755.4185479467228
 10
-149.8814097958363
 20
755.3545455981493
 10
-149.8814097958363
 20
755.3545455981493
 10
-140.3962810491813
 20
753.6452062312638
 10
-140.3962810491813
 20
753.6452062312638
 10
-139.2974701891419
 20
753.4481692382427
 10
-138.2777690760993
 20
752.9354481882386
 10
-137.4479067767021
 20
752.1631186542445
 10
-135.6587378448823
 20
750.4983553298883
 10
-133.6063788959207
 20
749.1687111468281
 10
-131.3483626952212
 20
748.2115727464864
 10
-130.0381360399423
 20
747.6564087729654
 10
-128.6452181045135
 20
747.3371256262943
 10
-127.2400632641449
 20
747.2544343461446
 10
-127.2400632641449
 20
747.2544343461446
 10
-127.2400632641449
 20
742.9151260266977
 10
-127.2400632641449
 20
742.9151260266977
 10
-128.8230658047102
 20
742.5726155841386
 10
-130.0129775251964
 20
741.1619304352246
 10
-130.0129775251964
 20
739.4779075919007
 10
-130.0129775251964
 20
739.4779075919007
 10
-130.0129775251964
 20
736.1972934498754
 10
-130.0129775251964
 20
736.1972934498754
 10
-130.0129775251964
 20
736.1972934498754
 10
-128.6277317955898
 20
736.1972934498754
 10
-128.6277317955898
 20
736.1972934498754
 10
-128.6277317955898
 20
736.1972934498754
 10
-128.6277317955898
 20
731.5338827148809
 10
-128.6277317955898
 20
731.5338827148809
 10
-128.6277317955898
 20
730.3564273560235
 10
-127.6732180972398
 20
729.4019136576728
 10
-126.4957715166487
 20
729.4019136576728
 10
-125.318324936058
 20
729.4019136576728
 10
-124.3638112377076
 20
730.3564273560235
 10
-124.3638112377076
 20
731.5338827148809
 10
-124.3638112377076
 20
731.5338827148809
 10
-124.3638112377076
 20
736.1972934498754
 10
-124.3638112377076
 20
736.1972934498754
 10
-124.3638112377076
 20
736.1972934498754
 10
-122.9785655081017
 20
736.1972934498754
 10
-122.9785655081017
 20
736.1972934498754
 10
-122.9785655081017
 20
736.1972934498754
 10
-122.9785655081017
 20
739.4779075919007
 10
-122.9785655081017
 20
739.4779075919007
 10
-122.9785655081017
 20
740.4169013132542
 10
-123.3442330204108
 20
741.3002057053858
 10
-124.0085723072266
 20
741.9654579320253
 10
-124.4940807278813
 20
742.4503430956854
 10
-125.0963401067112
 20
742.7752531118447
 10
-125.7514797691528
 20
742.9157405054251
 10
-125.7514797691528
 20
742.9157405054251
 10
-125.7514797691528
 20
747.2544343461446
 10
-125.7514797691528
 20
747.2544343461446
 10
-124.3463249287839
 20
747.3371256262943
 10
-122.9534069933554
 20
747.6564087729654
 10
-121.6431803380762
 20
748.2115727464864
 10
-119.385164137377
 20
749.1687111468281
 10
-117.3328051884152
 20
750.4983553298883
 10
-115.543636256596
 20
752.1631186542445
 10
-114.7137739571984
 20
752.9354481882386
 10
-113.6940728441565
 20
753.4481692382427
 10
-112.5952619841167
 20
753.6452062312638
 10
-112.5952619841167
 20
753.6452062312638
 10
-103.1101332374617
 20
755.3545455981493
 10
-103.1101332374617
 20
755.3545455981493
 10
-102.7541744890425
 20
755.4185479467228
 10
-102.3910175612468
 20
755.4509134191154
 10
-102.0307399052025
 20
755.4509134191154
 10
-102.0307399052025
 20
755.4509134191154
 10
-96.75099822852702
 20
755.4509134191154
 10
-96.75099822852702
 20
755.4509134191154
 10
-96.75099822852702
 20
755.4509134191154
 10
-95.27249218466147
 20
746.5360384878669
 10
-95.27249218466147
 20
746.5360384878669
 10
-95.12075105210458
 20
745.6716600405341
 10
-94.37287777145582
 20
745.0445844993924
 10
-93.4948403398442
 20
745.0445844993924
 10
-93.4948403398442
 20
745.0445844993924
 10
-93.00223907902317
 20
745.0445844993924
 10
-93.00223907902317
 20
745.0445844993924
 10
-93.00223907902317
 20
745.0445844993924
 10
-93.00223907902317
 20
742.5463773424842
 10
-93.00223907902317
 20
742.5463773424842
 10
-93.00223907902317
 20
741.2174529773617
 10
-91.9437029104195
 20
740.1071338085894
 10
-90.64209651385713
 20
740.0711780247772
 10
-89.9805136030466
 20
740.0539199508117
 10
-89.35488647604735
 20
740.2969901787708
 10
-88.88098292506933
 20
740.7579370068715
 10
-88.40709693062666
 20
741.2196036529069
 10
-88.14604881076247
 20
741.8373303391276
 10
-88.14604881076247
 20
742.4981934320028
 10
-88.14604881076247
 20
742.4981934320028
 10
-88.14604881076247
 20
749.0853000487396
 10
-88.14604881076247
 20
749.0853000487396
 10
-88.14604881076247
 20
750.419263139426
 10
-89.20962370492876
 20
751.5288537119964
 10
-90.5169710884569
 20
751.5583311343673
 10
-91.1857521786439
 20
751.5741583507264
 10
-91.8164180312064
 20
751.3217480461134
 10
-92.2903215821841
 20
750.847853273404
 10
-92.74982877440983
 20
750.3890483425816
 10
-93.00223907902317
 20
749.7792396536728
 10
-93.00223907902317
 20
749.131315727142
 10
-93.00223907902317
 20
749.131315727142
 10
-93.00223907902317
 20
748.7566592688808
 10
-93.00223907902317
 20
748.7566592688808
 10
-93.56243299983974
 20
748.8156316701602
 10
-94.00038076700679
 20
749.2909660787462
 10
-94.00038076700679
 20
749.8669696593893
 10
-94.00038076700679
 20
749.8669696593893
 10
-94.00038076700679
 20
755.4509134191154
 10
-94.00038076700679
 20
755.4509134191154
 10
-94.00038076700679
 20
755.4509134191154
 10
-88.42507482253151
 20
755.4509134191154
 10
-88.42507482253151
 20
755.4509134191154
 10
-87.72967802518849
 20
755.4509134191154
 10
-87.16446293534337
 20
756.0161285089592
 10
-87.16446293534337
 20
756.7115253063007
 10
-87.16446293534337
 20
756.7115253063007
 10
-87.16446293534337
 20
757.3011966494889
 10
-87.16446293534337
 20
757.3011966494889
 10
-87.16446293534337
 20
757.5003930963253
 10
-87.01560107453719
 20
757.6693747463138
 10
-86.81784426357845
 20
757.6945508175945
 10
-86.81784426357845
 20
757.6945508175945
 10
-21.89249597047666
 20
765.865862597552
 10
-21.89249597047666
 20
765.865862597552
 10
-20.77642703646863
 20
766.0060954213741
 10
-19.76534618214343
 20
766.4677620674133
 10
-18.97000003068149
 20
767.2019763637801
 10
-18.11208238825255
 20
767.9915639717432
 10
-17.75758083224436
 20
768.8861484376529
 10
-17.97113852475971
 20
769.7210406843463
 97
        0
 97
        0
 92
        1
 93
        1
 72
     4
 94
        3
 73
     0
 74
     1
 95
       20
 96
       16
 40
0.0
 40
0.0
 40
0.0
 40
0.0
 40
1.0
 40
1.0
 40
1.0
 40
2.0
 40
2.0
 40
2.0
 40
3.0
 40
3.0
 40
3.0
 40
4.0
 40
4.0
 40
4.0
 40
5.0
 40
5.0
 40
5.0
 40
5.0
 10
-127.7391253298692
 20
771.6425156644057
 10
-128.8048421213143
 20
771.7446332506048
 10
-134.9115843821707
 20
772.2120584401455
 10
-138.9084173721265
 20
769.984950519424
 10
-138.8386828148534
 20
771.3584684836089
 10
-138.3928170503724
 20
777.7895150601646
 10
-136.1139436860169
 20
780.1129820235806
 10
-134.3326927515114
 20
781.9287491060243
 10
-131.3462032414083
 20
782.2552304320706
 10
-129.4290471689732
 20
782.2552304320706
 10
-128.6142834897314
 20
782.2552304320706
 10
-127.9922554524197
 20
782.1962580307905
 10
-127.7391253298692
 20
782.167500426356
 10
-127.7391253298692
 20
782.167500426356
 10
-127.7391253298692
 20
771.6425156644057
 10
-127.7391253298692
 20
771.6425156644057
 97
        0
 97
        0
 92
        1
 93
        1
 72
     4
 94
        3
 73
     0
 74
     1
 95
       20
 96
       16
 40
0.0
 40
0.0
 40
0.0
 40
0.0
 40
1.0
 40
1.0
 40
1.0
 40
2.0
 40
2.0
 40
2.0
 40
3.0
 40
3.0
 40
3.0
 40
4.0
 40
4.0
 40
4.0
 40
5.0
 40
5.0
 40
5.0
 40
5.0
 10
-125.2524177034282
 20
771.6425156644057
 10
-125.2524177034282
 20
771.6425156644057
 10
-125.2524177034282
 20
782.167500426356
 10
-125.2524177034282
 20
782.167500426356
 10
-124.4045775121255
 20
782.2638506907861
 10
-119.4182406494376
 20
782.7025182758922
 10
-116.8775993472808
 20
780.1129820235806
 10
-114.5987259829251
 20
777.7895150601646
 10
-114.1528602184443
 20
771.3584684836089
 10
-114.083125661171
 20
769.984950519424
 10
-116.7308969402872
 20
771.4598574736007
 10
-120.3027388859528
 20
771.7532622875873
 10
-122.7232934882733
 20
771.7532622875873
 10
-123.9572896683051
 20
771.7532622875873
 10
-124.8921400473833
 20
771.6770318123406
 10
-125.2524177034282
 20
771.6425156644057
 97
        0
 97
        0
 92
        1
 93
        1
 72
     4
 94
        3
 73
     0
 74
     1
 95
       23
 96
       19
 40
0.0
 40
0.0
 40
0.0
 40
0.0
 40
1.0
 40
1.0
 40
1.0
 40
2.0
 40
2.0
 40
2.0
 40
3.0
 40
3.0
 40
3.0
 40
4.0
 40
4.0
 40
4.0
 40
5.0
 40
5.0
 40
5.0
 40
6.0
 40
6.0
 40
6.0
 40
6.0
 10
-129.2219502813602
 20
736.9883206937093
 10
-129.2219502813602
 20
736.9883206937093
 10
-129.2219502813602
 20
739.4779075919007
 10
-129.2219502813602
 20
739.4779075919007
 10
-129.2219502813602
 20
740.7230697282341
 10
-128.3825021138179
 20
741.7751626484672
 10
-127.2400632641449
 20
742.0999585471502
 10
-127.2400632641449
 20
742.0999585471502
 10
-127.2400632641449
 20
741.4507793283611
 10
-127.2400632641449
 20
741.4507793283611
 10
-128.0504378096215
 20
741.148789368729
 10
-128.6277317955898
 20
740.3682258197907
 10
-128.6277317955898
 20
739.4526174031408
 10
-128.6277317955898
 20
739.4526174031408
 10
-128.6277317955898
 20
736.9883206937093
 10
-128.6277317955898
 20
736.9883206937093
 10
-128.6277317955898
 20
736.9883206937093
 10
-129.2219502813602
 20
736.9883206937093
 10
-129.2219502813602
 20
736.9883206937093
 97
        0
 97
        0
 92
        1
 93
        1
 72
     4
 94
        3
 73
     0
 74
     1
 95
       26
 96
       22
 40
0.0
 40
0.0
 40
0.0
 40
0.0
 40
1.0
 40
1.0
 40
1.0
 40
2.0
 40
2.0
 40
2.0
 40
3.0
 40
3.0
 40
3.0
 40
4.0
 40
4.0
 40
4.0
 40
5.0
 40
5.0
 40
5.0
 40
6.0
 40
6.0
 40
6.0
 40
7.0
 40
7.0
 40
7.0
 40
7.0
 10
-124.5679235143601
 20
741.406141837961
 10
-124.0530956801483
 20
740.8906117423486
 10
-123.7695927519376
 20
740.2058015356466
 10
-123.7695927519376
 20
739.4779075919007
 10
-123.7695927519376
 20
739.4779075919007
 10
-123.7695927519376
 20
736.9883206937093
 10
-123.7695927519376
 20
736.9883206937093
 10
-123.7695927519376
 20
736.9883206937093
 10
-124.3638112377076
 20
736.9883206937093
 10
-124.3638112377076
 20
736.9883206937093
 10
-124.3638112377076
 20
736.9883206937093
 10
-124.3638112377076
 20
739.4526174031408
 10
-124.3638112377076
 20
739.4526174031408
 10
-124.3638112377076
 20
740.3682258197907
 10
-124.9411052236766
 20
741.148789368729
 10
-125.7514797691528
 20
741.4507793283611
 10
-125.7514797691528
 20
741.4507793283611
 10
-125.7514797691528
 20
742.1010031609857
 10
-125.7514797691528
 20
742.1010031609857
 10
-125.3085986156333
 20
741.976079635741
 10
-124.902375507326
 20
741.7401549175511
 10
-124.5679235143601
 20
741.406141837961
 97
        0
 97
        0
 75
     2
 76
     1
 98
        0
  0
SPLINE
  5
52
330
1F
100
AcDbEntity
  8
Layer 1
370
     0
100
AcDbSpline
210
0.0
220
0.0
230
1.0
 70
    11
 71
     3
 72
   410
 73
   406
 74
     0
 42
0.0000000001
 43
0.0000000001
 12
1.0
 22
0.0
 32
0.0
 13
1.0
 23
0.0
 33
0.0
 40
0.0
 40
0.0
 40
0.0
 40
0.0
 40
1.0
 40
1.0
 40
1.0
 40
2.0
 40
2.0
 40
2.0
 40
3.0
 40
3.0
 40
3.0
 40
4.0
 40
4.0
 40
4.0
 40
5.0
 40
5.0
 40
5.0
 40
6.0
 40
6.0
 40
6.0
 40
7.0
 40
7.0
 40
7.0
 40
8.0
 40
8.0
 40
8.0
 40
9.0
 40
9.0
 40
9.0
 40
10.0
 40
10.0
 40
10.0
 40
11.0
 40
11.0
 40
11.0
 40
12.0
 40
12.0
 40
12.0
 40
13.0
 40
13.0
 40
13.0
 40
14.0
 40
14.0
 40
14.0
 40
15.0
 40
15.0
 40
15.0
 40
16.0
 40
16.0
 40
16.0
 40
17.0
 40
17.0
 40
17.0
 40
18.0
 40
18.0
 40
18.0
 40
19.0
 40
19.0
 40
19.0
 40
20.0
 40
20.0
 40
20.0
 40
21.0
 40
21.0
 40
21.0
 40
22.0
 40
22.0
 40
22.0
 40
23.0
 40
23.0
 40
23.0
 40
24.0
 40
24.0
 40
24.0
 40
25.0
 40
25.0
 40
25.0
 40
26.0
 40
26.0
 40
26.0
 40
27.0
 40
27.0
 40
27.0
 40
28.0
 40
28.0
 40
28.0
 40
29.0
 40
29.0
 40
29.0
 40
30.0
 40
30.0
 40
30.0
 40
31.0
 40
31.0
 40
31.0
 40
32.0
 40
32.0
 40
32.0
 40
33.0
 40
33.0
 40
33.0
 40
34.0
 40
34.0
 40
34.0
 40
35.0
 40
35.0
 40
35.0
 40
36.0
 40
36.0
 40
36.0
 40
37.0
 40
37.0
 40
37.0
 40
38.0
 40
38.0
 40
38.0
 40
39.0
 40
39.0
 40
39.0
 40
40.0
 40
40.0
 40
40.0
 40
41.0
 40
41.0
 40
41.0
 40
42.0
 40
42.0
 40
42.0
 40
43.0
 40
43.0
 40
43.0
 40
44.0
 40
44.0
 40
44.0
 40
45.0
 40
45.0
 40
45.0
 40
46.0
 40
46.0
 40
46.0
 40
47.0
 40
47.0
 40
47.0
 40
48.0
 40
48.0
 40
48.0
 40
49.0
 40
49.0
 40
49.0
 40
50.0
 40
50.0
 40
50.0
 40
51.0
 40
51.0
 40
51.0
 40
52.0
 40
52.0
 40
52.0
 40
53.0
 40
53.0
 40
53.0
 40
54.0
 40
54.0
 40
54.0
 40
55.0
 40
55.0
 40
55.0
 40
56.0
 40
56.0
 40
56.0
 40
57.0
 40
57.0
 40
57.0
 40
58.0
 40
58.0
 40
58.0
 40
59.0
 40
59.0
 40
59.0
 40
60.0
 40
60.0
 40
60.0
 40
61.0
 40
61.0
 40
61.0
 40
62.0
 40
62.0
 40
62.0
 40
63.0
 40
63.0
 40
63.0
 40
64.0
 40
64.0
 40
64.0
 40
65.0
 40
65.0
 40
65.0
 40
66.0
 40
66.0
 40
66.0
 40
67.0
 40
67.0
 40
67.0
 40
68.0
 40
68.0
 40
68.0
 40
69.0
 40
69.0
 40
69.0
 40
70.0
 40
70.0
 40
70.0
 40
71.0
 40
71.0
 40
71.0
 40
72.0
 40
72.0
 40
72.0
 40
73.0
 40
73.0
 40
73.0
 40
74.0
 40
74.0
 40
74.0
 40
75.0
 40
75.0
 40
75.0
 40
76.0
 40
76.0
 40
76.0
 40
77.0
 40
77.0
 40
77.0
 40
78.0
 40
78.0
 40
78.0
 40
79.0
 40
79.0
 40
79.0
 40
80.0
 40
80.0
 40
80.0
 40
81.0
 40
81.0
 40
81.0
 40
82.0
 40
82.0
 40
82.0
 40
83.0
 40
83.0
 40
83.0
 40
84.0
 40
84.0
 40
84.0
 40
85.0
 40
85.0
 40
85.0
 40
86.0
 40
86.0
 40
86.0
 40
87.0
 40
87.0
 40
87.0
 40
88.0
 40
88.0
 40
88.0
 40
89.0
 40
89.0
 40
89.0
 40
90.0
 40
90.0
 40
90.0
 40
91.0
 40
91.0
 40
91.0
 40
92.0
 40
92.0
 40
92.0
 40
93.0
 40
93.0
 40
93.0
 40
94.0
 40
94.0
 40
94.0
 40
95.0
 40
95.0
 40
95.0
 40
96.0
 40
96.0
 40
96.0
 40
97.0
 40
97.0
 40
97.0
 40
98.0
 40
98.0
 40
98.0
 40
99.0
 40
99.0
 40
99.0
 40
100.0
 40
100.0
 40
100.0
 40
101.0
 40
101.0
 40
101.0
 40
102.0
 40
102.0
 40
102.0
 40
103.0
 40
103.0
 40
103.0
 40
104.0
 40
104.0
 40
104.0
 40
105.0
 40
105.0
 40
105.0
 40
106.0
 40
106.0
 40
106.0
 40
107.0
 40
107.0
 40
107.0
 40
108.0
 40
108.0
 40
108.0
 40
109.0
 40
109.0
 40
109.0
 40
110.0
 40
110.0
 40
110.0
 40
111.0
 40
111.0
 40
111.0
 40
112.0
 40
112.0
 40
112.0
 40
113.0
 40
113.0
 40
113.0
 40
114.0
 40
114.0
 40
114.0
 40
115.0
 40
115.0
 40
115.0
 40
116.0
 40
116.0
 40
116.0
 40
117.0
 40
117.0
 40
117.0
 40
118.0
 40
118.0
 40
118.0
 40
119.0
 40
119.0
 40
119.0
 40
120.0
 40
120.0
 40
120.0
 40
121.0
 40
121.0
 40
121.0
 40
122.0
 40
122.0
 40
122.0
 40
123.0
 40
123.0
 40
123.0
 40
124.0
 40
124.0
 40
124.0
 40
125.0
 40
125.0
 40
125.0
 40
126.0
 40
126.0
 40
126.0
 40
127.0
 40
127.0
 40
127.0
 40
128.0
 40
128.0
 40
128.0
 40
129.0
 40
129.0
 40
129.0
 40
130.0
 40
130.0
 40
130.0
 40
131.0
 40
131.0
 40
131.0
 40
132.0
 40
132.0
 40
132.0
 40
133.0
 40
133.0
 40
133.0
 40
134.0
 40
134.0
 40
134.0
 40
135.0
 40
135.0
 40
135.0
 40
135.0
 10
155.3367839667612
 20
575.8712328715968
 30
0.0
 10
154.1965276600343
 20
577.44616601771
 30
0.0
 10
151.0884878471794
 20
578.7069677614529
 30
0.0
 10
147.0224554588789
 20
579.24376976714
 30
0.0
 10
141.7608367025706
 20
579.9372652598947
 30
0.0
 10
135.5568410514447
 20
577.9063784767397
 30
0.0
 10
132.5757349085888
 20
576.9306408096794
 30
0.0
 10
132.1006165725973
 20
576.7753496176574
 30
0.0
 10
131.7254939919138
 20
576.6526747696445
 30
0.0
 10
131.4446887372197
 20
576.5704067936707
 30
0.0
 10
129.440757181043
 20
575.983970468303
 30
0.0
 10
91.15228552455804
 20
563.4802249204444
 30
0.0
 10
89.7808755951031
 20
563.0327716150939
 30
0.0
 10
89.7808755951031
 20
563.0327716150939
 30
0.0
 10
81.30768956459141
 20
566.1074852802757
 30
0.0
 10
81.30768956459141
 20
566.1074852802757
 30
0.0
 10
81.30768956459141
 20
566.1074852802757
 30
0.0
 10
81.19566177155154
 20
566.1486019559777
 30
0.0
 10
81.19566177155154
 20
566.1486019559777
 30
0.0
 10
80.88082056551889
 20
566.4783490389702
 30
0.0
 10
76.3744155962311
 20
571.1698223296299
 30
0.0
 10
72.29418713463716
 20
574.4608010528651
 30
0.0
 10
72.28142798095615
 20
574.4714481078354
 30
0.0
 10
72.26794171132526
 20
574.4813680468579
 30
0.0
 10
72.25518255764393
 20
574.4920151018291
 30
0.0
 10
72.25518255764393
 20
574.4920151018291
 30
0.0
 10
72.09776195462761
 20
574.618238968164
 30
0.0
 10
72.09776195462761
 20
574.618238968164
 30
0.0
 10
72.09776195462761
 20
574.618238968164
 30
0.0
 10
71.58578576492195
 20
575.0309292062285
 30
0.0
 10
71.58578576492195
 20
575.0309292062285
 30
0.0
 10
71.58578576492195
 20
575.0309292062285
 30
0.0
 10
71.60493315158553
 20
575.0054108988659
 30
0.0
 10
71.60493315158553
 20
575.0054108988659
 30
0.0
 10
70.2100997011936
 20
576.0868054382689
 30
0.0
 10
69.0336953444177
 20
576.8568904776803
 30
0.0
 10
68.10049396038707
 20
577.2986653537158
 30
0.0
 10
66.55393564858271
 20
578.0318925394131
 30
0.0
 10
64.90949368017716
 20
578.4672791824612
 30
0.0
 10
63.14026476505169
 20
578.7083873687808
 30
0.0
 10
62.96158467666132
 20
579.1019475324647
 30
0.0
 10
62.56234608366062
 20
579.3614759894996
 30
0.0
 10
62.12765193198958
 20
579.3614759894996
 30
0.0
 10
62.12765193198958
 20
579.3614759894996
 30
0.0
 10
61.86104275059244
 20
579.3614759894996
 30
0.0
 10
61.86104275059244
 20
579.3614759894996
 30
0.0
 10
61.70360483529099
 20
579.3614759894996
 30
0.0
 10
61.57526887024628
 20
579.23312271217
 30
0.0
 10
61.57526887024628
 20
579.0757021091525
 30
0.0
 10
61.57526887024628
 20
579.0757021091525
 30
0.0
 10
61.57526887024628
 20
578.8707765974492
 30
0.0
 10
61.57526887024628
 20
578.8707765974492
 30
0.0
 10
59.48479320382013
 20
579.0274873968015
 30
0.0
 10
57.22415509298114
 20
578.9721746478037
 30
0.0
 10
54.75220323745732
 20
578.8558707204911
 30
0.0
 10
54.75220323745732
 20
578.8558707204911
 30
0.0
 10
53.65590282109287
 20
580.5109424315833
 30
0.0
 10
53.65590282109287
 20
580.5109424315833
 30
0.0
 10
53.61831785142918
 20
580.5669649842442
 30
0.0
 10
53.56018320005718
 20
580.6031303465803
 30
0.0
 10
53.49635280708225
 20
580.6130675978839
 30
0.0
 10
53.49624893337535
 20
580.6130849101689
 30
0.0
 10
53.49612774738397
 20
580.6130675978839
 30
0.0
 10
53.49602387367611
 20
580.6130849101689
 30
0.0
 10
53.49602387367611
 20
580.6130849101689
 30
0.0
 10
46.33753272857722
 20
594.0044312846674
 30
0.0
 10
46.33753272857722
 20
594.0044312846674
 30
0.0
 10
46.29141280265217
 20
594.0907503352179
 30
0.0
 10
46.18386889129853
 20
594.1233666792275
 30
0.0
 10
46.09758446531926
 20
594.0771775041636
 30
0.0
 10
46.01123079020173
 20
594.0310229536702
 30
0.0
 10
45.97868369532998
 20
593.9236175405933
 30
0.0
 10
46.02480362125439
 20
593.8372638654743
 30
0.0
 10
46.02480362125439
 20
593.8372638654743
 30
0.0
 10
53.18151160105024
 20
580.4492587618878
 30
0.0
 10
53.18151160105024
 20
580.4492587618878
 30
0.0
 10
53.16023480339108
 20
580.3925264055583
 30
0.0
 10
53.16094460705681
 20
580.3280035212038
 30
0.0
 10
53.18931944136268
 20
580.2677221465549
 30
0.0
 10
53.33325377474747
 20
579.963510683207
 30
0.0
 10
53.56655412075528
 20
579.4231596591951
 30
0.0
 10
53.73391197507834
 20
578.8062364008124
 30
0.0
 10
53.25881095136999
 20
578.7814278971123
 30
0.0
 10
52.77519228368603
 20
578.7558922774684
 30
0.0
 10
52.28449289163792
 20
578.7296641664403
 30
0.0
 10
51.95971443429854
 20
578.7119363871063
 30
0.0
 10
51.63069446725601
 20
578.69420860777
 30
0.0
 10
51.29810816960418
 20
578.6771906321027
 30
0.0
 10
50.85351139119633
 20
578.6537844234495
 30
0.0
 10
50.29117376586084
 20
578.6176190611166
 30
0.0
 10
49.62956750116648
 20
578.5708239560938
 30
0.0
 10
49.62956750116648
 20
578.5708239560938
 30
0.0
 10
-8.334592493335393
 20
603.3450320180872
 30
0.0
 10
-8.334592493335393
 20
603.3450320180872
 30
0.0
 10
-8.334592493335393
 20
603.3450320180872
 30
0.0
 10
-8.482785648710065
 20
603.6180467447521
 30
0.0
 10
-8.482785648710065
 20
603.6180467447521
 30
0.0
 10
-8.96001608341208
 20
604.8469419481495
 30
0.0
 10
-9.366352713060133
 20
605.3674184695462
 30
0.0
 10
-9.623041955435975
 20
605.587959661876
 30
0.0
 10
-9.729408631443484
 20
605.6794204609233
 30
0.0
 10
-9.790399809758714
 20
605.8155815785627
 30
0.0
 10
-9.790399809758714
 20
605.9616453229451
 30
0.0
 10
-9.790399809758714
 20
605.9616453229451
 30
0.0
 10
-9.790399809758714
 20
606.5594385069496
 30
0.0
 10
-9.790399809758714
 20
606.5594385069496
 30
0.0
 10
-9.790399809758714
 20
606.9104450753155
 30
0.0
 10
-10.06339722413939
 20
607.1990581703191
 30
0.0
 10
-10.40803287180777
 20
607.2231568703531
 30
0.0
 10
-10.40803287180777
 20
607.2231568703531
 30
0.0
 10
-10.40803287180777
 20
607.8358386190323
 30
0.0
 10
-10.40803287180777
 20
607.8358386190323
 30
0.0
 10
-10.40803287180777
 20
608.1067066224177
 30
0.0
 10
-10.62784694818469
 20
608.3265380110807
 30
0.0
 10
-10.89802246019047
 20
608.3265380110807
 30
0.0
 10
-10.89802246019047
 20
608.3265380110807
 30
0.0
 10
-11.84895162355515
 20
608.3265380110807
 30
0.0
 10
-11.84895162355515
 20
608.3265380110807
 30
0.0
 10
-12.11910982327676
 20
608.3265380110807
 30
0.0
 10
-12.33894121193848
 20
608.1067066224177
 30
0.0
 10
-12.33894121193848
 20
607.8358386190323
 30
0.0
 10
-12.33894121193848
 20
607.8358386190323
 30
0.0
 10
-12.33894121193848
 20
607.2238666740163
 30
0.0
 10
-12.33894121193848
 20
607.2238666740163
 30
0.0
 10
-12.49849122594911
 20
607.212527127667
 30
0.0
 10
-12.64739418498855
 20
607.1444552249865
 30
0.0
 10
-12.76156870130753
 20
607.0302807086684
 30
0.0
 10
-12.88708276397831
 20
606.904766645996
 30
0.0
 10
-12.9565742739869
 20
606.7374261039578
 30
0.0
 10
-12.9565742739869
 20
606.5594385069496
 30
0.0
 10
-12.9565742739869
 20
606.2998927376302
 30
0.0
 10
-13.15938768697966
 20
606.0800786612517
 30
0.0
 10
-13.41891614401393
 20
606.0602214709234
 30
0.0
 10
-13.41891614401393
 20
606.0602214709234
 30
0.0
 10
-18.21322440464123
 20
605.6858086939053
 30
0.0
 10
-18.21322440464123
 20
605.6858086939053
 30
0.0
 10
-18.44437802737026
 20
605.6673711109058
 30
0.0
 10
-18.65570908433927
 20
605.5496648885465
 30
0.0
 10
-18.79256269336215
 20
605.3617400402306
 30
0.0
 10
-18.92941630238503
 20
605.173832504199
 30
0.0
 10
-18.97621140740556
 20
604.9362733362022
 30
0.0
 10
-18.92233557802185
 20
604.710071026843
 30
0.0
 10
-18.92233557802185
 20
604.710071026843
 30
0.0
 10
-18.79185288969738
 20
604.1683177077849
 30
0.0
 10
-18.79185288969738
 20
604.1683177077849
 30
0.0
 10
-18.79185288969738
 20
604.1683177077849
 30
0.0
 10
-27.32104416058741
 20
603.1230885307131
 30
0.0
 10
-27.32104416058741
 20
603.1230885307131
 30
0.0
 10
-27.4181833889523
 20
603.1117316720781
 30
0.0
 10
-27.48696509529613
 20
603.0230927754062
 30
0.0
 10
-27.47562554894434
 20
602.9259535470406
 30
0.0
 10
-27.46428600259255
 20
602.8358950430384
 30
0.0
 10
-27.38769645593629
 20
602.7699525513539
 30
0.0
 10
-27.2997673629292
 20
602.7699525513539
 30
0.0
 10
-27.29268663856505
 20
602.7699525513539
 30
0.0
 10
-27.28487879825326
 20
602.7706450427348
 30
0.0
 10
-27.27778076160526
 20
602.7713721586819
 30
0.0
 10
-27.27778076160526
 20
602.7713721586819
 30
0.0
 10
-18.70818261867858
 20
603.8215526491225
 30
0.0
 10
-18.70818261867858
 20
603.8215526491225
 30
0.0
 10
-18.70818261867858
 20
603.8215526491225
 30
0.0
 10
-11.26535451284722
 20
572.895095354394
 30
0.0
 10
-11.26535451284722
 20
572.895095354394
 30
0.0
 10
-12.32050362893903
 20
571.7399504829938
 30
0.0
 10
-12.33255297895622
 20
570.5684974395851
 30
0.0
 10
-12.2992268312805
 20
570.166436944212
 30
0.0
 10
-12.2992268312805
 20
570.166436944212
 30
0.0
 10
-44.75312967571974
 20
564.7821519960344
 30
0.0
 10
-44.75312967571974
 20
564.7821519960344
 30
0.0
 10
-44.75312967571974
 20
564.7821519960344
 30
0.0
 10
-44.52691005407511
 20
564.6332403808532
 30
0.0
 10
-44.52691005407511
 20
564.6332403808532
 30
0.0
 10
-44.4758561270663
 20
564.599204429514
 30
0.0
 10
-39.34047854937894
 20
561.255033712134
 30
0.0
 10
-33.1088005553265
 20
561.0564791211285
 30
0.0
 10
-33.1088005553265
 20
561.0564791211285
 30
0.0
 10
-33.09746100897568
 20
561.0564791211285
 30
0.0
 10
-33.09746100897568
 20
561.0564791211285
 30
0.0
 10
-33.09746100897568
 20
561.0564791211285
 30
0.0
 10
-11.62273200191116
 20
564.8140671925214
 30
0.0
 10
-11.62273200191116
 20
564.8140671925214
 30
0.0
 10
-11.42121701025719
 20
564.4897907914327
 30
0.0
 10
-10.35495340751091
 20
563.218047683879
 30
0.0
 10
-5.327933418548865
 20
561.3107013629638
 30
0.0
 10
-5.327933418548865
 20
561.3107013629638
 30
0.0
 10
-5.716923139121493
 20
560.2526264707896
 30
0.0
 10
-5.716923139121493
 20
560.2526264707896
 30
0.0
 10
-5.840982969894409
 20
559.9152013896172
 30
0.0
 10
-5.678212870965769
 20
559.5398104685231
 30
0.0
 10
-5.347115429782378
 20
559.3997367745835
 30
0.0
 10
-5.111460613081338
 20
559.300035328111
 30
0.0
 10
-4.839692370900559
 20
559.3424417690075
 30
0.0
 10
-4.645604349300719
 20
559.5091850372303
 30
0.0
 10
-4.645604349300719
 20
559.5091850372303
 30
0.0
 10
-3.376613894984736
 20
560.5994434663044
 30
0.0
 10
-3.376613894984736
 20
560.5994434663044
 30
0.0
 10
-2.669008890357348
 20
560.3374393525842
 30
0.0
 10
-1.947086626441956
 20
560.0508085141556
 30
0.0
 10
-1.222203961876114
 20
559.7439223028524
 30
0.0
 10
-1.222203961876114
 20
559.7439223028524
 30
0.0
 10
19.57815962681208
 20
550.9466849309529
 30
0.0
 10
19.57815962681208
 20
550.9466849309529
 30
0.0
 10
19.57815962681208
 20
550.9466849309529
 30
0.0
 10
-31.71611382821336
 20
550.9466849309529
 30
0.0
 10
-31.71611382821336
 20
550.9466849309529
 30
0.0
 10
-31.78276612356288
 20
550.9495241456116
 30
0.0
 10
-38.45763860097813
 20
551.2274901856454
 30
0.0
 10
-45.772113429479
 20
548.2506428647781
 30
0.0
 10
-45.90825723483712
 20
548.19533011578
 30
0.0
 10
-45.98697619248767
 20
548.0648560835983
 30
0.0
 10
-45.97208762781237
 20
547.9180738794114
 30
0.0
 10
-45.95719906313675
 20
547.7727026264109
 30
0.0
 10
-45.85507389683336
 20
547.6606575210863
 30
0.0
 10
-45.71042975978316
 20
547.6337196063954
 30
0.0
 10
-43.65187794598641
 20
547.248668430546
 30
0.0
 10
-38.69092163470114
 20
546.2927879538128
 30
0.0
 10
-37.09542149459523
 20
545.734717806609
 30
0.0
 10
-35.17516020943633
 20
545.0624817992282
 30
0.0
 10
-30.74463498313972
 20
544.2136778021646
 30
0.0
 10
-27.42670103292951
 20
544.2136778021646
 30
0.0
 10
-27.19411049058614
 20
544.2136778021646
 30
0.0
 10
-26.96577877023233
 20
544.2179279680115
 30
0.0
 10
-26.74452777424139
 20
544.2271467595114
 30
0.0
 10
-25.59081982245355
 20
544.2725222572021
 30
0.0
 10
-18.32951101967067
 20
544.2987676805143
 30
0.0
 10
-9.311039964062397
 20
544.3129464415255
 30
0.0
 10
-9.311039964062397
 20
544.3129464415255
 30
0.0
 10
-9.311039964062397
 20
541.3176615376572
 30
0.0
 10
-9.311039964062397
 20
541.3176615376572
 30
0.0
 10
-9.311039964062397
 20
541.3176615376572
 30
0.0
 10
-8.159444110984698
 20
542.3458727390599
 30
0.0
 10
-8.159444110984698
 20
542.3458727390599
 30
0.0
 10
-8.159444110984698
 20
542.3458727390599
 30
0.0
 10
-8.159444110984698
 20
544.3150758525188
 30
0.0
 10
-8.159444110984698
 20
544.3150758525188
 30
0.0
 10
2.685715332026207
 20
544.3306742208589
 30
0.0
 10
15.73760243192341
 20
544.3313840245243
 30
0.0
 10
23.77538450709992
 20
544.3299644171934
 30
0.0
 10
23.77538450709992
 20
544.3299644171934
 30
0.0
 10
23.77538450709992
 20
540.7794485807814
 30
0.0
 10
23.77538450709992
 20
540.7794485807814
 30
0.0
 10
23.77538450709992
 20
540.7794485807814
 30
0.0
 10
23.81296947676361
 20
540.7482431879611
 30
0.0
 10
23.81296947676361
 20
540.7482431879611
 30
0.0
 10
23.83282666709228
 20
540.7312252122895
 30
0.0
 10
24.28736069680623
 20
540.3348344900909
 30
0.0
 10
24.25261494180194
 20
539.4505662782185
 30
0.0
 10
24.10724368880185
 20
539.2357121713509
 30
0.0
 10
23.17264000972745
 20
537.8075612294276
 30
0.0
 10
22.87976809273266
 20
536.2354672979745
 30
0.0
 10
21.653712103993
 20
536.2992803786647
 30
0.0
 10
20.08090836887643
 20
536.3297759678227
 30
0.0
 10
18.61447130976608
 20
536.0482522533215
 30
0.0
 10
17.66568886967987
 20
535.8660144904677
 30
0.0
 10
16.68993389033282
 20
535.6121558066083
 30
0.0
 10
15.71563314288492
 20
535.2937655822531
 30
0.0
 10
14.96112915952914
 20
535.0477060825636
 30
0.0
 10
14.60231475085119
 20
534.6222393785355
 30
0.0
 10
14.70584221219803
 20
534.0946561643477
 30
0.0
 10
15.11358113689178
 20
532.0127067980402
 30
0.0
 10
16.99556496100798
 20
530.480309934958
 30
0.0
 10
18.50810463375889
 20
529.2485928291885
 30
0.0
 10
18.50810463375889
 20
529.2485928291885
 30
0.0
 10
18.59674353043107
 20
529.1769719081847
 30
0.0
 10
18.59674353043107
 20
529.1769719081847
 30
0.0
 10
18.59674353043107
 20
529.1769719081847
 30
0.0
 10
19.10091187982527
 20
529.1769719081847
 30
0.0
 10
19.10091187982527
 20
529.1769719081847
 30
0.0
 10
19.09738017378623
 20
529.1060607908479
 30
0.0
 10
19.09525076279225
 20
529.0337300661789
 30
0.0
 10
19.09525076279225
 20
528.9613993415119
 30
0.0
 10
19.09525076279225
 20
526.5915553400066
 30
0.0
 10
21.02331988826422
 20
524.6634775583916
 30
0.0
 10
23.39387369343391
 20
524.6634775583916
 30
0.0
 10
25.25245130889665
 20
524.6634775583916
 30
0.0
 10
26.8394511173092
 20
525.8491093628082
 30
0.0
 10
27.43722698902958
 20
527.5034626140939
 30
0.0
 10
27.90098846638615
 20
527.5594851667568
 30
0.0
 10
28.3370849131
 20
527.7374727637649
 30
0.0
 10
28.68881859741605
 20
528.0253760551063
 30
0.0
 10
29.31353238382733
 20
528.5366424411466
 30
0.0
 10
29.57520756414134
 20
529.3485712722112
 30
0.0
 10
29.46742128080494
 20
530.4377736519274
 30
0.0
 10
29.3504075498256
 20
531.6099364989994
 30
0.0
 10
29.08165164514969
 20
532.5395715524205
 30
0.0
 10
28.64413559110566
 20
533.2805979222884
 30
0.0
 10
28.19102116872124
 20
534.0485622068492
 30
0.0
 10
27.52020476866875
 20
534.5569980343719
 30
0.0
 10
26.86567922833661
 20
534.9207724125617
 30
0.0
 10
26.86567922833661
 20
534.9207724125617
 30
0.0
 10
26.99403250566709
 20
537.4189696913984
 30
0.0
 10
26.99403250566709
 20
537.4189696913984
 30
0.0
 10
26.99403250566709
 20
537.4189696913984
 30
0.0
 10
27.85916198701867
 20
537.4189696913984
 30
0.0
 10
27.85916198701867
 20
537.4189696913984
 30
0.0
 10
27.85916198701867
 20
537.4189696913984
 30
0.0
 10
28.39523687675841
 20
544.3285448098649
 30
0.0
 10
28.39523687675841
 20
544.3285448098649
 30
0.0
 10
30.16588539921309
 20
544.3278350061995
 30
0.0
 10
31.21608320193761
 20
544.327125202534
 30
0.0
 10
31.2905433375999
 20
544.327125202534
 30
0.0
 10
31.2905433375999
 20
544.327125202534
 30
0.0
 10
42.6739070813442
 20
544.3746387673631
 30
0.0
 10
42.6739070813442
 20
544.3746387673631
 30
0.0
 10
42.6739070813442
 20
544.3746387673631
 30
0.0
 10
42.67885839471277
 20
544.3746387673631
 30
0.0
 10
42.67885839471277
 20
544.3746387673631
 30
0.0
 10
42.98306985805775
 20
544.3746387673631
 30
0.0
 10
43.27523197138682
 20
544.2455843425105
 30
0.0
 10
43.48015748308876
 20
544.020083180673
 30
0.0
 10
43.48015748308876
 20
544.020083180673
 30
0.0
 10
43.67303364477414
 20
543.8080596323225
 30
0.0
 10
43.67303364477414
 20
543.8080596323225
 30
0.0
 10
43.97724510811913
 20
543.4740710396281
 30
0.0
 10
44.44100658547602
 20
543.3209006024562
 30
0.0
 10
44.88420106883786
 20
543.4088296954642
 30
0.0
 10
44.88420106883786
 20
543.4088296954642
 30
0.0
 10
47.22142872633279
 20
543.8725911728201
 30
0.0
 10
47.22142872633279
 20
543.8725911728201
 30
0.0
 10
47.31574605232374
 20
543.8910287558199
 30
0.0
 10
47.41290259297345
 20
543.8974083326598
 30
0.0
 10
47.50933201767357
 20
543.890318952157
 30
0.0
 10
47.50933201767357
 20
543.890318952157
 30
0.0
 10
68.49902274972365
 20
542.3813282977277
 30
0.0
 10
68.49902274972365
 20
542.3813282977277
 30
0.0
 10
68.94718585874014
 20
542.3487119537203
 30
0.0
 10
69.37689407247206
 20
542.4529492187313
 30
0.0
 10
69.7435163214634
 20
542.6805711354203
 30
0.0
 10
70.15338465714984
 20
542.9358580827518
 30
0.0
 10
70.86391543786033
 20
543.1521317969466
 30
0.0
 10
71.92048416128294
 20
542.7323348660962
 30
0.0
 10
71.92048416128294
 20
542.7323348660962
 30
0.0
 10
71.93963154794652
 20
542.724544338067
 30
0.0
 10
71.93963154794652
 20
542.724544338067
 30
0.0
 10
71.93963154794652
 20
542.724544338067
 30
0.0
 10
77.7720709489973
 20
542.791196633417
 30
0.0
 10
77.7720709489973
 20
542.791196633417
 30
0.0
 10
77.88269644699373
 20
542.455078629724
 30
0.0
 10
78.36771740972242
 20
541.1460621736315
 30
0.0
 10
79.2853204254133
 20
540.6830104999391
 30
0.0
 10
79.2853204254133
 20
540.6830104999391
 30
0.0
 10
78.95770275341518
 20
538.2252287492856
 30
0.0
 10
78.95770275341518
 20
538.2252287492856
 30
0.0
 10
78.95770275341518
 20
538.2252287492856
 30
0.0
 10
80.3489871854839
 20
535.3937440252754
 30
0.0
 10
80.3489871854839
 20
535.3937440252754
 30
0.0
 10
80.3489871854839
 20
535.3937440252754
 30
0.0
 10
78.93358674109757
 20
535.0320990580785
 30
0.0
 10
78.93358674109757
 20
535.0320990580785
 30
0.0
 10
78.93358674109757
 20
535.0320990580785
 30
0.0
 10
71.92829200159538
 20
536.7623320523577
 30
0.0
 10
71.92829200159538
 20
536.7623320523577
 30
0.0
 10
71.92829200159538
 20
536.7623320523577
 30
0.0
 10
74.51015955144959
 20
530.6817037406225
 30
0.0
 10
74.51015955144959
 20
530.6817037406225
 30
0.0
 10
74.51015955144959
 20
530.6817037406225
 30
0.0
 10
78.93358674109757
 20
527.6254363145823
 30
0.0
 10
78.93358674109757
 20
527.6254363145823
 30
0.0
 10
78.93358674109757
 20
527.6254363145823
 30
0.0
 10
79.69730085981053
 20
527.6254363145823
 30
0.0
 10
79.69730085981053
 20
527.6254363145823
 30
0.0
 10
79.95613682546579
 20
525.5009333529607
 30
0.0
 10
81.7714510419467
 20
523.8501204638567
 30
0.0
 10
83.96403456239304
 20
523.8501204638567
 30
0.0
 10
85.93960859654966
 20
523.8501204638567
 30
0.0
 10
87.60814926498705
 20
525.1896411652506
 30
0.0
 10
88.10878590834092
 20
527.0077945963925
 30
0.0
 10
88.41157776435702
 20
527.230465199713
 30
0.0
 10
88.65976667504077
 20
527.5126900617353
 30
0.0
 10
88.83775427205053
 20
527.8360402556018
 30
0.0
 10
89.10580037306201
 20
528.3253286964627
 30
0.0
 10
89.23415365039153
 20
528.8415637081583
 30
0.0
 10
89.21782816610317
 20
529.3670088552101
 30
0.0
 10
89.21782816610317
 20
531.2355237219815
 30
0.0
 10
87.3117456419545
 20
533.5309075878231
 30
0.0
 10
86.76289428624895
 20
534.1527994718605
 30
0.0
 10
89.56883473446997
 20
534.4718994998801
 30
0.0
 10
90.00849751179182
 20
536.49215654035
 30
0.0
 10
90.07444000347753
 20
537.004132730056
 30
0.0
 10
90.2687357724915
 20
536.9800340300238
 30
0.0
 10
90.67294299114589
 20
536.9438686676913
 30
0.0
 10
90.97358812388352
 20
537.0225703130542
 30
0.0
 10
91.44302803055758
 20
537.1445440135445
 30
0.0
 10
92.57192747864721
 20
538.527310801637
 30
0.0
 10
92.60527093860678
 20
540.0277924682289
 30
0.0
 10
92.62015950328177
 20
542.0494691160275
 30
0.0
 10
90.61975965314278
 20
543.998815039155
 30
0.0
 10
90.12265471582761
 20
544.451929461541
 30
0.0
 10
90.6906707704809
 20
544.8150026922079
 30
0.0
 10
93.11653732464833
 20
546.4346101884878
 30
0.0
 10
94.67017636081651
 20
548.5754213221178
 30
0.0
 10
96.3096497035687
 20
550.833220218297
 30
0.0
 10
96.78902686154854
 20
554.6347728361937
 30
0.0
 10
96.85211282629005
 20
555.1985127565717
 30
0.0
 10
98.95745974510766
 20
555.8643691871152
 30
0.0
 10
147.7946525970004
 20
571.3073857423173
 30
0.0
 10
149.8028775997366
 20
571.7931338209952
 30
0.0
 10
150.2283443037648
 20
571.8959514786802
 30
0.0
 10
150.7105260518363
 20
571.9860099826828
 30
0.0
 10
151.2210999464966
 20
572.0803273086722
 30
0.0
 10
153.2165484832683
 20
572.4511910673671
 30
0.0
 10
155.4778790854853
 20
572.8716891457406
 30
0.0
 10
155.7551526341417
 20
574.3459340451652
 30
0.0
 10
155.8480503528008
 20
574.8373432408774
 30
0.0
 10
155.7033889034655
 20
575.3649177989229
 30
0.0
 10
155.3367839667612
 20
575.8712328715968
 30
0.0
  0
SPLINE
  5
53
330
1F
100
AcDbEntity
  8
Layer 1
370
     0
100
AcDbSpline
210
0.0
220
0.0
230
1.0
 70
    11
 71
     3
 72
    17
 73
    13
 74
     0
 42
0.0000000001
 43
0.0000000001
 12
1.0
 22
0.0
 32
0.0
 13
1.0
 23
0.0
 33
0.0
 40
0.0
 40
0.0
 40
0.0
 40
0.0
 40
1.0
 40
1.0
 40
1.0
 40
2.0
 40
2.0
 40
2.0
 40
3.0
 40
3.0
 40
3.0
 40
4.0
 40
4.0
 40
4.0
 40
4.0
 10
23.88601000509603
 20
535.989399142144
 30
0.0
 10
23.73567012644258
 20
535.956782798133
 30
0.0
 10
23.58534756007392
 20
535.939764822465
 30
0.0
 10
23.51088742441196
 20
535.9440149883109
 30
0.0
 10
23.581088738085
 20
536.2234092918152
 30
0.0
 10
23.97605119681294
 20
537.4132912620789
 30
0.0
 10
24.26537409548326
 20
538.2684834921241
 30
0.0
 10
24.26537409548326
 20
538.2684834921241
 30
0.0
 10
24.4908839134628
 20
537.9451246421149
 30
0.0
 10
24.4908839134628
 20
537.9451246421149
 30
0.0
 10
24.4908839134628
 20
537.9451246421149
 30
0.0
 10
23.88601000509603
 20
535.989399142144
 30
0.0
 10
23.88601000509603
 20
535.989399142144
 30
0.0
  0
POLYLINE
  5
54
330
1F
100
AcDbEntity
  8
Layer 1
370
     0
100
AcDb2dPolyline
 66
     1
 10
0.0
 20
0.0
 30
0.0
  0
VERTEX
  5
55
330
54
100
AcDbEntity
  8
Layer 1
370
     0
100
AcDbVertex
100
AcDb2dVertex
 10
25.87789221125846
 20
535.8802019076207
 30
0.0
  0
VERTEX
  5
56
330
54
100
AcDbEntity
  8
Layer 1
370
     0
100
AcDbVertex
100
AcDb2dVertex
 10
24.96314572251177
 20
535.8802019076207
 30
0.0
  0
VERTEX
  5
57
330
54
100
AcDbEntity
  8
Layer 1
370
     0
100
AcDbVertex
100
AcDb2dVertex
 10
25.53114446488091
 20
537.3445095557355
 30
0.0
  0
VERTEX
  5
58
330
54
100
AcDbEntity
  8
Layer 1
370
     0
100
AcDbVertex
100
AcDb2dVertex
 10
25.87789221125846
 20
537.3445095557355
 30
0.0
  0
VERTEX
  5
59
330
54
100
AcDbEntity
  8
Layer 1
370
     0
100
AcDbVertex
100
AcDb2dVertex
 10
25.87789221125846
 20
535.8802019076207
 30
0.0
  0
SEQEND
  5
5A
330
54
100
AcDbEntity
  8
Layer 1
370
     0
  0
SPLINE
  5
5B
330
1F
100
AcDbEntity
  8
Layer 1
370
     0
100
AcDbSpline
210
0.0
220
0.0
230
1.0
 70
    11
 71
     3
 72
    17
 73
    13
 74
     0
 42
0.0000000001
 43
0.0000000001
 12
1.0
 22
0.0
 32
0.0
 13
1.0
 23
0.0
 33
0.0
 40
0.0
 40
0.0
 40
0.0
 40
0.0
 40
1.0
 40
1.0
 40
1.0
 40
2.0
 40
2.0
 40
2.0
 40
3.0
 40
3.0
 40
3.0
 40
4.0
 40
4.0
 40
4.0
 40
4.0
 10
9.174082568453848
 20
574.8515393141735
 30
0.0
 10
9.174082568453848
 20
574.8515393141735
 30
0.0
 10
5.495204798570101
 20
577.8638421937085
 30
0.0
 10
5.495204798570101
 20
577.8638421937085
 30
0.0
 10
5.495204798570101
 20
577.8638421937085
 30
0.0
 10
-8.008394428667437
 20
602.7437071280417
 30
0.0
 10
-8.008394428667437
 20
602.7437071280417
 30
0.0
 10
-8.008394428667437
 20
602.7437071280417
 30
0.0
 10
48.70630336844291
 20
578.5020422497506
 30
0.0
 10
48.70630336844291
 20
578.5020422497506
 30
0.0
 10
38.40861029837635
 20
577.7206003517024
 30
0.0
 10
10.46537124521382
 20
574.9784556718877
 30
0.0
 10
9.174082568453848
 20
574.8515393141735
 30
0.0
  0
SPLINE
  5
5C
330
1F
100
AcDbEntity
  8
Layer 1
370
     0
100
AcDbSpline
210
0.0
220
0.0
230
1.0
 70
    11
 71
     3
 72
    38
 73
    34
 74
     0
 42
0.0000000001
 43
0.0000000001
 12
1.0
 22
0.0
 32
0.0
 13
1.0
 23
0.0
 33
0.0
 40
0.0
 40
0.0
 40
0.0
 40
0.0
 40
1.0
 40
1.0
 40
1.0
 40
2.0
 40
2.0
 40
2.0
 40
3.0
 40
3.0
 40
3.0
 40
4.0
 40
4.0
 40
4.0
 40
5.0
 40
5.0
 40
5.0
 40
6.0
 40
6.0
 40
6.0
 40
7.0
 40
7.0
 40
7.0
 40
8.0
 40
8.0
 40
8.0
 40
9.0
 40
9.0
 40
9.0
 40
10.0
 40
10.0
 40
10.0
 40
11.0
 40
11.0
 40
11.0
 40
11.0
 10
64.01531418542423
 20
566.4365052473189
 30
0.0
 10
63.92880469974636
 20
566.3336875896358
 30
0.0
 10
63.80116122608064
 20
566.2805042516324
 30
0.0
 10
63.66714683171747
 20
566.2897230431316
 30
0.0
 10
63.66714683171747
 20
566.2897230431316
 30
0.0
 10
57.08943089495224
 20
566.7641229193164
 30
0.0
 10
57.08943089495224
 20
566.7641229193164
 30
0.0
 10
56.92562205895302
 20
566.7761722693326
 30
0.0
 10
56.78309002061264
 20
566.8839585526687
 30
0.0
 10
56.72706746795014
 20
567.0385399410272
 30
0.0
 10
56.72706746795014
 20
567.0385399410272
 30
0.0
 10
54.12960154975617
 20
574.2211297861586
 30
0.0
 10
54.12960154975617
 20
574.2211297861586
 30
0.0
 10
54.08349893611464
 20
574.348773259823
 30
0.0
 10
54.10122671544934
 20
574.4863366725097
 30
0.0
 10
54.17781626210528
 20
574.5983817778366
 30
0.0
 10
54.25509830014182
 20
574.7104095708762
 30
0.0
 10
54.37708065677293
 20
574.7763693748448
 30
0.0
 10
54.51251465846627
 20
574.779901080886
 30
0.0
 10
54.51251465846627
 20
574.779901080886
 30
0.0
 10
61.77593555995929
 20
574.9380314875661
 30
0.0
 10
61.77593555995929
 20
574.9380314875661
 30
0.0
 10
61.77593555995929
 20
574.9380314875661
 30
0.0
 10
61.78587281126539
 20
574.9380314875661
 30
0.0
 10
61.78587281126539
 20
574.9380314875661
 30
0.0
 10
61.97874897295173
 20
574.9380314875661
 30
0.0
 10
62.14396010399505
 20
574.8082759151897
 30
0.0
 10
62.19006271763594
 20
574.6203510668738
 30
0.0
 10
62.19006271763594
 20
574.6203510668738
 30
0.0
 10
64.10182367110308
 20
566.8045297913524
 30
0.0
 10
64.10182367110308
 20
566.8045297913524
 30
0.0
 10
64.13444001511307
 20
566.6740644153134
 30
0.0
 10
64.10253347476784
 20
566.539322905001
 30
0.0
 10
64.01531418542423
 20
566.4365052473189
 30
0.0
  0
SPLINE
  5
5D
330
1F
100
AcDbEntity
  8
Layer 1
370
     0
100
AcDbSpline
210
0.0
220
0.0
230
1.0
 70
    11
 71
     3
 72
    38
 73
    34
 74
     0
 42
0.0000000001
 43
0.0000000001
 12
1.0
 22
0.0
 32
0.0
 13
1.0
 23
0.0
 33
0.0
 40
0.0
 40
0.0
 40
0.0
 40
0.0
 40
1.0
 40
1.0
 40
1.0
 40
2.0
 40
2.0
 40
2.0
 40
3.0
 40
3.0
 40
3.0
 40
4.0
 40
4.0
 40
4.0
 40
5.0
 40
5.0
 40
5.0
 40
6.0
 40
6.0
 40
6.0
 40
7.0
 40
7.0
 40
7.0
 40
8.0
 40
8.0
 40
8.0
 40
9.0
 40
9.0
 40
9.0
 40
10.0
 40
10.0
 40
10.0
 40
11.0
 40
11.0
 40
11.0
 40
11.0
 10
76.39001396457182
 20
565.704706325091
 30
0.0
 10
76.30845579226154
 20
565.5607546794221
 30
0.0
 10
76.16168224421769
 20
565.4827541815789
 30
0.0
 10
75.99645380088893
 20
565.4948035315965
 30
0.0
 10
75.99645380088893
 20
565.4948035315965
 30
0.0
 10
66.48799315689763
 20
566.209593134294
 30
0.0
 10
66.48799315689763
 20
566.209593134294
 30
0.0
 10
66.30787614889326
 20
566.2230620916404
 30
0.0
 10
66.15824607390553
 20
566.3499957616403
 30
0.0
 10
66.1142901835431
 20
566.5244343403275
 30
0.0
 10
66.1142901835431
 20
566.5244343403275
 30
0.0
 10
64.10679229675613
 20
574.55440857519
 30
0.0
 10
64.10679229675613
 20
574.55440857519
 30
0.0
 10
64.07559556007566
 20
574.679212834198
 30
0.0
 10
64.1032432784326
 20
574.8089857188554
 30
0.0
 10
64.18125243241776
 20
574.9103837692096
 30
0.0
 10
64.25995407778385
 20
575.0117818195628
 30
0.0
 10
64.3783874160924
 20
575.0713533905504
 30
0.0
 10
64.5067233811371
 20
575.0727729978782
 30
0.0
 10
64.5067233811371
 20
575.0727729978782
 30
0.0
 10
69.21523195975129
 20
575.1252465322192
 30
0.0
 10
69.21523195975129
 20
575.1252465322192
 30
0.0
 10
69.21523195975129
 20
575.1252465322192
 30
0.0
 10
69.23366954275075
 20
575.1252465322192
 30
0.0
 10
69.23366954275075
 20
575.1252465322192
 30
0.0
 10
69.76690521783111
 20
575.1252465322192
 30
0.0
 10
70.2661222538561
 20
574.8657180751843
 30
0.0
 10
70.57175332453126
 20
574.4288945125205
 30
0.0
 10
70.57175332453126
 20
574.4288945125205
 30
0.0
 10
76.36944697057838
 20
566.150021563305
 30
0.0
 10
76.36944697057838
 20
566.150021563305
 30
0.0
 10
76.46376429656837
 20
566.0145875616123
 30
0.0
 10
76.47226462826076
 20
565.8479395109556
 30
0.0
 10
76.39001396457182
 20
565.704706325091
 30
0.0
  0
SPLINE
  5
5E
330
1F
100
AcDbEntity
  8
Layer 1
370
     0
100
AcDbSpline
210
0.0
220
0.0
230
1.0
 70
    11
 71
     3
 72
    20
 73
    16
 74
     0
 42
0.0000000001
 43
0.0000000001
 12
1.0
 22
0.0
 32
0.0
 13
1.0
 23
0.0
 33
0.0
 40
0.0
 40
0.0
 40
0.0
 40
0.0
 40
1.0
 40
1.0
 40
1.0
 40
2.0
 40
2.0
 40
2.0
 40
3.0
 40
3.0
 40
3.0
 40
4.0
 40
4.0
 40
4.0
 40
5.0
 40
5.0
 40
5.0
 40
5.0
 10
78.97543053275018
 20
564.990635182201
 30
0.0
 10
78.64994227174539
 20
565.0806850300613
 30
0.0
 10
78.39609224402957
 20
565.2686012222347
 30
0.0
 10
78.25993112638666
 20
565.5189195439118
 30
0.0
 10
76.70627477793334
 20
568.3901099924374
 30
0.0
 10
74.20594808810364
 20
571.8768040920156
 30
0.0
 10
72.7976629926501
 20
573.7729666771434
 30
0.0
 10
76.61550647026655
 20
570.597573421415
 30
0.0
 10
80.5950466851721
 20
566.467701983998
 30
0.0
 10
81.02193299652942
 20
566.0230965494494
 30
0.0
 10
80.81203885917475
 20
565.6550633492712
 30
0.0
 10
80.50782739582912
 20
565.3522714932554
 30
0.0
 10
80.11568683947577
 20
565.1203907545753
 30
0.0
 10
79.79942602611456
 20
564.9331930222089
 30
0.0
 10
79.36260246345017
 20
564.8835587025303
 30
0.0
 10
78.97543053275018
 20
564.990635182201
 30
0.0
  0
POLYLINE
  5
5F
330
1F
100
AcDbEntity
  8
Layer 1
370
     0
100
AcDb2dPolyline
 66
     1
 10
0.0
 20
0.0
 30
0.0
  0
VERTEX
  5
60
330
5F
100
AcDbEntity
  8
Layer 1
370
     0
100
AcDbVertex
100
AcDb2dVertex
 10
81.08858529187894
 20
537.250910689552
 30
0.0
  0
VERTEX
  5
61
330
5F
100
AcDbEntity
  8
Layer 1
370
     0
100
AcDbVertex
100
AcDb2dVertex
 10
80.21071396913085
 20
538.5677263298167
 30
0.0
  0
VERTEX
  5
62
330
5F
100
AcDbEntity
  8
Layer 1
370
     0
100
AcDbVertex
100
AcDb2dVertex
 10
80.51277870919769
 20
539.5065888308794
 30
0.0
  0
VERTEX
  5
63
330
5F
100
AcDbEntity
  8
Layer 1
370
     0
100
AcDbVertex
100
AcDb2dVertex
 10
81.20984053256143
 20
538.7279861474915
 30
0.0
  0
VERTEX
  5
64
330
5F
100
AcDbEntity
  8
Layer 1
370
     0
100
AcDbVertex
100
AcDb2dVertex
 10
81.08858529187894
 20
537.250910689552
 30
0.0
  0
SEQEND
  5
65
330
5F
100
AcDbEntity
  8
Layer 1
370
     0
  0
POLYLINE
  5
66
330
1F
100
AcDbEntity
  8
Layer 1
370
     0
100
AcDb2dPolyline
 66
     1
 10
0.0
 20
0.0
 30
0.0
  0
VERTEX
  5
67
330
66
100
AcDbEntity
  8
Layer 1
370
     0
100
AcDbVertex
100
AcDb2dVertex
 10
82.3947625333139
 20
536.2482264516545
 30
0.0
  0
VERTEX
  5
68
330
66
100
AcDbEntity
  8
Layer 1
370
     0
100
AcDbVertex
100
AcDb2dVertex
 10
82.26498964865452
 20
537.5742608834188
 30
0.0
  0
VERTEX
  5
69
330
66
100
AcDbEntity
  8
Layer 1
370
     0
100
AcDbVertex
100
AcDb2dVertex
 10
82.7408177883118
 20
536.5410897125066
 30
0.0
  0
VERTEX
  5
6A
330
66
100
AcDbEntity
  8
Layer 1
370
     0
100
AcDbVertex
100
AcDb2dVertex
 10
82.3947625333139
 20
536.2482264516545
 30
0.0
  0
SEQEND
  5
6B
330
66
100
AcDbEntity
  8
Layer 1
370
     0
  0
HATCH
  5
6C
330
1F
100
AcDbEntity
  8
Layer 1
 62
   250
420
  2236191
100
AcDbHatch
 10
0.0
 20
0.0
 30
0.0
210
0.0
220
0.0
230
1.0
  2
SOLID
 70
     1
 71
     0
 91
        9
 92
        1
 93
        1
 72
     4
 94
        3
 73
     0
 74
     1
 95
      410
 96
      406
 40
0.0
 40
0.0
 40
0.0
 40
0.0
 40
1.0
 40
1.0
 40
1.0
 40
2.0
 40
2.0
 40
2.0
 40
3.0
 40
3.0
 40
3.0
 40
4.0
 40
4.0
 40
4.0
 40
5.0
 40
5.0
 40
5.0
 40
6.0
 40
6.0
 40
6.0
 40
7.0
 40
7.0
 40
7.0
 40
8.0
 40
8.0
 40
8.0
 40
9.0
 40
9.0
 40
9.0
 40
10.0
 40
10.0
 40
10.0
 40
11.0
 40
11.0
 40
11.0
 40
12.0
 40
12.0
 40
12.0
 40
13.0
 40
13.0
 40
13.0
 40
14.0
 40
14.0
 40
14.0
 40
15.0
 40
15.0
 40
15.0
 40
16.0
 40
16.0
 40
16.0
 40
17.0
 40
17.0
 40
17.0
 40
18.0
 40
18.0
 40
18.0
 40
19.0
 40
19.0
 40
19.0
 40
20.0
 40
20.0
 40
20.0
 40
21.0
 40
21.0
 40
21.0
 40
22.0
 40
22.0
 40
22.0
 40
23.0
 40
23.0
 40
23.0
 40
24.0
 40
24.0
 40
24.0
 40
25.0
 40
25.0
 40
25.0
 40
26.0
 40
26.0
 40
26.0
 40
27.0
 40
27.0
 40
27.0
 40
28.0
 40
28.0
 40
28.0
 40
29.0
 40
29.0
 40
29.0
 40
30.0
 40
30.0
 40
30.0
 40
31.0
 40
31.0
 40
31.0
 40
32.0
 40
32.0
 40
32.0
 40
33.0
 40
33.0
 40
33.0
 40
34.0
 40
34.0
 40
34.0
 40
35.0
 40
35.0
 40
35.0
 40
36.0
 40
36.0
 40
36.0
 40
37.0
 40
37.0
 40
37.0
 40
38.0
 40
38.0
 40
38.0
 40
39.0
 40
39.0
 40
39.0
 40
40.0
 40
40.0
 40
40.0
 40
41.0
 40
41.0
 40
41.0
 40
42.0
 40
42.0
 40
42.0
 40
43.0
 40
43.0
 40
43.0
 40
44.0
 40
44.0
 40
44.0
 40
45.0
 40
45.0
 40
45.0
 40
46.0
 40
46.0
 40
46.0
 40
47.0
 40
47.0
 40
47.0
 40
48.0
 40
48.0
 40
48.0
 40
49.0
 40
49.0
 40
49.0
 40
50.0
 40
50.0
 40
50.0
 40
51.0
 40
51.0
 40
51.0
 40
52.0
 40
52.0
 40
52.0
 40
53.0
 40
53.0
 40
53.0
 40
54.0
 40
54.0
 40
54.0
 40
55.0
 40
55.0
 40
55.0
 40
56.0
 40
56.0
 40
56.0
 40
57.0
 40
57.0
 40
57.0
 40
58.0
 40
58.0
 40
58.0
 40
59.0
 40
59.0
 40
59.0
 40
60.0
 40
60.0
 40
60.0
 40
61.0
 40
61.0
 40
61.0
 40
62.0
 40
62.0
 40
62.0
 40
63.0
 40
63.0
 40
63.0
 40
64.0
 40
64.0
 40
64.0
 40
65.0
 40
65.0
 40
65.0
 40
66.0
 40
66.0
 40
66.0
 40
67.0
 40
67.0
 40
67.0
 40
68.0
 40
68.0
 40
68.0
 40
69.0
 40
69.0
 40
69.0
 40
70.0
 40
70.0
 40
70.0
 40
71.0
 40
71.0
 40
71.0
 40
72.0
 40
72.0
 40
72.0
 40
73.0
 40
73.0
 40
73.0
 40
74.0
 40
74.0
 40
74.0
 40
75.0
 40
75.0
 40
75.0
 40
76.0
 40
76.0
 40
76.0
 40
77.0
 40
77.0
 40
77.0
 40
78.0
 40
78.0
 40
78.0
 40
79.0
 40
79.0
 40
79.0
 40
80.0
 40
80.0
 40
80.0
 40
81.0
 40
81.0
 40
81.0
 40
82.0
 40
82.0
 40
82.0
 40
83.0
 40
83.0
 40
83.0
 40
84.0
 40
84.0
 40
84.0
 40
85.0
 40
85.0
 40
85.0
 40
86.0
 40
86.0
 40
86.0
 40
87.0
 40
87.0
 40
87.0
 40
88.0
 40
88.0
 40
88.0
 40
89.0
 40
89.0
 40
89.0
 40
90.0
 40
90.0
 40
90.0
 40
91.0
 40
91.0
 40
91.0
 40
92.0
 40
92.0
 40
92.0
 40
93.0
 40
93.0
 40
93.0
 40
94.0
 40
94.0
 40
94.0
 40
95.0
 40
95.0
 40
95.0
 40
96.0
 40
96.0
 40
96.0
 40
97.0
 40
97.0
 40
97.0
 40
98.0
 40
98.0
 40
98.0
 40
99.0
 40
99.0
 40
99.0
 40
100.0
 40
100.0
 40
100.0
 40
101.0
 40
101.0
 40
101.0
 40
102.0
 40
102.0
 40
102.0
 40
103.0
 40
103.0
 40
103.0
 40
104.0
 40
104.0
 40
104.0
 40
105.0
 40
105.0
 40
105.0
 40
106.0
 40
106.0
 40
106.0
 40
107.0
 40
107.0
 40
107.0
 40
108.0
 40
108.0
 40
108.0
 40
109.0
 40
109.0
 40
109.0
 40
110.0
 40
110.0
 40
110.0
 40
111.0
 40
111.0
 40
111.0
 40
112.0
 40
112.0
 40
112.0
 40
113.0
 40
113.0
 40
113.0
 40
114.0
 40
114.0
 40
114.0
 40
115.0
 40
115.0
 40
115.0
 40
116.0
 40
116.0
 40
116.0
 40
117.0
 40
117.0
 40
117.0
 40
118.0
 40
118.0
 40
118.0
 40
119.0
 40
119.0
 40
119.0
 40
120.0
 40
120.0
 40
120.0
 40
121.0
 40
121.0
 40
121.0
 40
122.0
 40
122.0
 40
122.0
 40
123.0
 40
123.0
 40
123.0
 40
124.0
 40
124.0
 40
124.0
 40
125.0
 40
125.0
 40
125.0
 40
126.0
 40
126.0
 40
126.0
 40
127.0
 40
127.0
 40
127.0
 40
128.0
 40
128.0
 40
128.0
 40
129.0
 40
129.0
 40
129.0
 40
130.0
 40
130.0
 40
130.0
 40
131.0
 40
131.0
 40
131.0
 40
132.0
 40
132.0
 40
132.0
 40
133.0
 40
133.0
 40
133.0
 40
134.0
 40
134.0
 40
134.0
 40
135.0
 40
135.0
 40
135.0
 40
135.0
 10
155.3367839667612
 20
575.8712328715968
 10
154.1965276600343
 20
577.44616601771
 10
151.0884878471794
 20
578.7069677614529
 10
147.0224554588789
 20
579.24376976714
 10
141.7608367025706
 20
579.9372652598947
 10
135.5568410514447
 20
577.9063784767397
 10
132.5757349085888
 20
576.9306408096794
 10
132.1006165725973
 20
576.7753496176574
 10
131.7254939919138
 20
576.6526747696445
 10
131.4446887372197
 20
576.5704067936707
 10
129.440757181043
 20
575.983970468303
 10
91.15228552455804
 20
563.4802249204444
 10
89.7808755951031
 20
563.0327716150939
 10
89.7808755951031
 20
563.0327716150939
 10
81.30768956459141
 20
566.1074852802757
 10
81.30768956459141
 20
566.1074852802757
 10
81.30768956459141
 20
566.1074852802757
 10
81.19566177155154
 20
566.1486019559777
 10
81.19566177155154
 20
566.1486019559777
 10
80.88082056551889
 20
566.4783490389702
 10
76.3744155962311
 20
571.1698223296299
 10
72.29418713463716
 20
574.4608010528651
 10
72.28142798095615
 20
574.4714481078354
 10
72.26794171132526
 20
574.4813680468579
 10
72.25518255764393
 20
574.4920151018291
 10
72.25518255764393
 20
574.4920151018291
 10
72.09776195462761
 20
574.618238968164
 10
72.09776195462761
 20
574.618238968164
 10
72.09776195462761
 20
574.618238968164
 10
71.58578576492195
 20
575.0309292062285
 10
71.58578576492195
 20
575.0309292062285
 10
71.58578576492195
 20
575.0309292062285
 10
71.60493315158553
 20
575.0054108988659
 10
71.60493315158553
 20
575.0054108988659
 10
70.2100997011936
 20
576.0868054382689
 10
69.0336953444177
 20
576.8568904776803
 10
68.10049396038707
 20
577.2986653537158
 10
66.55393564858271
 20
578.0318925394131
 10
64.90949368017716
 20
578.4672791824612
 10
63.14026476505169
 20
578.7083873687808
 10
62.96158467666132
 20
579.1019475324647
 10
62.56234608366062
 20
579.3614759894996
 10
62.12765193198958
 20
579.3614759894996
 10
62.12765193198958
 20
579.3614759894996
 10
61.86104275059244
 20
579.3614759894996
 10
61.86104275059244
 20
579.3614759894996
 10
61.70360483529099
 20
579.3614759894996
 10
61.57526887024628
 20
579.23312271217
 10
61.57526887024628
 20
579.0757021091525
 10
61.57526887024628
 20
579.0757021091525
 10
61.57526887024628
 20
578.8707765974492
 10
61.57526887024628
 20
578.8707765974492
 10
59.48479320382013
 20
579.0274873968015
 10
57.22415509298114
 20
578.9721746478037
 10
54.75220323745732
 20
578.8558707204911
 10
54.75220323745732
 20
578.8558707204911
 10
53.65590282109287
 20
580.5109424315833
 10
53.65590282109287
 20
580.5109424315833
 10
53.61831785142918
 20
580.5669649842442
 10
53.56018320005718
 20
580.6031303465803
 10
53.49635280708225
 20
580.6130675978839
 10
53.49624893337535
 20
580.6130849101689
 10
53.49612774738397
 20
580.6130675978839
 10
53.49602387367611
 20
580.6130849101689
 10
53.49602387367611
 20
580.6130849101689
 10
46.33753272857722
 20
594.0044312846674
 10
46.33753272857722
 20
594.0044312846674
 10
46.29141280265217
 20
594.0907503352179
 10
46.18386889129853
 20
594.1233666792275
 10
46.09758446531926
 20
594.0771775041636
 10
46.01123079020173
 20
594.0310229536702
 10
45.97868369532998
 20
593.9236175405933
 10
46.02480362125439
 20
593.8372638654743
 10
46.02480362125439
 20
593.8372638654743
 10
53.18151160105024
 20
580.4492587618878
 10
53.18151160105024
 20
580.4492587618878
 10
53.16023480339108
 20
580.3925264055583
 10
53.16094460705681
 20
580.3280035212038
 10
53.18931944136268
 20
580.2677221465549
 10
53.33325377474747
 20
579.963510683207
 10
53.56655412075528
 20
579.4231596591951
 10
53.73391197507834
 20
578.8062364008124
 10
53.25881095136999
 20
578.7814278971123
 10
52.77519228368603
 20
578.7558922774684
 10
52.28449289163792
 20
578.7296641664403
 10
51.95971443429854
 20
578.7119363871063
 10
51.63069446725601
 20
578.69420860777
 10
51.29810816960418
 20
578.6771906321027
 10
50.85351139119633
 20
578.6537844234495
 10
50.29117376586084
 20
578.6176190611166
 10
49.62956750116648
 20
578.5708239560938
 10
49.62956750116648
 20
578.5708239560938
 10
-8.334592493335393
 20
603.3450320180872
 10
-8.334592493335393
 20
603.3450320180872
 10
-8.334592493335393
 20
603.3450320180872
 10
-8.482785648710065
 20
603.6180467447521
 10
-8.482785648710065
 20
603.6180467447521
 10
-8.96001608341208
 20
604.8469419481495
 10
-9.366352713060133
 20
605.3674184695462
 10
-9.623041955435975
 20
605.587959661876
 10
-9.729408631443484
 20
605.6794204609233
 10
-9.790399809758714
 20
605.8155815785627
 10
-9.790399809758714
 20
605.9616453229451
 10
-9.790399809758714
 20
605.9616453229451
 10
-9.790399809758714
 20
606.5594385069496
 10
-9.790399809758714
 20
606.5594385069496
 10
-9.790399809758714
 20
606.9104450753155
 10
-10.06339722413939
 20
607.1990581703191
 10
-10.40803287180777
 20
607.2231568703531
 10
-10.40803287180777
 20
607.2231568703531
 10
-10.40803287180777
 20
607.8358386190323
 10
-10.40803287180777
 20
607.8358386190323
 10
-10.40803287180777
 20
608.1067066224177
 10
-10.62784694818469
 20
608.3265380110807
 10
-10.89802246019047
 20
608.3265380110807
 10
-10.89802246019047
 20
608.3265380110807
 10
-11.84895162355515
 20
608.3265380110807
 10
-11.84895162355515
 20
608.3265380110807
 10
-12.11910982327676
 20
608.3265380110807
 10
-12.33894121193848
 20
608.1067066224177
 10
-12.33894121193848
 20
607.8358386190323
 10
-12.33894121193848
 20
607.8358386190323
 10
-12.33894121193848
 20
607.2238666740163
 10
-12.33894121193848
 20
607.2238666740163
 10
-12.49849122594911
 20
607.212527127667
 10
-12.64739418498855
 20
607.1444552249865
 10
-12.76156870130753
 20
607.0302807086684
 10
-12.88708276397831
 20
606.904766645996
 10
-12.9565742739869
 20
606.7374261039578
 10
-12.9565742739869
 20
606.5594385069496
 10
-12.9565742739869
 20
606.2998927376302
 10
-13.15938768697966
 20
606.0800786612517
 10
-13.41891614401393
 20
606.0602214709234
 10
-13.41891614401393
 20
606.0602214709234
 10
-18.21322440464123
 20
605.6858086939053
 10
-18.21322440464123
 20
605.6858086939053
 10
-18.44437802737026
 20
605.6673711109058
 10
-18.65570908433927
 20
605.5496648885465
 10
-18.79256269336215
 20
605.3617400402306
 10
-18.92941630238503
 20
605.173832504199
 10
-18.97621140740556
 20
604.9362733362022
 10
-18.92233557802185
 20
604.710071026843
 10
-18.92233557802185
 20
604.710071026843
 10
-18.79185288969738
 20
604.1683177077849
 10
-18.79185288969738
 20
604.1683177077849
 10
-18.79185288969738
 20
604.1683177077849
 10
-27.32104416058741
 20
603.1230885307131
 10
-27.32104416058741
 20
603.1230885307131
 10
-27.4181833889523
 20
603.1117316720781
 10
-27.48696509529613
 20
603.0230927754062
 10
-27.47562554894434
 20
602.9259535470406
 10
-27.46428600259255
 20
602.8358950430384
 10
-27.38769645593629
 20
602.7699525513539
 10
-27.2997673629292
 20
602.7699525513539
 10
-27.29268663856505
 20
602.7699525513539
 10
-27.28487879825326
 20
602.7706450427348
 10
-27.27778076160526
 20
602.7713721586819
 10
-27.27778076160526
 20
602.7713721586819
 10
-18.70818261867858
 20
603.8215526491225
 10
-18.70818261867858
 20
603.8215526491225
 10
-18.70818261867858
 20
603.8215526491225
 10
-11.26535451284722
 20
572.895095354394
 10
-11.26535451284722
 20
572.895095354394
 10
-12.32050362893903
 20
571.7399504829938
 10
-12.33255297895622
 20
570.5684974395851
 10
-12.2992268312805
 20
570.166436944212
 10
-12.2992268312805
 20
570.166436944212
 10
-44.75312967571974
 20
564.7821519960344
 10
-44.75312967571974
 20
564.7821519960344
 10
-44.75312967571974
 20
564.7821519960344
 10
-44.52691005407511
 20
564.6332403808532
 10
-44.52691005407511
 20
564.6332403808532
 10
-44.4758561270663
 20
564.599204429514
 10
-39.34047854937894
 20
561.255033712134
 10
-33.1088005553265
 20
561.0564791211285
 10
-33.1088005553265
 20
561.0564791211285
 10
-33.09746100897568
 20
561.0564791211285
 10
-33.09746100897568
 20
561.0564791211285
 10
-33.09746100897568
 20
561.0564791211285
 10
-11.62273200191116
 20
564.8140671925214
 10
-11.62273200191116
 20
564.8140671925214
 10
-11.42121701025719
 20
564.4897907914327
 10
-10.35495340751091
 20
563.218047683879
 10
-5.327933418548865
 20
561.3107013629638
 10
-5.327933418548865
 20
561.3107013629638
 10
-5.716923139121493
 20
560.2526264707896
 10
-5.716923139121493
 20
560.2526264707896
 10
-5.840982969894409
 20
559.9152013896172
 10
-5.678212870965769
 20
559.5398104685231
 10
-5.347115429782378
 20
559.3997367745835
 10
-5.111460613081338
 20
559.300035328111
 10
-4.839692370900559
 20
559.3424417690075
 10
-4.645604349300719
 20
559.5091850372303
 10
-4.645604349300719
 20
559.5091850372303
 10
-3.376613894984736
 20
560.5994434663044
 10
-3.376613894984736
 20
560.5994434663044
 10
-2.669008890357348
 20
560.3374393525842
 10
-1.947086626441956
 20
560.0508085141556
 10
-1.222203961876114
 20
559.7439223028524
 10
-1.222203961876114
 20
559.7439223028524
 10
19.57815962681208
 20
550.9466849309529
 10
19.57815962681208
 20
550.9466849309529
 10
19.57815962681208
 20
550.9466849309529
 10
-31.71611382821336
 20
550.9466849309529
 10
-31.71611382821336
 20
550.9466849309529
 10
-31.78276612356288
 20
550.9495241456116
 10
-38.45763860097813
 20
551.2274901856454
 10
-45.772113429479
 20
548.2506428647781
 10
-45.90825723483712
 20
548.19533011578
 10
-45.98697619248767
 20
548.0648560835983
 10
-45.97208762781237
 20
547.9180738794114
 10
-45.95719906313675
 20
547.7727026264109
 10
-45.85507389683336
 20
547.6606575210863
 10
-45.71042975978316
 20
547.6337196063954
 10
-43.65187794598641
 20
547.248668430546
 10
-38.69092163470114
 20
546.2927879538128
 10
-37.09542149459523
 20
545.734717806609
 10
-35.17516020943633
 20
545.0624817992282
 10
-30.74463498313972
 20
544.2136778021646
 10
-27.42670103292951
 20
544.2136778021646
 10
-27.19411049058614
 20
544.2136778021646
 10
-26.96577877023233
 20
544.2179279680115
 10
-26.74452777424139
 20
544.2271467595114
 10
-25.59081982245355
 20
544.2725222572021
 10
-18.32951101967067
 20
544.2987676805143
 10
-9.311039964062397
 20
544.3129464415255
 10
-9.311039964062397
 20
544.3129464415255
 10
-9.311039964062397
 20
541.3176615376572
 10
-9.311039964062397
 20
541.3176615376572
 10
-9.311039964062397
 20
541.3176615376572
 10
-8.159444110984698
 20
542.3458727390599
 10
-8.159444110984698
 20
542.3458727390599
 10
-8.159444110984698
 20
542.3458727390599
 10
-8.159444110984698
 20
544.3150758525188
 10
-8.159444110984698
 20
544.3150758525188
 10
2.685715332026207
 20
544.3306742208589
 10
15.73760243192341
 20
544.3313840245243
 10
23.77538450709992
 20
544.3299644171934
 10
23.77538450709992
 20
544.3299644171934
 10
23.77538450709992
 20
540.7794485807814
 10
23.77538450709992
 20
540.7794485807814
 10
23.77538450709992
 20
540.7794485807814
 10
23.81296947676361
 20
540.7482431879611
 10
23.81296947676361
 20
540.7482431879611
 10
23.83282666709228
 20
540.7312252122895
 10
24.28736069680623
 20
540.3348344900909
 10
24.25261494180194
 20
539.4505662782185
 10
24.10724368880185
 20
539.2357121713509
 10
23.17264000972745
 20
537.8075612294276
 10
22.87976809273266
 20
536.2354672979745
 10
21.653712103993
 20
536.2992803786647
 10
20.08090836887643
 20
536.3297759678227
 10
18.61447130976608
 20
536.0482522533215
 10
17.66568886967987
 20
535.8660144904677
 10
16.68993389033282
 20
535.6121558066083
 10
15.71563314288492
 20
535.2937655822531
 10
14.96112915952914
 20
535.0477060825636
 10
14.60231475085119
 20
534.6222393785355
 10
14.70584221219803
 20
534.0946561643477
 10
15.11358113689178
 20
532.0127067980402
 10
16.99556496100798
 20
530.480309934958
 10
18.50810463375889
 20
529.2485928291885
 10
18.50810463375889
 20
529.2485928291885
 10
18.59674353043107
 20
529.1769719081847
 10
18.59674353043107
 20
529.1769719081847
 10
18.59674353043107
 20
529.1769719081847
 10
19.10091187982527
 20
529.1769719081847
 10
19.10091187982527
 20
529.1769719081847
 10
19.09738017378623
 20
529.1060607908479
 10
19.09525076279225
 20
529.0337300661789
 10
19.09525076279225
 20
528.9613993415119
 10
19.09525076279225
 20
526.5915553400066
 10
21.02331988826422
 20
524.6634775583916
 10
23.39387369343391
 20
524.6634775583916
 10
25.25245130889665
 20
524.6634775583916
 10
26.8394511173092
 20
525.8491093628082
 10
27.43722698902958
 20
527.5034626140939
 10
27.90098846638615
 20
527.5594851667568
 10
28.3370849131
 20
527.7374727637649
 10
28.68881859741605
 20
528.0253760551063
 10
29.31353238382733
 20
528.5366424411466
 10
29.57520756414134
 20
529.3485712722112
 10
29.46742128080494
 20
530.4377736519274
 10
29.3504075498256
 20
531.6099364989994
 10
29.08165164514969
 20
532.5395715524205
 10
28.64413559110566
 20
533.2805979222884
 10
28.19102116872124
 20
534.0485622068492
 10
27.52020476866875
 20
534.5569980343719
 10
26.86567922833661
 20
534.9207724125617
 10
26.86567922833661
 20
534.9207724125617
 10
26.99403250566709
 20
537.4189696913984
 10
26.99403250566709
 20
537.4189696913984
 10
26.99403250566709
 20
537.4189696913984
 10
27.85916198701867
 20
537.4189696913984
 10
27.85916198701867
 20
537.4189696913984
 10
27.85916198701867
 20
537.4189696913984
 10
28.39523687675841
 20
544.3285448098649
 10
28.39523687675841
 20
544.3285448098649
 10
30.16588539921309
 20
544.3278350061995
 10
31.21608320193761
 20
544.327125202534
 10
31.2905433375999
 20
544.327125202534
 10
31.2905433375999
 20
544.327125202534
 10
42.6739070813442
 20
544.3746387673631
 10
42.6739070813442
 20
544.3746387673631
 10
42.6739070813442
 20
544.3746387673631
 10
42.67885839471277
 20
544.3746387673631
 10
42.67885839471277
 20
544.3746387673631
 10
42.98306985805775
 20
544.3746387673631
 10
43.27523197138682
 20
544.2455843425105
 10
43.48015748308876
 20
544.020083180673
 10
43.48015748308876
 20
544.020083180673
 10
43.67303364477414
 20
543.8080596323225
 10
43.67303364477414
 20
543.8080596323225
 10
43.97724510811913
 20
543.4740710396281
 10
44.44100658547602
 20
543.3209006024562
 10
44.88420106883786
 20
543.4088296954642
 10
44.88420106883786
 20
543.4088296954642
 10
47.22142872633279
 20
543.8725911728201
 10
47.22142872633279
 20
543.8725911728201
 10
47.31574605232374
 20
543.8910287558199
 10
47.41290259297345
 20
543.8974083326598
 10
47.50933201767357
 20
543.890318952157
 10
47.50933201767357
 20
543.890318952157
 10
68.49902274972365
 20
542.3813282977277
 10
68.49902274972365
 20
542.3813282977277
 10
68.94718585874014
 20
542.3487119537203
 10
69.37689407247206
 20
542.4529492187313
 10
69.7435163214634
 20
542.6805711354203
 10
70.15338465714984
 20
542.9358580827518
 10
70.86391543786033
 20
543.1521317969466
 10
71.92048416128294
 20
542.7323348660962
 10
71.92048416128294
 20
542.7323348660962
 10
71.93963154794652
 20
542.724544338067
 10
71.93963154794652
 20
542.724544338067
 10
71.93963154794652
 20
542.724544338067
 10
77.7720709489973
 20
542.791196633417
 10
77.7720709489973
 20
542.791196633417
 10
77.88269644699373
 20
542.455078629724
 10
78.36771740972242
 20
541.1460621736315
 10
79.2853204254133
 20
540.6830104999391
 10
79.2853204254133
 20
540.6830104999391
 10
78.95770275341518
 20
538.2252287492856
 10
78.95770275341518
 20
538.2252287492856
 10
78.95770275341518
 20
538.2252287492856
 10
80.3489871854839
 20
535.3937440252754
 10
80.3489871854839
 20
535.3937440252754
 10
80.3489871854839
 20
535.3937440252754
 10
78.93358674109757
 20
535.0320990580785
 10
78.93358674109757
 20
535.0320990580785
 10
78.93358674109757
 20
535.0320990580785
 10
71.92829200159538
 20
536.7623320523577
 10
71.92829200159538
 20
536.7623320523577
 10
71.92829200159538
 20
536.7623320523577
 10
74.51015955144959
 20
530.6817037406225
 10
74.51015955144959
 20
530.6817037406225
 10
74.51015955144959
 20
530.6817037406225
 10
78.93358674109757
 20
527.6254363145823
 10
78.93358674109757
 20
527.6254363145823
 10
78.93358674109757
 20
527.6254363145823
 10
79.69730085981053
 20
527.6254363145823
 10
79.69730085981053
 20
527.6254363145823
 10
79.95613682546579
 20
525.5009333529607
 10
81.7714510419467
 20
523.8501204638567
 10
83.96403456239304
 20
523.8501204638567
 10
85.93960859654966
 20
523.8501204638567
 10
87.60814926498705
 20
525.1896411652506
 10
88.10878590834092
 20
527.0077945963925
 10
88.41157776435702
 20
527.230465199713
 10
88.65976667504077
 20
527.5126900617353
 10
88.83775427205053
 20
527.8360402556018
 10
89.10580037306201
 20
528.3253286964627
 10
89.23415365039153
 20
528.8415637081583
 10
89.21782816610317
 20
529.3670088552101
 10
89.21782816610317
 20
531.2355237219815
 10
87.3117456419545
 20
533.5309075878231
 10
86.76289428624895
 20
534.1527994718605
 10
89.56883473446997
 20
534.4718994998801
 10
90.00849751179182
 20
536.49215654035
 10
90.07444000347753
 20
537.004132730056
 10
90.2687357724915
 20
536.9800340300238
 10
90.67294299114589
 20
536.9438686676913
 10
90.97358812388352
 20
537.0225703130542
 10
91.44302803055758
 20
537.1445440135445
 10
92.57192747864721
 20
538.527310801637
 10
92.60527093860678
 20
540.0277924682289
 10
92.62015950328177
 20
542.0494691160275
 10
90.61975965314278
 20
543.998815039155
 10
90.12265471582761
 20
544.451929461541
 10
90.6906707704809
 20
544.8150026922079
 10
93.11653732464833
 20
546.4346101884878
 10
94.67017636081651
 20
548.5754213221178
 10
96.3096497035687
 20
550.833220218297
 10
96.78902686154854
 20
554.6347728361937
 10
96.85211282629005
 20
555.1985127565717
 10
98.95745974510766
 20
555.8643691871152
 10
147.7946525970004
 20
571.3073857423173
 10
149.8028775997366
 20
571.7931338209952
 10
150.2283443037648
 20
571.8959514786802
 10
150.7105260518363
 20
571.9860099826828
 10
151.2210999464966
 20
572.0803273086722
 10
153.2165484832683
 20
572.4511910673671
 10
155.4778790854853
 20
572.8716891457406
 10
155.7551526341417
 20
574.3459340451652
 10
155.8480503528008
 20
574.8373432408774
 10
155.7033889034655
 20
575.3649177989229
 10
155.3367839667612
 20
575.8712328715968
 97
        0
 97
        0
 92
        1
 93
        1
 72
     4
 94
        3
 73
     0
 74
     1
 95
       17
 96
       13
 40
0.0
 40
0.0
 40
0.0
 40
0.0
 40
1.0
 40
1.0
 40
1.0
 40
2.0
 40
2.0
 40
2.0
 40
3.0
 40
3.0
 40
3.0
 40
4.0
 40
4.0
 40
4.0
 40
4.0
 10
23.88601000509603
 20
535.989399142144
 10
23.73567012644258
 20
535.956782798133
 10
23.58534756007392
 20
535.939764822465
 10
23.51088742441196
 20
535.9440149883109
 10
23.581088738085
 20
536.2234092918152
 10
23.97605119681294
 20
537.4132912620789
 10
24.26537409548326
 20
538.2684834921241
 10
24.26537409548326
 20
538.2684834921241
 10
24.4908839134628
 20
537.9451246421149
 10
24.4908839134628
 20
537.9451246421149
 10
24.4908839134628
 20
537.9451246421149
 10
23.88601000509603
 20
535.989399142144
 10
23.88601000509603
 20
535.989399142144
 97
        0
 97
        0
 92
        1
 93
        4
 72
     1
 10
25.87789221125846
 20
535.8802019076207
 11
24.96314572251177
 21
535.8802019076207
 72
     1
 10
24.96314572251177
 20
535.8802019076207
 11
25.53114446488091
 21
537.3445095557355
 72
     1
 10
25.53114446488091
 20
537.3445095557355
 11
25.87789221125846
 21
537.3445095557355
 72
     1
 10
25.87789221125846
 20
537.3445095557355
 11
25.87789221125846
 21
535.8802019076207
 97
        0
 92
        1
 93
        1
 72
     4
 94
        3
 73
     0
 74
     1
 95
       17
 96
       13
 40
0.0
 40
0.0
 40
0.0
 40
0.0
 40
1.0
 40
1.0
 40
1.0
 40
2.0
 40
2.0
 40
2.0
 40
3.0
 40
3.0
 40
3.0
 40
4.0
 40
4.0
 40
4.0
 40
4.0
 10
9.174082568453848
 20
574.8515393141735
 10
9.174082568453848
 20
574.8515393141735
 10
5.495204798570101
 20
577.8638421937085
 10
5.495204798570101
 20
577.8638421937085
 10
5.495204798570101
 20
577.8638421937085
 10
-8.008394428667437
 20
602.7437071280417
 10
-8.008394428667437
 20
602.7437071280417
 10
-8.008394428667437
 20
602.7437071280417
 10
48.70630336844291
 20
578.5020422497506
 10
48.70630336844291
 20
578.5020422497506
 10
38.40861029837635
 20
577.7206003517024
 10
10.46537124521382
 20
574.9784556718877
 10
9.174082568453848
 20
574.8515393141735
 97
        0
 97
        0
 92
        1
 93
        1
 72
     4
 94
        3
 73
     0
 74
     1
 95
       38
 96
       34
 40
0.0
 40
0.0
 40
0.0
 40
0.0
 40
1.0
 40
1.0
 40
1.0
 40
2.0
 40
2.0
 40
2.0
 40
3.0
 40
3.0
 40
3.0
 40
4.0
 40
4.0
 40
4.0
 40
5.0
 40
5.0
 40
5.0
 40
6.0
 40
6.0
 40
6.0
 40
7.0
 40
7.0
 40
7.0
 40
8.0
 40
8.0
 40
8.0
 40
9.0
 40
9.0
 40
9.0
 40
10.0
 40
10.0
 40
10.0
 40
11.0
 40
11.0
 40
11.0
 40
11.0
 10
64.01531418542423
 20
566.4365052473189
 10
63.92880469974636
 20
566.3336875896358
 10
63.80116122608064
 20
566.2805042516324
 10
63.66714683171747
 20
566.2897230431316
 10
63.66714683171747
 20
566.2897230431316
 10
57.08943089495224
 20
566.7641229193164
 10
57.08943089495224
 20
566.7641229193164
 10
56.92562205895302
 20
566.7761722693326
 10
56.78309002061264
 20
566.8839585526687
 10
56.72706746795014
 20
567.0385399410272
 10
56.72706746795014
 20
567.0385399410272
 10
54.12960154975617
 20
574.2211297861586
 10
54.12960154975617
 20
574.2211297861586
 10
54.08349893611464
 20
574.348773259823
 10
54.10122671544934
 20
574.4863366725097
 10
54.17781626210528
 20
574.5983817778366
 10
54.25509830014182
 20
574.7104095708762
 10
54.37708065677293
 20
574.7763693748448
 10
54.51251465846627
 20
574.779901080886
 10
54.51251465846627
 20
574.779901080886
 10
61.77593555995929
 20
574.9380314875661
 10
61.77593555995929
 20
574.9380314875661
 10
61.77593555995929
 20
574.9380314875661
 10
61.78587281126539
 20
574.9380314875661
 10
61.78587281126539
 20
574.9380314875661
 10
61.97874897295173
 20
574.9380314875661
 10
62.14396010399505
 20
574.8082759151897
 10
62.19006271763594
 20
574.6203510668738
 10
62.19006271763594
 20
574.6203510668738
 10
64.10182367110308
 20
566.8045297913524
 10
64.10182367110308
 20
566.8045297913524
 10
64.13444001511307
 20
566.6740644153134
 10
64.10253347476784
 20
566.539322905001
 10
64.01531418542423
 20
566.4365052473189
 97
        0
 97
        0
 92
        1
 93
        1
 72
     4
 94
        3
 73
     0
 74
     1
 95
       38
 96
       34
 40
0.0
 40
0.0
 40
0.0
 40
0.0
 40
1.0
 40
1.0
 40
1.0
 40
2.0
 40
2.0
 40
2.0
 40
3.0
 40
3.0
 40
3.0
 40
4.0
 40
4.0
 40
4.0
 40
5.0
 40
5.0
 40
5.0
 40
6.0
 40
6.0
 40
6.0
 40
7.0
 40
7.0
 40
7.0
 40
8.0
 40
8.0
 40
8.0
 40
9.0
 40
9.0
 40
9.0
 40
10.0
 40
10.0
 40
10.0
 40
11.0
 40
11.0
 40
11.0
 40
11.0
 10
76.39001396457182
 20
565.704706325091
 10
76.30845579226154
 20
565.5607546794221
 10
76.16168224421769
 20
565.4827541815789
 10
75.99645380088893
 20
565.4948035315965
 10
75.99645380088893
 20
565.4948035315965
 10
66.48799315689763
 20
566.209593134294
 10
66.48799315689763
 20
566.209593134294
 10
66.30787614889326
 20
566.2230620916404
 10
66.15824607390553
 20
566.3499957616403
 10
66.1142901835431
 20
566.5244343403275
 10
66.1142901835431
 20
566.5244343403275
 10
64.10679229675613
 20
574.55440857519
 10
64.10679229675613
 20
574.55440857519
 10
64.07559556007566
 20
574.679212834198
 10
64.1032432784326
 20
574.8089857188554
 10
64.18125243241776
 20
574.9103837692096
 10
64.25995407778385
 20
575.0117818195628
 10
64.3783874160924
 20
575.0713533905504
 10
64.5067233811371
 20
575.0727729978782
 10
64.5067233811371
 20
575.0727729978782
 10
69.21523195975129
 20
575.1252465322192
 10
69.21523195975129
 20
575.1252465322192
 10
69.21523195975129
 20
575.1252465322192
 10
69.23366954275075
 20
575.1252465322192
 10
69.23366954275075
 20
575.1252465322192
 10
69.76690521783111
 20
575.1252465322192
 10
70.2661222538561
 20
574.8657180751843
 10
70.57175332453126
 20
574.4288945125205
 10
70.57175332453126
 20
574.4288945125205
 10
76.36944697057838
 20
566.150021563305
 10
76.36944697057838
 20
566.150021563305
 10
76.46376429656837
 20
566.0145875616123
 10
76.47226462826076
 20
565.8479395109556
 10
76.39001396457182
 20
565.704706325091
 97
        0
 97
        0
 92
        1
 93
        1
 72
     4
 94
        3
 73
     0
 74
     1
 95
       20
 96
       16
 40
0.0
 40
0.0
 40
0.0
 40
0.0
 40
1.0
 40
1.0
 40
1.0
 40
2.0
 40
2.0
 40
2.0
 40
3.0
 40
3.0
 40
3.0
 40
4.0
 40
4.0
 40
4.0
 40
5.0
 40
5.0
 40
5.0
 40
5.0
 10
78.97543053275018
 20
564.990635182201
 10
78.64994227174539
 20
565.0806850300613
 10
78.39609224402957
 20
565.2686012222347
 10
78.25993112638666
 20
565.5189195439118
 10
76.70627477793334
 20
568.3901099924374
 10
74.20594808810364
 20
571.8768040920156
 10
72.7976629926501
 20
573.7729666771434
 10
76.61550647026655
 20
570.597573421415
 10
80.5950466851721
 20
566.467701983998
 10
81.02193299652942
 20
566.0230965494494
 10
80.81203885917475
 20
565.6550633492712
 10
80.50782739582912
 20
565.3522714932554
 10
80.11568683947577
 20
565.1203907545753
 10
79.79942602611456
 20
564.9331930222089
 10
79.36260246345017
 20
564.8835587025303
 10
78.97543053275018
 20
564.990635182201
 97
        0
 97
        0
 92
        1
 93
        4
 72
     1
 10
81.08858529187894
 20
537.250910689552
 11
80.21071396913085
 21
538.5677263298167
 72
     1
 10
80.21071396913085
 20
538.5677263298167
 11
80.51277870919769
 21
539.5065888308794
 72
     1
 10
80.51277870919769
 20
539.5065888308794
 11
81.20984053256143
 21
538.7279861474915
 72
     1
 10
81.20984053256143
 20
538.7279861474915
 11
81.08858529187894
 21
537.250910689552
 97
        0
 92
        1
 93
        3
 72
     1
 10
82.3947625333139
 20
536.2482264516545
 11
82.26498964865452
 21
537.5742608834188
 72
     1
 10
82.26498964865452
 20
537.5742608834188
 11
82.7408177883118
 21
536.5410897125066
 72
     1
 10
82.7408177883118
 20
536.5410897125066
 11
82.3947625333139
 21
536.2482264516545
 97
        0
 75
     2
 76
     1
 98
        0
  0
SPLINE
  5
6D
330
1F
100
AcDbEntity
  8
Layer 1
370
     0
100
AcDbSpline
210
0.0
220
0.0
230
1.0
 70
    11
 71
     3
 72
   656
 73
   652
 74
     0
 42
0.0000000001
 43
0.0000000001
 12
1.0
 22
0.0
 32
0.0
 13
1.0
 23
0.0
 33
0.0
 40
0.0
 40
0.0
 40
0.0
 40
0.0
 40
1.0
 40
1.0
 40
1.0
 40
2.0
 40
2.0
 40
2.0
 40
3.0
 40
3.0
 40
3.0
 40
4.0
 40
4.0
 40
4.0
 40
5.0
 40
5.0
 40
5.0
 40
6.0
 40
6.0
 40
6.0
 40
7.0
 40
7.0
 40
7.0
 40
8.0
 40
8.0
 40
8.0
 40
9.0
 40
9.0
 40
9.0
 40
10.0
 40
10.0
 40
10.0
 40
11.0
 40
11.0
 40
11.0
 40
12.0
 40
12.0
 40
12.0
 40
13.0
 40
13.0
 40
13.0
 40
14.0
 40
14.0
 40
14.0
 40
15.0
 40
15.0
 40
15.0
 40
16.0
 40
16.0
 40
16.0
 40
17.0
 40
17.0
 40
17.0
 40
18.0
 40
18.0
 40
18.0
 40
19.0
 40
19.0
 40
19.0
 40
20.0
 40
20.0
 40
20.0
 40
21.0
 40
21.0
 40
21.0
 40
22.0
 40
22.0
 40
22.0
 40
23.0
 40
23.0
 40
23.0
 40
24.0
 40
24.0
 40
24.0
 40
25.0
 40
25.0
 40
25.0
 40
26.0
 40
26.0
 40
26.0
 40
27.0
 40
27.0
 40
27.0
 40
28.0
 40
28.0
 40
28.0
 40
29.0
 40
29.0
 40
29.0
 40
30.0
 40
30.0
 40
30.0
 40
31.0
 40
31.0
 40
31.0
 40
32.0
 40
32.0
 40
32.0
 40
33.0
 40
33.0
 40
33.0
 40
34.0
 40
34.0
 40
34.0
 40
35.0
 40
35.0
 40
35.0
 40
36.0
 40
36.0
 40
36.0
 40
37.0
 40
37.0
 40
37.0
 40
38.0
 40
38.0
 40
38.0
 40
39.0
 40
39.0
 40
39.0
 40
40.0
 40
40.0
 40
40.0
 40
41.0
 40
41.0
 40
41.0
 40
42.0
 40
42.0
 40
42.0
 40
43.0
 40
43.0
 40
43.0
 40
44.0
 40
44.0
 40
44.0
 40
45.0
 40
45.0
 40
45.0
 40
46.0
 40
46.0
 40
46.0
 40
47.0
 40
47.0
 40
47.0
 40
48.0
 40
48.0
 40
48.0
 40
49.0
 40
49.0
 40
49.0
 40
50.0
 40
50.0
 40
50.0
 40
51.0
 40
51.0
 40
51.0
 40
52.0
 40
52.0
 40
52.0
 40
53.0
 40
53.0
 40
53.0
 40
54.0
 40
54.0
 40
54.0
 40
55.0
 40
55.0
 40
55.0
 40
56.0
 40
56.0
 40
56.0
 40
57.0
 40
57.0
 40
57.0
 40
58.0
 40
58.0
 40
58.0
 40
59.0
 40
59.0
 40
59.0
 40
60.0
 40
60.0
 40
60.0
 40
61.0
 40
61.0
 40
61.0
 40
62.0
 40
62.0
 40
62.0
 40
63.0
 40
63.0
 40
63.0
 40
64.0
 40
64.0
 40
64.0
 40
65.0
 40
65.0
 40
65.0
 40
66.0
 40
66.0
 40
66.0
 40
67.0
 40
67.0
 40
67.0
 40
68.0
 40
68.0
 40
68.0
 40
69.0
 40
69.0
 40
69.0
 40
70.0
 40
70.0
 40
70.0
 40
71.0
 40
71.0
 40
71.0
 40
72.0
 40
72.0
 40
72.0
 40
73.0
 40
73.0
 40
73.0
 40
74.0
 40
74.0
 40
74.0
 40
75.0
 40
75.0
 40
75.0
 40
76.0
 40
76.0
 40
76.0
 40
77.0
 40
77.0
 40
77.0
 40
78.0
 40
78.0
 40
78.0
 40
79.0
 40
79.0
 40
79.0
 40
80.0
 40
80.0
 40
80.0
 40
81.0
 40
81.0
 40
81.0
 40
82.0
 40
82.0
 40
82.0
 40
83.0
 40
83.0
 40
83.0
 40
84.0
 40
84.0
 40
84.0
 40
85.0
 40
85.0
 40
85.0
 40
86.0
 40
86.0
 40
86.0
 40
87.0
 40
87.0
 40
87.0
 40
88.0
 40
88.0
 40
88.0
 40
89.0
 40
89.0
 40
89.0
 40
90.0
 40
90.0
 40
90.0
 40
91.0
 40
91.0
 40
91.0
 40
92.0
 40
92.0
 40
92.0
 40
93.0
 40
93.0
 40
93.0
 40
94.0
 40
94.0
 40
94.0
 40
95.0
 40
95.0
 40
95.0
 40
96.0
 40
96.0
 40
96.0
 40
97.0
 40
97.0
 40
97.0
 40
98.0
 40
98.0
 40
98.0
 40
99.0
 40
99.0
 40
99.0
 40
100.0
 40
100.0
 40
100.0
 40
101.0
 40
101.0
 40
101.0
 40
102.0
 40
102.0
 40
102.0
 40
103.0
 40
103.0
 40
103.0
 40
104.0
 40
104.0
 40
104.0
 40
105.0
 40
105.0
 40
105.0
 40
106.0
 40
106.0
 40
106.0
 40
107.0
 40
107.0
 40
107.0
 40
108.0
 40
108.0
 40
108.0
 40
109.0
 40
109.0
 40
109.0
 40
110.0
 40
110.0
 40
110.0
 40
111.0
 40
111.0
 40
111.0
 40
112.0
 40
112.0
 40
112.0
 40
113.0
 40
113.0
 40
113.0
 40
114.0
 40
114.0
 40
114.0
 40
115.0
 40
115.0
 40
115.0
 40
116.0
 40
116.0
 40
116.0
 40
117.0
 40
117.0
 40
117.0
 40
118.0
 40
118.0
 40
118.0
 40
119.0
 40
119.0
 40
119.0
 40
120.0
 40
120.0
 40
120.0
 40
121.0
 40
121.0
 40
121.0
 40
122.0
 40
122.0
 40
122.0
 40
123.0
 40
123.0
 40
123.0
 40
124.0
 40
124.0
 40
124.0
 40
125.0
 40
125.0
 40
125.0
 40
126.0
 40
126.0
 40
126.0
 40
127.0
 40
127.0
 40
127.0
 40
128.0
 40
128.0
 40
128.0
 40
129.0
 40
129.0
 40
129.0
 40
130.0
 40
130.0
 40
130.0
 40
131.0
 40
131.0
 40
131.0
 40
132.0
 40
132.0
 40
132.0
 40
133.0
 40
133.0
 40
133.0
 40
134.0
 40
134.0
 40
134.0
 40
135.0
 40
135.0
 40
135.0
 40
136.0
 40
136.0
 40
136.0
 40
137.0
 40
137.0
 40
137.0
 40
138.0
 40
138.0
 40
138.0
 40
139.0
 40
139.0
 40
139.0
 40
140.0
 40
140.0
 40
140.0
 40
141.0
 40
141.0
 40
141.0
 40
142.0
 40
142.0
 40
142.0
 40
143.0
 40
143.0
 40
143.0
 40
144.0
 40
144.0
 40
144.0
 40
145.0
 40
145.0
 40
145.0
 40
146.0
 40
146.0
 40
146.0
 40
147.0
 40
147.0
 40
147.0
 40
148.0
 40
148.0
 40
148.0
 40
149.0
 40
149.0
 40
149.0
 40
150.0
 40
150.0
 40
150.0
 40
151.0
 40
151.0
 40
151.0
 40
152.0
 40
152.0
 40
152.0
 40
153.0
 40
153.0
 40
153.0
 40
154.0
 40
154.0
 40
154.0
 40
155.0
 40
155.0
 40
155.0
 40
156.0
 40
156.0
 40
156.0
 40
157.0
 40
157.0
 40
157.0
 40
158.0
 40
158.0
 40
158.0
 40
159.0
 40
159.0
 40
159.0
 40
160.0
 40
160.0
 40
160.0
 40
161.0
 40
161.0
 40
161.0
 40
162.0
 40
162.0
 40
162.0
 40
163.0
 40
163.0
 40
163.0
 40
164.0
 40
164.0
 40
164.0
 40
165.0
 40
165.0
 40
165.0
 40
166.0
 40
166.0
 40
166.0
 40
167.0
 40
167.0
 40
167.0
 40
168.0
 40
168.0
 40
168.0
 40
169.0
 40
169.0
 40
169.0
 40
170.0
 40
170.0
 40
170.0
 40
171.0
 40
171.0
 40
171.0
 40
172.0
 40
172.0
 40
172.0
 40
173.0
 40
173.0
 40
173.0
 40
174.0
 40
174.0
 40
174.0
 40
175.0
 40
175.0
 40
175.0
 40
176.0
 40
176.0
 40
176.0
 40
177.0
 40
177.0
 40
177.0
 40
178.0
 40
178.0
 40
178.0
 40
179.0
 40
179.0
 40
179.0
 40
180.0
 40
180.0
 40
180.0
 40
181.0
 40
181.0
 40
181.0
 40
182.0
 40
182.0
 40
182.0
 40
183.0
 40
183.0
 40
183.0
 40
184.0
 40
184.0
 40
184.0
 40
185.0
 40
185.0
 40
185.0
 40
186.0
 40
186.0
 40
186.0
 40
187.0
 40
187.0
 40
187.0
 40
188.0
 40
188.0
 40
188.0
 40
189.0
 40
189.0
 40
189.0
 40
190.0
 40
190.0
 40
190.0
 40
191.0
 40
191.0
 40
191.0
 40
192.0
 40
192.0
 40
192.0
 40
193.0
 40
193.0
 40
193.0
 40
194.0
 40
194.0
 40
194.0
 40
195.0
 40
195.0
 40
195.0
 40
196.0
 40
196.0
 40
196.0
 40
197.0
 40
197.0
 40
197.0
 40
198.0
 40
198.0
 40
198.0
 40
199.0
 40
199.0
 40
199.0
 40
200.0
 40
200.0
 40
200.0
 40
201.0
 40
201.0
 40
201.0
 40
202.0
 40
202.0
 40
202.0
 40
203.0
 40
203.0
 40
203.0
 40
204.0
 40
204.0
 40
204.0
 40
205.0
 40
205.0
 40
205.0
 40
206.0
 40
206.0
 40
206.0
 40
207.0
 40
207.0
 40
207.0
 40
208.0
 40
208.0
 40
208.0
 40
209.0
 40
209.0
 40
209.0
 40
210.0
 40
210.0
 40
210.0
 40
211.0
 40
211.0
 40
211.0
 40
212.0
 40
212.0
 40
212.0
 40
213.0
 40
213.0
 40
213.0
 40
214.0
 40
214.0
 40
214.0
 40
215.0
 40
215.0
 40
215.0
 40
216.0
 40
216.0
 40
216.0
 40
217.0
 40
217.0
 40
217.0
 40
217.0
 10
-42.34687087085626
 20
586.772058987107
 30
0.0
 10
-42.52178833188538
 20
587.2619441022177
 30
0.0
 10
-44.2261760716009
 20
587.8376459427766
 30
0.0
 10
-47.14560701372294
 20
588.393961312051
 30
0.0
 10
-51.01991457845769
 20
589.1318432492734
 30
0.0
 10
-64.54706310989862
 20
591.2895865593871
 30
0.0
 10
-65.88942589820897
 20
591.5032634485443
 30
0.0
 10
-65.71837356843649
 20
592.9380650403334
 30
0.0
 10
-66.26860068026023
 20
593.990921388856
 30
0.0
 10
-66.40975905779695
 20
594.2328231962967
 30
0.0
 10
-66.40975905779695
 20
594.2328231962967
 30
0.0
 10
-54.52998082281339
 20
622.0216776429428
 30
0.0
 10
-54.52998082281339
 20
622.0216776429428
 30
0.0
 10
-54.45248899545104
 20
622.2015819341602
 30
0.0
 10
-54.30800606445752
 20
622.341618612763
 30
0.0
 10
-54.13308860342808
 20
622.4052851629386
 30
0.0
 10
-53.79321382730058
 20
622.5287261031407
 30
0.0
 10
-53.59005117631938
 20
622.7440517545813
 30
0.0
 10
-53.54576434020765
 20
623.026922601895
 30
0.0
 10
-53.49595009611009
 20
623.3463229939198
 30
0.0
 10
-53.67807075629912
 20
623.659074279024
 30
0.0
 10
-53.98749748794777
 20
623.7875020494142
 30
0.0
 10
-53.98749748794777
 20
623.7875020494142
 30
0.0
 10
-61.87782508719511
 20
627.0617547437828
 30
0.0
 10
-61.87782508719511
 20
627.0617547437828
 30
0.0
 10
-61.87782508719511
 20
627.0617547437828
 30
0.0
 10
-61.82136173618037
 20
627.4697288080287
 30
0.0
 10
-61.82136173618037
 20
627.4697288080287
 30
0.0
 10
-61.77984536128496
 20
627.7719658549626
 30
0.0
 10
-61.98189982778001
 20
628.0531744255488
 30
0.0
 10
-62.28136641349729
 20
628.1101783543605
 30
0.0
 10
-62.28136641349729
 20
628.1101783543605
 30
0.0
 10
-62.569764668798
 20
628.1649929430909
 30
0.0
 10
-62.569764668798
 20
628.1649929430909
 30
0.0
 10
-62.569764668798
 20
628.1649929430909
 30
0.0
 10
-62.28192050574068
 20
629.752021242834
 30
0.0
 10
-62.28192050574068
 20
629.752021242834
 30
0.0
 10
-62.2359849073446
 20
630.0077685991281
 30
0.0
 10
-62.40591553818576
 20
630.2529882028032
 30
0.0
 10
-62.66110880223713
 20
630.2989238011999
 30
0.0
 10
-62.91684264408607
 20
630.345427006282
 30
0.0
 10
-63.16207576220702
 20
630.1754828609957
 30
0.0
 10
-63.20801136060246
 20
629.9197490191474
 30
0.0
 10
-63.20801136060246
 20
629.9197490191474
 30
0.0
 10
-63.49365266913333
 20
628.3404644963647
 30
0.0
 10
-63.49365266913333
 20
628.3404644963647
 30
0.0
 10
-63.49365266913333
 20
628.3404644963647
 30
0.0
 10
-63.80695804648283
 20
628.4002524008353
 30
0.0
 10
-63.80695804648283
 20
628.4002524008353
 30
0.0
 10
-64.1130737391176
 20
628.4583645141356
 30
0.0
 10
-64.40535064012012
 20
628.2657296157719
 30
0.0
 10
-64.4723282293077
 20
627.9618302921103
 30
0.0
 10
-64.4723282293077
 20
627.9618302921103
 30
0.0
 10
-64.59798553848297
 20
627.394439835196
 30
0.0
 10
-64.59798553848297
 20
627.394439835196
 30
0.0
 10
-64.60572931544078
 20
627.3916693739818
 30
0.0
 10
-64.6129325146007
 20
627.3889124272107
 30
0.0
 10
-64.62067629155948
 20
627.3855878737504
 30
0.0
 10
-64.62067629155948
 20
627.3855878737504
 30
0.0
 10
-64.81829802010931
 20
627.3257999692785
 30
0.0
 10
-64.81829802010931
 20
627.3257999692785
 30
0.0
 10
-65.40837923010055
 20
627.1475579547919
 30
0.0
 10
-65.94864619599421
 20
626.821521970297
 30
0.0
 10
-66.38208147453248
 20
626.3830998615698
 30
0.0
 10
-69.45041457114904
 20
623.276574943514
 30
0.0
 10
-84.87678859519606
 20
607.6736076672635
 30
0.0
 10
-87.21278743424469
 20
605.599451199185
 30
0.0
 10
-87.96893414382012
 20
604.9279995161302
 30
0.0
 10
-88.67914525499981
 20
604.4691030232984
 30
0.0
 10
-89.31129693213049
 20
604.1569058304351
 30
0.0
 10
-89.31129693213049
 20
604.1569058304351
 30
0.0
 10
-88.67471251705524
 20
606.8067506246337
 30
0.0
 10
-88.67471251705524
 20
606.8067506246337
 30
0.0
 10
-88.64260219584685
 20
606.9401517107648
 30
0.0
 10
-88.72508085339621
 20
607.0746744958279
 30
0.0
 10
-88.85904954621688
 20
607.1067713025943
 30
0.0
 10
-88.99189654010688
 20
607.1388816238008
 30
0.0
 10
-89.12695990296884
 20
607.0569570584958
 30
0.0
 10
-89.15907022417723
 20
606.9229883656739
 30
0.0
 10
-89.15907022417723
 20
606.9229883656739
 30
0.0
 10
-89.88478240371836
 20
603.9033748431149
 30
0.0
 10
-89.88478240371836
 20
603.9033748431149
 30
0.0
 10
-90.34367889654881
 20
603.7234705518971
 30
0.0
 10
-90.7477608006495
 20
603.622720364771
 30
0.0
 10
-91.07989179981887
 20
603.5684733827304
 30
0.0
 10
-91.47900038817615
 20
603.502603978028
 30
0.0
 10
-91.89471822938165
 20
603.5413498917071
 30
0.0
 10
-92.28220439507899
 20
603.6802919002726
 30
0.0
 10
-95.88195249614493
 20
604.970624075513
 30
0.0
 10
-114.0356901706394
 20
611.4765184193102
 30
0.0
 10
-117.9188496968184
 20
612.849869829897
 30
0.0
 10
-118.5415953202608
 20
613.0701823115253
 30
0.0
 10
-119.3647196190245
 20
613.3524990665971
 30
0.0
 10
-120.3439627858878
 20
613.6824136967948
 30
0.0
 10
-120.8089407789471
 20
614.3848675165715
 30
0.0
 10
-120.6932436157029
 20
615.0054102854858
 30
0.0
 10
-120.5758976901744
 20
615.3231348863357
 30
0.0
 10
-120.5432738200575
 20
615.4104787440682
 30
0.0
 10
-120.5592614084367
 20
615.5038770731389
 30
0.0
 10
-120.6116704259651
 20
615.5730304879662
 30
0.0
 10
-120.6116704259651
 20
615.5730304879662
 30
0.0
 10
-113.1287357698311
 20
624.7887061893281
 30
0.0
 10
-113.1287357698311
 20
624.7887061893281
 30
0.0
 10
-113.0901925728243
 20
624.836168920003
 30
0.0
 10
-113.0974363153195
 20
624.9059034559615
 30
0.0
 10
-113.1448990459948
 20
624.9444466529692
 30
0.0
 10
-113.1923617766708
 20
624.9828817344147
 30
0.0
 10
-113.2619881970696
 20
624.9757731363695
 30
0.0
 10
-113.3006395096359
 20
624.9282833768035
 30
0.0
 10
-113.3006395096359
 20
624.9282833768035
 30
0.0
 10
-120.8108328012407
 20
615.6790242797331
 30
0.0
 10
-120.8108328012407
 20
615.6790242797331
 30
0.0
 10
-120.8109409168003
 20
615.6790377941783
 30
0.0
 10
-120.8110490323598
 20
615.6790783375129
 30
0.0
 10
-120.8111571479194
 20
615.6790783375129
 30
0.0
 10
-120.8847838440245
 20
615.6835110754571
 30
0.0
 10
-120.9583970256838
 20
615.6569416766814
 30
0.0
 10
-121.010981730997
 20
615.6021270879506
 30
0.0
 10
-121.3608301675004
 20
615.2390074665022
 30
0.0
 10
-122.1656964511321
 20
614.7098088310267
 30
0.0
 10
-122.5969153606981
 20
614.4369116440872
 30
0.0
 10
-126.994880638479
 20
615.8999449113826
 30
0.0
 10
-133.1575756526906
 20
617.9060156057893
 30
0.0
 10
-138.8015862696002
 20
619.7432503393939
 30
0.0
 10
-140.3720053164947
 20
620.2547315375388
 30
0.0
 10
-141.8981510417236
 20
620.7512657595631
 30
0.0
 10
-143.3274252255273
 20
621.2173654515516
 30
0.0
 10
-143.3102618804366
 20
621.7864181851968
 30
0.0
 10
-143.6761519630994
 20
622.2945748298824
 30
0.0
 10
-144.2225139436671
 20
622.4595321449808
 30
0.0
 10
-144.2225139436671
 20
622.4595321449808
 30
0.0
 10
-145.7663635917839
 20
622.9239560457952
 30
0.0
 10
-145.7663635917839
 20
622.9239560457952
 30
0.0
 10
-145.9944333648136
 20
622.9925959117132
 30
0.0
 10
-146.2241519001279
 20
623.017503033763
 30
0.0
 10
-146.4488971196995
 20
622.9981368341453
 30
0.0
 10
-146.9886099933504
 20
622.9510795368172
 30
0.0
 10
-147.4214911796456
 20
622.7440517545813
 30
0.0
 10
-147.6805495749536
 20
622.587405823127
 30
0.0
 10
-149.1762472557014
 20
623.0230439561957
 30
0.0
 10
-150.5894662789009
 20
623.3939208690422
 30
0.0
 10
-151.9035973917047
 20
623.7100102220538
 30
0.0
 10
-151.9556280047745
 20
623.9491348110571
 30
0.0
 10
-152.1388568494488
 20
624.1417697094174
 30
0.0
 10
-152.3851846376113
 20
624.2010035216484
 30
0.0
 10
-152.3851846376113
 20
624.2010035216484
 30
0.0
 10
-153.8493260893945
 20
624.5541765116103
 30
0.0
 10
-153.8493260893945
 20
624.5541765116103
 30
0.0
 10
-154.1144794993753
 20
624.6183836395822
 30
0.0
 10
-154.3807410938435
 20
624.5104437677417
 30
0.0
 10
-154.529643248338
 20
624.3000914320444
 30
0.0
 10
-154.943698812813
 20
624.387002827538
 30
0.0
 10
-155.342807401171
 20
624.467265116117
 30
0.0
 10
-155.7269825278547
 20
624.5419864822621
 30
0.0
 10
-155.7895273790987
 20
624.8934971954934
 30
0.0
 10
-156.0580053425383
 20
625.1879904654686
 30
0.0
 10
-156.423895425201
 20
625.2671445695592
 30
0.0
 10
-156.423895425201
 20
625.2671445695592
 30
0.0
 10
-157.2204638396313
 20
625.4398591760612
 30
0.0
 10
-157.2204638396313
 20
625.4398591760612
 30
0.0
 10
-157.6190183357461
 20
625.5262029648678
 30
0.0
 10
-158.0181269241037
 20
625.3296894208006
 30
0.0
 10
-158.2041262299946
 20
624.9859359989736
 30
0.0
 10
-159.5653011256793
 20
625.2090189418159
 30
0.0
 10
-160.5971289978552
 20
625.3429876346365
 30
0.0
 10
-161.230388859471
 20
625.4249121999422
 30
0.0
 10
-161.4318757192778
 20
625.4509275064764
 30
0.0
 10
-161.5946301798491
 20
625.4719559828256
 30
0.0
 10
-161.7164088433229
 20
625.4891193279148
 30
0.0
 10
-162.0496480269794
 20
625.536163110799
 30
0.0
 10
-162.2976380918689
 20
625.6684695268888
 30
0.0
 10
-162.4548516300098
 20
625.8827005082865
 30
0.0
 10
-162.7166804865328
 20
626.2391845372609
 30
0.0
 10
-162.6685150047193
 20
626.7412461672737
 30
0.0
 10
-162.6352964990244
 20
626.9405301725528
 30
0.0
 10
-162.6253363530946
 20
627.0014262615118
 30
0.0
 10
-162.6424996981843
 20
627.062862928268
 30
0.0
 10
-162.6817997041084
 20
627.109920225596
 30
0.0
 10
-162.7188833410599
 20
627.153652969464
 30
0.0
 10
-162.7725897453042
 20
627.1802223682437
 30
0.0
 10
-162.8295936741162
 20
627.1829793150151
 30
0.0
 10
-162.8295936741162
 20
627.1829793150151
 30
0.0
 10
-157.9439461357549
 20
638.6475938010327
 30
0.0
 10
-157.9439461357549
 20
638.6475938010327
 30
0.0
 10
-157.9201471981929
 20
638.7035030598079
 30
0.0
 10
-157.9461625047279
 20
638.7688183722637
 30
0.0
 10
-158.0026258557426
 20
638.7926308242731
 30
0.0
 10
-158.0585351145133
 20
638.8164297618346
 30
0.0
 10
-158.123850426973
 20
638.7904144553003
 30
0.0
 10
-158.1476628789792
 20
638.7339511042865
 30
0.0
 10
-158.1476628789792
 20
638.7339511042865
 30
0.0
 10
-163.0703940542929
 20
627.1835469217018
 30
0.0
 10
-163.0703940542929
 20
627.1835469217018
 30
0.0
 10
-163.0703940542929
 20
627.1835469217018
 30
0.0
 10
-163.1894022565503
 20
627.1835469217018
 30
0.0
 10
-163.1894022565503
 20
627.1835469217018
 30
0.0
 10
-163.2746513753147
 20
627.1835469217018
 30
0.0
 10
-163.3504944403921
 20
627.1320568864314
 30
0.0
 10
-163.383145339399
 20
627.0523486900955
 30
0.0
 10
-163.878584891383
 20
625.8289941040439
 30
0.0
 10
-164.6939654131876
 20
625.3662324799571
 30
0.0
 10
-164.9945401833923
 20
625.2322773015793
 30
0.0
 10
-164.9945401833923
 20
625.2322773015793
 30
0.0
 10
-165.3144946676586
 20
626.966545479087
 30
0.0
 10
-165.3144946676586
 20
626.966545479087
 30
0.0
 10
-165.3438345276526
 20
627.1248672017144
 30
0.0
 10
-165.4711541135561
 20
627.244983588459
 30
0.0
 10
-165.62447549155
 20
627.2588223800893
 30
0.0
 10
-165.7274420476485
 20
627.268228433778
 30
0.0
 10
-165.8287463270174
 20
627.2322529813129
 30
0.0
 10
-165.9012513241911
 20
627.1597344696962
 30
0.0
 10
-165.9743239280535
 20
627.0877835647623
 30
0.0
 10
-166.0114210794495
 20
626.9875874698805
 30
0.0
 10
-166.0031096958037
 20
626.8851750060273
 30
0.0
 10
-166.0031096958037
 20
626.8851750060273
 30
0.0
 10
-165.8774523866291
 20
625.3690029411715
 30
0.0
 10
-165.8774523866291
 20
625.3690029411715
 30
0.0
 10
-166.5909880512669
 20
625.4027620246633
 30
0.0
 10
-168.633588290381
 20
625.2693609385318
 30
0.0
 10
-170.1647073313528
 20
624.8082480767316
 30
0.0
 10
-172.7365197203889
 20
624.0338298375772
 30
0.0
 10
-177.7489192379657
 20
622.4019606094787
 30
0.0
 10
-180.2233059933347
 20
621.1996480142182
 30
0.0
 10
-182.7967671446551
 20
619.9491699371446
 30
0.0
 10
-184.992702276208
 20
618.8597840439148
 30
0.0
 10
-185.2739040895712
 20
618.7208420353534
 30
0.0
 10
-192.552000303551
 20
619.6580012206301
 30
0.0
 10
-204.3930258676304
 20
619.7786852140609
 30
0.0
 10
-205.9817164441017
 20
619.7908617289643
 30
0.0
 10
-205.9817164441017
 20
619.7908617289643
 30
0.0
 10
-199.1209969694461
 20
633.6589932210214
 30
0.0
 10
-199.1209969694461
 20
633.6589932210214
 30
0.0
 10
-199.1209969694461
 20
633.6589932210214
 30
0.0
 10
-199.0999651144873
 20
633.7021583582015
 30
0.0
 10
-199.0999651144873
 20
633.7021583582015
 30
0.0
 10
-199.0999651144873
 20
633.7021583582015
 30
0.0
 10
-199.1165709887246
 20
633.746999286555
 30
0.0
 10
-199.1165709887246
 20
633.746999286555
 30
0.0
 10
-199.80518939548
 20
635.5825852578755
 30
0.0
 10
-201.149211081908
 20
636.7251099486664
 30
0.0
 10
-202.1555676039584
 20
637.3605861792548
 30
0.0
 10
-203.244406162169
 20
638.0481065373557
 30
0.0
 10
-204.1577664098847
 20
638.298853549016
 30
0.0
 10
-204.1965123235657
 20
638.3093677871896
 30
0.0
 10
-204.1965123235657
 20
638.3093677871896
 30
0.0
 10
-204.2845285249343
 20
638.3331802391978
 30
0.0
 10
-204.2845285249343
 20
638.3331802391978
 30
0.0
 10
-204.2845285249343
 20
638.3331802391978
 30
0.0
 10
-204.3249367153448
 20
638.2507015816503
 30
0.0
 10
-204.3249367153448
 20
638.2507015816503
 30
0.0
 10
-206.1671582791383
 20
634.4544399365194
 30
0.0
 10
-209.6373738039387
 20
620.3399806563012
 30
0.0
 10
-209.9385060449964
 20
619.1083282010501
 30
0.0
 10
-210.3425980849304
 20
619.0944894094159
 30
0.0
 10
-210.8529710985873
 20
618.8974217731092
 30
0.0
 10
-210.9924671993948
 20
618.840404329851
 30
0.0
 10
-211.3710980250364
 20
618.9400463324929
 30
0.0
 10
-214.5678588920432
 20
619.7382770236527
 30
0.0
 10
-219.9378641375258
 20
619.8113361130683
 30
0.0
 10
-222.6928884781816
 20
619.8478791722227
 30
0.0
 10
-224.7847623835957
 20
619.5107613428645
 30
0.0
 10
-226.1542486629262
 20
618.8088616153309
 30
0.0
 10
-226.5373054692902
 20
618.6129021635102
 30
0.0
 10
-226.7659225773411
 20
618.2226455365952
 30
0.0
 10
-226.75042150898
 20
617.7908725347862
 30
0.0
 10
-226.7349238192295
 20
617.3557884939665
 30
0.0
 10
-226.4769668511858
 20
616.9804788431705
 30
0.0
 10
-226.0773041705854
 20
616.8105346978839
 30
0.0
 10
-226.0773041705854
 20
616.8105346978839
 30
0.0
 10
-216.5490190857889
 20
612.7607555798751
 30
0.0
 10
-216.5490190857889
 20
612.7607555798751
 30
0.0
 10
-216.3901500281419
 20
612.527698976661
 30
0.0
 10
-215.3112783730841
 20
611.1189126914057
 30
0.0
 10
-211.9440226471594
 20
610.3129517377296
 30
0.0
 10
-211.9440226471594
 20
610.3129517377296
 30
0.0
 10
-211.3234900140781
 20
609.7383580816571
 30
0.0
 10
-211.3234900140781
 20
609.7383580816571
 30
0.0
 10
-211.7962252985401
 20
608.809496765578
 30
0.0
 10
-216.4482722772743
 20
599.5579942706479
 30
0.0
 10
-217.4828604748313
 20
593.5004754242836
 30
0.0
 10
-217.4828604748313
 20
593.5004754242836
 30
0.0
 10
-217.4928239993738
 20
593.4418024615175
 30
0.0
 10
-217.4928239993738
 20
593.4418024615175
 30
0.0
 10
-217.4928239993738
 20
593.4418024615175
 30
0.0
 10
-217.4490946341164
 20
593.4008401788644
 30
0.0
 10
-217.4490946341164
 20
593.4008401788644
 30
0.0
 10
-217.3560983597817
 20
593.3139287833715
 30
0.0
 10
-215.1468717716172
 20
591.2685580830404
 30
0.0
 10
-213.3500452284213
 20
590.5655434137979
 30
0.0
 10
-213.3500452284213
 20
590.5655434137979
 30
0.0
 10
-213.2188537540381
 20
590.5140601357513
 30
0.0
 10
-213.2188537540381
 20
590.5140601357513
 30
0.0
 10
-213.2188537540381
 20
590.5140601357513
 30
0.0
 10
-213.2000315108301
 20
590.6541103288012
 30
0.0
 10
-213.2000315108301
 20
590.6541103288012
 30
0.0
 10
-213.1789962772604
 20
590.812986143669
 30
0.0
 10
-211.1972819912706
 20
605.745596406907
 30
0.0
 10
-210.6287833498704
 20
608.5011782184165
 30
0.0
 10
-210.6132856601208
 20
608.4735006351531
 30
0.0
 10
-210.5966797858841
 20
608.4441607751613
 30
0.0
 10
-210.5789657271616
 20
608.4131586384387
 30
0.0
 10
-210.5584845858366
 20
608.3766290937284
 30
0.0
 10
-210.5385541581408
 20
608.3423024035454
 30
0.0
 10
-210.5313577162023
 20
608.3262472429426
 30
0.0
 10
-210.3276511088127
 20
607.8917037799181
 30
0.0
 10
-210.0923916510677
 20
607.4466595931641
 30
0.0
 10
-209.8327757849047
 20
607.0038182609381
 30
0.0
 10
-208.576766921235
 20
604.8637788737109
 30
0.0
 10
-206.6492996172886
 20
602.8405448342141
 30
0.0
 10
-204.1068372240789
 20
600.9922417701944
 30
0.0
 10
-204.0929984324473
 20
600.6147157504267
 30
0.0
 10
-203.9274870251052
 20
598.5355859666042
 30
0.0
 10
-201.949093913963
 20
597.9858994325771
 30
0.0
 10
-200.7739048097243
 20
597.6593093558388
 30
0.0
 10
-198.3094917147318
 20
597.2015210474957
 30
0.0
 10
-196.2668847183946
 20
596.8439288340322
 30
0.0
 10
-196.2668847183946
 20
596.8439288340322
 30
0.0
 10
-196.6394272865848
 20
595.9748554224276
 30
0.0
 10
-196.6394272865848
 20
595.9748554224276
 30
0.0
 10
-196.6394272865848
 20
595.9748554224276
 30
0.0
 10
-196.4030596443536
 20
595.7777877861218
 30
0.0
 10
-196.4030596443536
 20
595.7777877861218
 30
0.0
 10
-196.4030596443536
 20
595.7777877861218
 30
0.0
 10
-197.9934124975548
 20
590.8517320573501
 30
0.0
 10
-197.9934124975548
 20
590.8517320573501
 30
0.0
 10
-198.2380847662093
 20
590.8412178191762
 30
0.0
 10
-200.7102450167717
 20
590.7116818643001
 30
0.0
 10
-202.9083998959094
 20
589.6776511375981
 30
0.0
 10
-203.9020258108134
 20
589.209895926099
 30
0.0
 10
-204.903398881287
 20
588.4714598966345
 30
0.0
 10
-205.9684317447132
 20
587.4202658248422
 30
0.0
 10
-206.408505994335
 20
586.9857223618184
 30
0.0
 10
-206.7838156451293
 20
586.570004520612
 30
0.0
 10
-207.1142843675698
 20
586.1487592714223
 30
0.0
 10
-207.1469454024104
 20
586.1077969887692
 30
0.0
 10
-207.17960305864
 20
586.0668347061162
 30
0.0
 10
-207.2122640934803
 20
586.0258656662398
 30
0.0
 10
-207.4015778169962
 20
585.7889506889874
 30
0.0
 10
-207.5969831765741
 20
585.5437243280892
 30
0.0
 10
-207.7242993838667
 20
585.2636306992143
 30
0.0
 10
-207.9396317925278
 20
584.7897872302636
 30
0.0
 10
-207.8610250234579
 20
584.2755355709052
 30
0.0
 10
-207.4840564745453
 20
583.6915358611429
 30
0.0
 10
-207.0362350693538
 20
582.9979407600339
 30
0.0
 10
-206.3387579439311
 20
582.4969738000647
 30
0.0
 10
-205.5660019815087
 20
582.2982506442485
 30
0.0
 10
-205.2117275642828
 20
579.9246208332294
 30
0.0
 10
-203.1597111356474
 20
578.0979003377986
 30
0.0
 10
-200.6886556909602
 20
578.0979003377986
 30
0.0
 10
-198.5237159389065
 20
578.0979003377986
 30
0.0
 10
-196.6798354769954
 20
579.5005983656015
 30
0.0
 10
-196.0188946535029
 20
581.445225636026
 30
0.0
 10
-196.0188946535029
 20
581.445225636026
 30
0.0
 10
-194.9970370630917
 20
581.2492729414294
 30
0.0
 10
-194.9970370630917
 20
581.2492729414294
 30
0.0
 10
-194.9970370630917
 20
581.2492729414294
 30
0.0
 10
-187.6458716238631
 20
582.7482884184142
 30
0.0
 10
-187.6458716238631
 20
582.7482884184142
 30
0.0
 10
-187.6458716238631
 20
582.7482884184142
 30
0.0
 10
-187.6359080993205
 20
582.7504980301627
 30
0.0
 10
-187.6359080993205
 20
582.7504980301627
 30
0.0
 10
-187.6359080993205
 20
582.7504980301627
 30
0.0
 10
-186.7629560420147
 20
583.7906237715385
 30
0.0
 10
-186.7629560420147
 20
583.7906237715385
 30
0.0
 10
-186.542089468145
 20
583.5852582660299
 30
0.0
 10
-184.8454556412212
 20
582.019258442638
 30
0.0
 10
-184.1728890164576
 20
581.682701462745
 30
0.0
 10
-184.1728890164576
 20
581.682701462745
 30
0.0
 10
-184.164591147256
 20
581.6788295742655
 30
0.0
 10
-184.164591147256
 20
581.6788295742655
 30
0.0
 10
-184.164591147256
 20
581.6788295742655
 30
0.0
 10
-183.5302231011547
 20
581.792857703557
 30
0.0
 10
-183.5302231011547
 20
581.792857703557
 30
0.0
 10
-183.3469942564785
 20
579.2398776935627
 30
0.0
 10
-181.211387607197
 20
577.2188600230382
 30
0.0
 10
-178.6119111493414
 20
577.2188600230382
 30
0.0
 10
-176.3456738751415
 20
577.2188600230382
 30
0.0
 10
-174.4314878919725
 20
578.7560740786838
 30
0.0
 10
-173.8569077503427
 20
580.8424070616687
 30
0.0
 10
-173.8569077503427
 20
580.8424070616687
 30
0.0
 10
-172.6606766553118
 20
580.8069857014465
 30
0.0
 10
-172.6606766553118
 20
580.8069857014465
 30
0.0
 10
-172.6606766553118
 20
580.8069857014465
 30
0.0
 10
-172.6573521018531
 20
580.8069857014465
 30
0.0
 10
-172.6573521018531
 20
580.8069857014465
 30
0.0
 10
-172.6573521018531
 20
580.8069857014465
 30
0.0
 10
-168.2710092467315
 20
581.6267922039735
 30
0.0
 10
-168.2710092467315
 20
581.6267922039735
 30
0.0
 10
-168.0340875122583
 20
581.6705181906185
 30
0.0
 10
-167.8165454918469
 20
581.7945132230645
 30
0.0
 10
-167.657683191422
 20
581.9749716065244
 30
0.0
 10
-167.657683191422
 20
581.9749716065244
 30
0.0
 10
-166.2754527905003
 20
583.5476205368379
 30
0.0
 10
-166.2754527905003
 20
583.5476205368379
 30
0.0
 10
-166.1581068649708
 20
583.6815757152121
 30
0.0
 10
-166.0933456447555
 20
583.8531753800044
 30
0.0
 10
-166.0933456447555
 20
584.0308700594741
 30
0.0
 10
-166.0933456447555
 20
584.2799683088507
 30
0.0
 10
-166.2167865849581
 20
584.509132751922
 30
0.0
 10
-166.4238143671956
 20
584.6425405952768
 30
0.0
 10
-167.2668724722659
 20
585.1872335418904
 30
0.0
 10
-169.3371502946445
 20
586.1371300915405
 30
0.0
 10
-170.6861621898714
 20
586.7360700201981
 30
0.0
 10
-170.6263742853982
 20
587.0986490638451
 30
0.0
 10
-170.5776682257874
 20
587.4291177862855
 30
0.0
 10
-170.5378006131757
 20
587.7418758286157
 30
0.0
 10
-170.4442536252095
 20
588.4808659503238
 30
0.0
 10
-170.3983180268138
 20
589.0521350529403
 30
0.0
 10
-170.6662283835651
 20
589.6770970453557
 30
0.0
 10
-170.8760266270189
 20
590.1658807331978
 30
0.0
 10
-171.2015085192714
 20
590.5954373660356
 30
0.0
 10
-171.5447213633025
 20
590.9879036046988
 30
0.0
 10
-171.5447213633025
 20
590.9879036046988
 30
0.0
 10
-170.6396589847871
 20
591.5171022401746
 30
0.0
 10
-170.6396589847871
 20
591.5171022401746
 30
0.0
 10
-170.6396589847871
 20
591.5171022401746
 30
0.0
 10
-170.6313611155859
 20
591.5220823131417
 30
0.0
 10
-170.6313611155859
 20
591.5220823131417
 30
0.0
 10
-170.6313611155859
 20
591.5220823131417
 30
0.0
 10
-170.6280365621281
 20
591.5314951240506
 30
0.0
 10
-170.6280365621281
 20
591.5314951240506
 30
0.0
 10
-170.6158600472247
 20
591.5647001153018
 30
0.0
 10
-170.4016290658273
 20
592.1486998250609
 30
0.0
 10
-170.2898105482836
 20
592.5217931068843
 30
0.0
 10
-167.1240518180003
 20
591.9278332511938
 30
0.0
 10
-164.4437589793248
 20
591.4180143297773
 30
0.0
 10
-163.415255660608
 20
591.2048915328663
 30
0.0
 10
-161.9561010390122
 20
590.9026544859335
 30
0.0
 10
-160.1116631062471
 20
590.5699693945201
 30
0.0
 10
-158.5406764526636
 20
590.2976262998267
 30
0.0
 10
-158.5406764526636
 20
590.2976262998267
 30
0.0
 10
-158.5921664879359
 20
589.5010646426186
 30
0.0
 10
-158.5921664879359
 20
589.5010646426186
 30
0.0
 10
-158.6004643571365
 20
589.3787251296777
 30
0.0
 10
-158.5080255536561
 20
589.2735557190538
 30
0.0
 10
-158.3856927979402
 20
589.2658051848716
 30
0.0
 10
-158.3807059677526
 20
589.2652510926289
 30
0.0
 10
-158.3762732298083
 20
589.2652510926289
 30
0.0
 10
-158.3712999140649
 20
589.2652510926289
 30
0.0
 10
-158.255602750821
 20
589.2652510926289
 30
0.0
 10
-158.1581771171539
 20
589.3549261921164
 30
0.0
 10
-158.1504333401952
 20
589.4722788748649
 30
0.0
 10
-158.1504333401952
 20
589.4722788748649
 30
0.0
 10
-158.1022678583823
 20
590.2217899919696
 30
0.0
 10
-158.1022678583823
 20
590.2217899919696
 30
0.0
 10
-156.7305652100792
 20
589.9865305342255
 30
0.0
 10
-155.6350843021741
 20
589.8082817625149
 30
0.0
 10
-155.3057237642188
 20
589.7551429649588
 30
0.0
 10
-155.3040614874899
 20
589.6732183996529
 30
0.0
 10
-155.2824789188996
 20
589.5591835131379
 30
0.0
 10
-155.2022166303225
 20
589.4401753108789
 30
0.0
 10
-155.0117845864877
 20
589.1584126480492
 30
0.0
 10
-154.5899852450533
 20
588.9823870025349
 30
0.0
 10
-153.947859907548
 20
588.9170716900778
 30
0.0
 10
-152.6990441072039
 20
588.79086028866
 30
0.0
 10
-151.5177735027353
 20
588.610955997443
 30
0.0
 10
-151.234348563178
 20
588.5666691613316
 30
0.0
 10
-151.234348563178
 20
588.5666691613316
 30
0.0
 10
-150.9055421174673
 20
587.66382315179
 30
0.0
 10
-150.9055421174673
 20
587.66382315179
 30
0.0
 10
-150.8025890758134
 20
587.3820672461818
 30
0.0
 10
-150.5042171601368
 20
587.2182181155699
 30
0.0
 10
-150.2108320746475
 20
587.2824320007659
 30
0.0
 10
-149.9866409473197
 20
587.3311380603769
 30
0.0
 10
-149.812277578533
 20
587.4999740211762
 30
0.0
 10
-149.7563683197623
 20
587.7230569640188
 30
0.0
 10
-149.6738896622129
 20
588.0496470407562
 30
0.0
 10
-149.5482323530386
 20
588.5627905156285
 30
0.0
 10
-149.4962017399681
 20
588.7759133125404
 30
0.0
 10
-149.4962017399681
 20
588.7759133125404
 30
0.0
 10
-139.8472394189631
 20
587.3449768520082
 30
0.0
 10
-139.8472394189631
 20
587.3449768520082
 30
0.0
 10
-139.8472394189631
 20
587.3449768520082
 30
0.0
 10
-139.8101557820113
 20
587.3394494440217
 30
0.0
 10
-139.8101557820113
 20
587.3394494440217
 30
0.0
 10
-139.8101557820113
 20
587.3394494440217
 30
0.0
 10
-139.4271023542582
 20
587.5503491147376
 30
0.0
 10
-139.4271023542582
 20
587.5503491147376
 30
0.0
 10
-139.4271023542582
 20
587.5503491147376
 30
0.0
 10
-139.4271023542582
 20
587.2536462330139
 30
0.0
 10
-139.4271023542582
 20
587.2536462330139
 30
0.0
 10
-139.4271023542582
 20
587.2536462330139
 30
0.0
 10
-141.2516064807186
 20
585.6428054812653
 30
0.0
 10
-141.2516064807186
 20
585.6428054812653
 30
0.0
 10
-141.2516064807186
 20
585.6428054812653
 30
0.0
 10
-143.5189519394043
 20
585.3942613241305
 30
0.0
 10
-143.5189519394043
 20
585.3942613241305
 30
0.0
 10
-143.68889608469
 20
585.3759965517748
 30
0.0
 10
-143.8411227926426
 20
585.2841050833183
 30
0.0
 10
-143.9368861495818
 20
585.142953463004
 30
0.0
 10
-144.0326495065196
 20
585.0012477504454
 30
0.0
 10
-144.0614352742696
 20
584.8257626827279
 30
0.0
 10
-144.016040253672
 20
584.6613594598749
 30
0.0
 10
-143.9368861495818
 20
584.376285758033
 30
0.0
 10
-143.6567857634816
 20
584.1963814668152
 30
0.0
 10
-143.3650629547218
 20
584.2428779146778
 30
0.0
 10
-143.3650629547218
 20
584.2428779146778
 30
0.0
 10
-140.0022365881304
 20
584.775948438633
 30
0.0
 10
-140.0022365881304
 20
584.775948438633
 30
0.0
 10
-140.0022365881304
 20
584.775948438633
 30
0.0
 10
-139.9701262669224
 20
584.7814826038423
 30
0.0
 10
-139.9701262669224
 20
584.7814826038423
 30
0.0
 10
-139.9701262669224
 20
584.7814826038423
 30
0.0
 10
-139.6191831603783
 20
585.0970111073839
 30
0.0
 10
-139.6191831603783
 20
585.0970111073839
 30
0.0
 10
-139.6191831603783
 20
585.0970111073839
 30
0.0
 10
-139.6916881575511
 20
583.1728649782841
 30
0.0
 10
-139.6916881575511
 20
583.1728649782841
 30
0.0
 10
-139.6916881575511
 20
583.1728649782841
 30
0.0
 10
-138.6349666777723
 20
583.1728649782841
 30
0.0
 10
-138.6349666777723
 20
583.1728649782841
 30
0.0
 10
-138.6349666777723
 20
583.1728649782841
 30
0.0
 10
-138.7943830704399
 20
581.9434221347808
 30
0.0
 10
-138.7943830704399
 20
581.9434221347808
 30
0.0
 10
-139.5577329791753
 20
581.9251573624288
 30
0.0
 10
-142.0382012347732
 20
581.7275356338776
 30
0.0
 10
-143.9911331316233
 20
580.0026735100549
 30
0.0
 10
-144.6194061630521
 20
579.4474595680442
 30
0.0
 10
-145.0450976646326
 20
578.8717644847071
 30
0.0
 10
-145.2570987626129
 20
578.291643420646
 30
0.0
 10
-145.3882969942185
 20
577.9301725614839
 30
0.0
 10
-145.4242724466839
 20
577.5842027706833
 30
0.0
 10
-145.3628357799267
 20
577.2620386746673
 30
0.0
 10
-145.28091121462
 20
576.8319279495837
 30
0.0
 10
-145.0251638583269
 20
576.5468474905213
 30
0.0
 10
-144.7611186328306
 20
576.3021752218655
 30
0.0
 10
-144.2236221281526
 20
575.8050869075986
 30
0.0
 10
-143.6512448410499
 20
575.3373384533246
 30
0.0
 10
-143.0633800000319
 20
574.8623867998887
 30
0.0
 10
-142.8386347804604
 20
574.6813743241863
 30
0.0
 10
-142.5563180253883
 20
574.5811849865254
 30
0.0
 10
-142.2673656778445
 20
574.5811849865254
 30
0.0
 10
-142.2673656778445
 20
574.5811849865254
 30
0.0
 10
-141.7979549468409
 20
574.5811849865254
 30
0.0
 10
-141.7979549468409
 20
574.5811849865254
 30
0.0
 10
-141.725990527465
 20
571.9241369931694
 30
0.0
 10
-139.5427860030576
 20
569.7857666398925
 30
0.0
 10
-136.8691287568547
 20
569.7857666398925
 30
0.0
 10
-134.5973640746687
 20
569.7857666398925
 30
0.0
 10
-132.6792994457978
 20
571.3296230452343
 30
0.0
 10
-132.1096926199105
 20
573.4231524701539
 30
0.0
 10
-132.1096926199105
 20
573.4231524701539
 30
0.0
 10
-131.6447146268511
 20
573.3589453421827
 30
0.0
 10
-131.6447146268511
 20
573.3589453421827
 30
0.0
 10
-131.5672092850452
 20
573.3478770117636
 30
0.0
 10
-131.4891633654407
 20
573.3428901815769
 30
0.0
 10
-131.4111174458356
 20
573.3428901815769
 30
0.0
 10
-131.306488613008
 20
573.3428901815769
 30
0.0
 10
-131.2018732946249
 20
573.3523029924856
 30
0.0
 10
-131.0983526462843
 20
573.3716759493278
 30
0.0
 10
-131.0983526462843
 20
573.3716759493278
 30
0.0
 10
-126.6433699252463
 20
574.2025575394922
 30
0.0
 10
-126.6433699252463
 20
574.2025575394922
 30
0.0
 10
-126.4058940985287
 20
574.2468443756059
 30
0.0
 10
-126.18614922359
 20
574.3713935002946
 30
0.0
 10
-126.0256111319913
 20
574.5524059759972
 30
0.0
 10
-125.4532338448892
 20
575.1995046292441
 30
0.0
 10
-124.480653299388
 20
576.3298528051303
 30
0.0
 10
-124.398728734082
 20
576.6337521287901
 30
0.0
 10
-124.2863561242956
 20
577.0533486157
 30
0.0
 10
-124.3494550677827
 20
577.1657212254852
 30
0.0
 10
-127.2163013045915
 20
578.658094352772
 30
0.0
 10
-129.6192642183821
 20
579.9091197648669
 30
0.0
 10
-132.5674809282551
 20
581.0051547650154
 30
0.0
 10
-133.412201310054
 20
581.3107096081859
 30
0.0
 10
-133.4083226643525
 20
581.7092708615216
 30
0.0
 10
-133.4177422324844
 20
582.1144677073305
 30
0.0
 10
-133.4808411759711
 20
582.5135830529099
 30
0.0
 10
-133.5705230326804
 20
583.0759934368605
 30
0.0
 10
-133.8384333894333
 20
583.659432297156
 30
0.0
 10
-134.2989921589923
 20
584.2960167122302
 30
0.0
 10
-134.3061953581519
 20
584.3054295231435
 30
0.0
 10
-134.3205882420276
 20
584.325910664468
 30
0.0
 10
-134.3405085338881
 20
584.3552437672392
 30
0.0
 10
-134.410256584292
 20
584.455993954366
 30
0.0
 10
-134.5409007236546
 20
584.6447569642497
 30
0.0
 10
-134.6643416638566
 20
584.8069505753546
 30
0.0
 10
-134.7252242383707
 20
584.8866587716876
 30
0.0
 10
-134.7756060891559
 20
584.9503118074168
 30
0.0
 10
-134.8193253185797
 20
584.9995854737184
 30
0.0
 10
-134.6931274316065
 20
585.0698876163618
 30
0.0
 10
-134.4595167361468
 20
585.199410056794
 30
0.0
 10
-134.0266490642955
 20
585.4402104369717
 30
0.0
 10
-134.0266490642955
 20
585.4402104369717
 30
0.0
 10
-133.9779294902399
 20
585.4667798357475
 30
0.0
 10
-133.9779294902399
 20
585.4667798357475
 30
0.0
 10
-133.9779294902399
 20
585.4667798357475
 30
0.0
 10
-133.7233038328761
 20
587.3754248964867
 30
0.0
 10
-133.7233038328761
 20
587.3754248964867
 30
0.0
 10
-132.3017734260303
 20
587.2929462389396
 30
0.0
 10
-131.2123875327987
 20
586.5229607377311
 30
0.0
 10
-131.2013192023821
 20
586.5146493540817
 30
0.0
 10
-131.2013192023821
 20
586.5146493540817
 30
0.0
 10
-131.1692088811737
 20
586.4919586010078
 30
0.0
 10
-131.1692088811737
 20
586.4919586010078
 30
0.0
 10
-131.1692088811737
 20
586.4919586010078
 30
0.0
 10
-126.6267741868439
 20
586.757666103232
 30
0.0
 10
-126.6267741868439
 20
586.757666103232
 30
0.0
 10
-126.5464983838217
 20
586.7626394189757
 30
0.0
 10
-126.4656820030019
 20
586.7665180646782
 30
0.0
 10
-126.384311529939
 20
586.7687344336466
 30
0.0
 10
-126.0815203907629
 20
586.4061553900007
 30
0.0
 10
-125.3801747554721
 20
585.880281307981
 30
0.0
 10
-123.861232229404
 20
585.880281307981
 30
0.0
 10
-123.8119585631047
 20
585.880281307981
 30
0.0
 10
-123.7610361345203
 20
585.8808354002232
 30
0.0
 10
-123.710100191492
 20
585.8819435847115
 30
0.0
 10
-122.7685082682685
 20
585.902978818279
 30
0.0
 10
-121.87896047256
 20
585.9096211679756
 30
0.0
 10
-121.1377472246578
 20
585.9013165415511
 30
0.0
 10
-120.537151776493
 20
585.8952282840997
 30
0.0
 10
-119.9503816055157
 20
586.1365759992977
 30
0.0
 10
-119.5291228418801
 20
586.5661326321323
 30
0.0
 10
-119.5291228418801
 20
586.5661326321323
 30
0.0
 10
-119.456617844706
 20
586.6403066632593
 30
0.0
 10
-119.456617844706
 20
586.6403066632593
 30
0.0
 10
-119.456617844706
 20
586.6403066632593
 30
0.0
 10
-78.45061596217738
 20
585.7917143929812
 30
0.0
 10
-78.45061596217738
 20
585.7917143929812
 30
0.0
 10
-78.45061596217738
 20
585.7917143929812
 30
0.0
 10
-75.8932099714605
 20
583.3887447219669
 30
0.0
 10
-75.8932099714605
 20
583.3887447219669
 30
0.0
 10
-75.66569429067422
 20
583.174527255014
 30
0.0
 10
-75.33245510701806
 20
583.1141852582978
 30
0.0
 10
-75.04405685171703
 20
583.234301645041
 30
0.0
 10
-74.84255647746537
 20
583.3178884870774
 30
0.0
 10
-74.6881269149847
 20
583.4762102097048
 30
0.0
 10
-74.60897281089409
 20
583.6793593462393
 30
0.0
 10
-74.52980519235862
 20
583.8825152400005
 30
0.0
 10
-74.53700839151887
 20
584.10338181387
 30
0.0
 10
-74.62833901051249
 20
584.3009967851978
 30
0.0
 10
-74.62833901051249
 20
584.3009967851978
 30
0.0
 10
-75.1813365835516
 20
585.4955656034994
 30
0.0
 10
-75.1813365835516
 20
585.4955656034994
 30
0.0
 10
-75.1813365835516
 20
585.4955656034994
 30
0.0
 10
-74.81323013191688
 20
585.771233251654
 30
0.0
 10
-74.81323013191688
 20
585.771233251654
 30
0.0
 10
-74.35544182357289
 20
585.7723414361418
 30
0.0
 10
-70.34938193498975
 20
585.7961403737031
 30
0.0
 10
-68.56916464464109
 20
586.2832685420414
 30
0.0
 10
-66.9151452412659
 20
586.7355159279534
 30
0.0
 10
-66.41086724228276
 20
588.314246358494
 30
0.0
 10
-66.30513022496962
 20
588.7305182919425
 30
0.0
 10
-63.16594089346334
 20
588.3768047241829
 30
0.0
 10
-53.40018673917253
 20
586.643631216716
 30
0.0
 10
-53.3005447365322
 20
586.6259137793827
 30
0.0
 10
-53.3005447365322
 20
586.6259137793827
 30
0.0
 10
-42.29428616554334
 20
586.6242515026554
 30
0.0
 10
-42.29428616554334
 20
586.6242515026554
 30
0.0
 10
-42.29428616554334
 20
586.6242515026554
 30
0.0
 10
-42.34687087085626
 20
586.772058987107
 30
0.0
 10
-42.34687087085626
 20
586.772058987107
 30
0.0
  0
SPLINE
  5
6E
330
1F
100
AcDbEntity
  8
Layer 1
370
     0
100
AcDbSpline
210
0.0
220
0.0
230
1.0
 70
    11
 71
     3
 72
    17
 73
    13
 74
     0
 42
0.0000000001
 43
0.0000000001
 12
1.0
 22
0.0
 32
0.0
 13
1.0
 23
0.0
 33
0.0
 40
0.0
 40
0.0
 40
0.0
 40
0.0
 40
1.0
 40
1.0
 40
1.0
 40
2.0
 40
2.0
 40
2.0
 40
3.0
 40
3.0
 40
3.0
 40
4.0
 40
4.0
 40
4.0
 40
4.0
 10
-196.5276087690421
 20
591.7983040535388
 30
0.0
 10
-196.5276087690421
 20
591.7983040535388
 30
0.0
 10
-195.3120080957819
 20
595.4318179953212
 30
0.0
 10
-195.3120080957819
 20
595.4318179953212
 30
0.0
 10
-195.3120080957819
 20
595.4318179953212
 30
0.0
 10
-194.4944145836153
 20
592.4620119596335
 30
0.0
 10
-194.4944145836153
 20
592.4620119596335
 30
0.0
 10
-194.4944145836153
 20
592.4620119596335
 30
0.0
 10
-195.9890040798776
 20
591.0770246119403
 30
0.0
 10
-195.9890040798776
 20
591.0770246119403
 30
0.0
 10
-196.0482345134965
 20
591.3925531154867
 30
0.0
 10
-196.4429171211314
 20
591.7291100953782
 30
0.0
 10
-196.5276087690421
 20
591.7983040535388
 30
0.0
  0
SPLINE
  5
6F
330
1F
100
AcDbEntity
  8
Layer 1
370
     0
100
AcDbSpline
210
0.0
220
0.0
230
1.0
 70
    11
 71
     3
 72
    71
 73
    67
 74
     0
 42
0.0000000001
 43
0.0000000001
 12
1.0
 22
0.0
 32
0.0
 13
1.0
 23
0.0
 33
0.0
 40
0.0
 40
0.0
 40
0.0
 40
0.0
 40
1.0
 40
1.0
 40
1.0
 40
2.0
 40
2.0
 40
2.0
 40
3.0
 40
3.0
 40
3.0
 40
4.0
 40
4.0
 40
4.0
 40
5.0
 40
5.0
 40
5.0
 40
6.0
 40
6.0
 40
6.0
 40
7.0
 40
7.0
 40
7.0
 40
8.0
 40
8.0
 40
8.0
 40
9.0
 40
9.0
 40
9.0
 40
10.0
 40
10.0
 40
10.0
 40
11.0
 40
11.0
 40
11.0
 40
12.0
 40
12.0
 40
12.0
 40
13.0
 40
13.0
 40
13.0
 40
14.0
 40
14.0
 40
14.0
 40
15.0
 40
15.0
 40
15.0
 40
16.0
 40
16.0
 40
16.0
 40
17.0
 40
17.0
 40
17.0
 40
18.0
 40
18.0
 40
18.0
 40
19.0
 40
19.0
 40
19.0
 40
20.0
 40
20.0
 40
20.0
 40
21.0
 40
21.0
 40
21.0
 40
22.0
 40
22.0
 40
22.0
 40
22.0
 10
-175.5457944216971
 20
588.4365858714335
 30
0.0
 10
-178.5449335601538
 20
589.236465324879
 30
0.0
 10
-180.7757494741304
 20
589.0072941245846
 30
0.0
 10
-182.1208692092109
 20
588.6735008486876
 30
0.0
 10
-183.5019914256472
 20
588.3303015191004
 30
0.0
 10
-184.2575840429795
 20
587.8088601750267
 30
0.0
 10
-184.3444954384738
 20
587.7468559015803
 30
0.0
 10
-184.6694232384826
 20
587.7656815234017
 30
0.0
 10
-192.430218261466
 20
588.2179289093124
 30
0.0
 10
-193.4177559189186
 20
588.3319637958281
 30
0.0
 10
-194.3410796911766
 20
588.4387954831838
 30
0.0
 10
-195.6308543955631
 20
589.3449660461856
 30
0.0
 10
-195.8279186532586
 20
589.4872258509829
 30
0.0
 10
-195.8279186532586
 20
589.4872258509829
 30
0.0
 10
-193.4011500446826
 20
592.003676316272
 30
0.0
 10
-193.4011500446826
 20
592.003676316272
 30
0.0
 10
-193.4011500446826
 20
592.003676316272
 30
0.0
 10
-193.3917372337728
 20
592.0136364622028
 30
0.0
 10
-193.3917372337728
 20
592.0136364622028
 30
0.0
 10
-193.3917372337728
 20
592.0136364622028
 30
0.0
 10
-193.8888289266514
 20
596.0512390653035
 30
0.0
 10
-193.8888289266514
 20
596.0512390653035
 30
0.0
 10
-193.8888289266514
 20
596.0512390653035
 30
0.0
 10
-193.8904878247697
 20
596.0656319491794
 30
0.0
 10
-193.8904878247697
 20
596.0656319491794
 30
0.0
 10
-193.8904878247697
 20
596.0656319491794
 30
0.0
 10
-194.5099122733652
 20
596.3756262875157
 30
0.0
 10
-194.5099122733652
 20
596.3756262875157
 30
0.0
 10
-194.5099122733652
 20
596.3756262875157
 30
0.0
 10
-194.4767005248928
 20
596.5355967724271
 30
0.0
 10
-194.4767005248928
 20
596.5355967724271
 30
0.0
 10
-194.1838729102591
 20
596.4857825283286
 30
0.0
 10
-193.9237029518537
 20
596.4420497844602
 30
0.0
 10
-193.7078164509495
 20
596.406067574774
 30
0.0
 10
-193.3524372278487
 20
596.3462864275211
 30
0.0
 10
-193.0961425365342
 20
596.3031077758942
 30
0.0
 10
-192.9915204609284
 20
596.2837280618345
 30
0.0
 10
-192.7296916044063
 20
596.2361301867082
 30
0.0
 10
-192.3200620206525
 20
596.214534103675
 30
0.0
 10
-191.8456678380721
 20
596.1890728893821
 30
0.0
 10
-191.1448729164131
 20
596.1514351601879
 30
0.0
 10
-190.2724749513501
 20
596.1043778628592
 30
0.0
 10
-189.5965871517405
 20
595.9527052471516
 30
0.0
 10
-188.6317470045861
 20
595.7362714112271
 30
0.0
 10
-186.6671926850765
 20
595.3144653125682
 30
0.0
 10
-186.0881798055021
 20
595.1904635229021
 30
0.0
 10
-185.9592013214797
 20
595.1627859396373
 30
0.0
 10
-185.826901662611
 20
595.2253443053268
 30
0.0
 10
-185.7660123308747
 20
595.3421428958327
 30
0.0
 10
-185.7510653547563
 20
595.3709219063616
 30
0.0
 10
-185.7200665966444
 20
595.3858688824799
 30
0.0
 10
-185.6885137462899
 20
595.3803414744954
 30
0.0
 10
-184.7441581190738
 20
595.206518683505
 30
0.0
 10
-180.24765902314
 20
594.3772993700675
 30
0.0
 10
-175.5009534933423
 20
593.4943871668313
 30
0.0
 10
-175.5009534933423
 20
593.4943871668313
 30
0.0
 10
-176.1502685155639
 20
589.971583558108
 30
0.0
 10
-176.1502685155639
 20
589.971583558108
 30
0.0
 10
-176.1834735068133
 20
589.7911251746473
 30
0.0
 10
-176.0827368341323
 20
589.6150927719093
 30
0.0
 10
-175.910576319874
 20
589.5525479206652
 30
0.0
 10
-175.910576319874
 20
589.5525479206652
 30
0.0
 10
-175.34872678539
 20
589.348283842422
 30
0.0
 10
-175.34872678539
 20
589.348283842422
 30
0.0
 10
-175.34872678539
 20
589.348283842422
 30
0.0
 10
-175.5457944216971
 20
588.4365858714335
 30
0.0
 10
-175.5457944216971
 20
588.4365858714335
 30
0.0
  0
POLYLINE
  5
70
330
1F
100
AcDbEntity
  8
Layer 1
370
     0
100
AcDb2dPolyline
 66
     1
 10
0.0
 20
0.0
 30
0.0
  0
VERTEX
  5
71
330
70
100
AcDbEntity
  8
Layer 1
370
     0
100
AcDbVertex
100
AcDb2dVertex
 10
-174.573754453994
 20
588.165344204001
 30
0.0
  0
VERTEX
  5
72
330
70
100
AcDbEntity
  8
Layer 1
370
     0
100
AcDbVertex
100
AcDb2dVertex
 10
-174.3074928595258
 20
589.1562030363012
 30
0.0
  0
VERTEX
  5
73
330
70
100
AcDbEntity
  8
Layer 1
370
     0
100
AcDbVertex
100
AcDb2dVertex
 10
-173.5740369030278
 20
588.9580339727311
 30
0.0
  0
VERTEX
  5
74
330
70
100
AcDbEntity
  8
Layer 1
370
     0
100
AcDbVertex
100
AcDb2dVertex
 10
-173.2651507491777
 20
587.6715804431927
 30
0.0
  0
VERTEX
  5
75
330
70
100
AcDbEntity
  8
Layer 1
370
     0
100
AcDbVertex
100
AcDb2dVertex
 10
-174.573754453994
 20
588.165344204001
 30
0.0
  0
SEQEND
  5
76
330
70
100
AcDbEntity
  8
Layer 1
370
     0
  0
SPLINE
  5
77
330
1F
100
AcDbEntity
  8
Layer 1
370
     0
100
AcDbSpline
210
0.0
220
0.0
230
1.0
 70
    11
 71
     3
 72
    23
 73
    19
 74
     0
 42
0.0000000001
 43
0.0000000001
 12
1.0
 22
0.0
 32
0.0
 13
1.0
 23
0.0
 33
0.0
 40
0.0
 40
0.0
 40
0.0
 40
0.0
 40
1.0
 40
1.0
 40
1.0
 40
2.0
 40
2.0
 40
2.0
 40
3.0
 40
3.0
 40
3.0
 40
4.0
 40
4.0
 40
4.0
 40
5.0
 40
5.0
 40
5.0
 40
6.0
 40
6.0
 40
6.0
 40
6.0
 10
-171.1588974743338
 20
589.5791173194442
 30
0.0
 10
-170.8965145255677
 20
588.9674400264174
 30
0.0
 10
-170.9418960317207
 20
588.4033741229634
 30
0.0
 10
-171.034348349645
 20
587.6732359626989
 30
0.0
 10
-171.0642287874365
 20
587.4390846894396
 30
0.0
 10
-171.0985554776175
 20
587.1960746975111
 30
0.0
 10
-171.1389636680274
 20
586.9370163022061
 30
0.0
 10
-171.5613171017052
 20
587.1224480014096
 30
0.0
 10
-171.8535940027068
 20
587.2481053105836
 30
0.0
 10
-171.9189228296107
 20
587.2757828938484
 30
0.0
 10
-171.9189228296107
 20
587.2757828938484
 30
0.0
 10
-172.3053008108225
 20
589.1894147847746
 30
0.0
 10
-172.3053008108225
 20
589.1894147847746
 30
0.0
 10
-172.3053008108225
 20
589.1894147847746
 30
0.0
 10
-171.8829338627008
 20
590.7055936068472
 30
0.0
 10
-171.8829338627008
 20
590.7055936068472
 30
0.0
 10
-171.5973060686151
 20
590.3629416122828
 30
0.0
 10
-171.3354772120918
 20
589.9920646994331
 30
0.0
 10
-171.1588974743338
 20
589.5791173194442
 30
0.0
  0
SPLINE
  5
78
330
1F
100
AcDbEntity
  8
Layer 1
370
     0
100
AcDbSpline
210
0.0
220
0.0
230
1.0
 70
    11
 71
     3
 72
    50
 73
    46
 74
     0
 42
0.0000000001
 43
0.0000000001
 12
1.0
 22
0.0
 32
0.0
 13
1.0
 23
0.0
 33
0.0
 40
0.0
 40
0.0
 40
0.0
 40
0.0
 40
1.0
 40
1.0
 40
1.0
 40
2.0
 40
2.0
 40
2.0
 40
3.0
 40
3.0
 40
3.0
 40
4.0
 40
4.0
 40
4.0
 40
5.0
 40
5.0
 40
5.0
 40
6.0
 40
6.0
 40
6.0
 40
7.0
 40
7.0
 40
7.0
 40
8.0
 40
8.0
 40
8.0
 40
9.0
 40
9.0
 40
9.0
 40
10.0
 40
10.0
 40
10.0
 40
11.0
 40
11.0
 40
11.0
 40
12.0
 40
12.0
 40
12.0
 40
13.0
 40
13.0
 40
13.0
 40
14.0
 40
14.0
 40
14.0
 40
15.0
 40
15.0
 40
15.0
 40
15.0
 10
-165.3759313344158
 20
612.9096577343718
 30
0.0
 10
-165.7169278094753
 20
612.4097989588864
 30
0.0
 10
-166.3767570698692
 20
612.2470580127609
 30
0.0
 10
-166.9103884432909
 20
612.5304694378766
 30
0.0
 10
-168.8743886705571
 20
613.572811548225
 30
0.0
 10
-173.631608438528
 20
616.0732000956829
 30
0.0
 10
-175.3741879996825
 20
616.782303022376
 30
0.0
 10
-176.8743184183755
 20
617.3928721309167
 30
0.0
 10
-179.0497656513793
 20
617.9486401651718
 30
0.0
 10
-180.2127782407157
 20
618.2259700900556
 30
0.0
 10
-180.3716540555855
 20
618.2636078192514
 30
0.0
 10
-180.4369693680438
 20
618.3914814973978
 30
0.0
 10
-180.4447266594481
 20
618.4983131847524
 30
0.0
 10
-180.4530245286493
 20
618.6051448721068
 30
0.0
 10
-180.4076295080501
 20
618.741316419454
 30
0.0
 10
-180.2565109845847
 20
618.8027666006584
 30
0.0
 10
-180.2565109845847
 20
618.8027666006584
 30
0.0
 10
-168.0922131400015
 20
623.7482020434918
 30
0.0
 10
-168.0922131400015
 20
623.7482020434918
 30
0.0
 10
-168.0047476522643
 20
623.7836234037151
 30
0.0
 10
-167.9123088487854
 20
623.8013408410487
 30
0.0
 10
-167.8209782297909
 20
623.8013408410487
 30
0.0
 10
-167.7412700334575
 20
623.8013408410487
 30
0.0
 10
-167.6621024149211
 20
623.7880561416573
 30
0.0
 10
-167.5868269565329
 20
623.7609326506375
 30
0.0
 10
-167.088076365535
 20
623.582136543905
 30
0.0
 10
-166.029125002338
 20
623.3734464849383
 30
0.0
 10
-164.5417387052356
 20
623.9889889092213
 30
0.0
 10
-164.3856333515812
 20
624.0532095516404
 30
0.0
 10
-164.2217842209686
 20
624.086414542892
 30
0.0
 10
-164.0579350903564
 20
624.086414542892
 30
0.0
 10
-163.9904034089254
 20
624.086414542892
 30
0.0
 10
-163.9234123052923
 20
624.0803330426586
 30
0.0
 10
-163.8564347161041
 20
624.0692511977994
 30
0.0
 10
-163.4025250534613
 20
623.9928675549238
 30
0.0
 10
-162.5328975496139
 20
623.8107468947338
 30
0.0
 10
-161.8154967537198
 20
623.4531546812749
 30
0.0
 10
-160.9691140951904
 20
623.0313418253966
 30
0.0
 10
-160.5816279294937
 20
622.0404897503169
 30
0.0
 10
-160.9137589286634
 20
621.1476174011502
 30
0.0
 10
-161.2669184041794
 20
620.1993763710099
 30
0.0
 10
-161.995955137179
 20
618.3721017833332
 30
0.0
 10
-162.913180516152
 20
616.784519391349
 30
0.0
 10
-163.7396428828186
 20
615.3541370230575
 30
0.0
 10
-164.7083582970635
 20
613.8877792023018
 30
0.0
 10
-165.3759313344158
 20
612.9096577343718
 30
0.0
  0
SPLINE
  5
79
330
1F
100
AcDbEntity
  8
Layer 1
370
     0
100
AcDbSpline
210
0.0
220
0.0
230
1.0
 70
    11
 71
     3
 72
    35
 73
    31
 74
     0
 42
0.0000000001
 43
0.0000000001
 12
1.0
 22
0.0
 32
0.0
 13
1.0
 23
0.0
 33
0.0
 40
0.0
 40
0.0
 40
0.0
 40
0.0
 40
1.0
 40
1.0
 40
1.0
 40
2.0
 40
2.0
 40
2.0
 40
3.0
 40
3.0
 40
3.0
 40
4.0
 40
4.0
 40
4.0
 40
5.0
 40
5.0
 40
5.0
 40
6.0
 40
6.0
 40
6.0
 40
7.0
 40
7.0
 40
7.0
 40
8.0
 40
8.0
 40
8.0
 40
9.0
 40
9.0
 40
9.0
 40
10.0
 40
10.0
 40
10.0
 40
10.0
 10
-146.0968458286686
 20
608.7508170455923
 30
0.0
 10
-146.1073600668431
 20
608.6556077808982
 30
0.0
 10
-146.1555120342105
 20
608.5714803610651
 30
0.0
 10
-146.2330173760164
 20
608.5150170100471
 30
0.0
 10
-146.3110632956216
 20
608.4579995667925
 30
0.0
 10
-146.4057184680746
 20
608.436957576
 30
0.0
 10
-146.5003736405266
 20
608.4557831978184
 30
0.0
 10
-146.5003736405266
 20
608.4557831978184
 30
0.0
 10
-162.9137346083947
 20
611.7483074217637
 30
0.0
 10
-162.9137346083947
 20
611.7483074217637
 30
0.0
 10
-163.0249990336953
 20
611.7709981748399
 30
0.0
 10
-163.1141267981606
 20
611.8435166864607
 30
0.0
 10
-163.1589677265157
 20
611.9475779125985
 30
0.0
 10
-163.2032410481816
 20
612.0522067454277
 30
0.0
 10
-163.1938349944952
 20
612.1667957241852
 30
0.0
 10
-163.1329524199811
 20
612.2631131733674
 30
0.0
 10
-160.4205492600956
 20
616.5426243411316
 30
0.0
 10
-158.9575024783547
 20
619.9065453777653
 30
0.0
 10
-158.5738949583582
 20
620.835406693841
 30
0.0
 10
-158.5096878303859
 20
620.9909579552515
 30
0.0
 10
-158.338081408371
 20
621.0762070740178
 30
0.0
 10
-158.1747863700009
 20
621.0335825146353
 30
0.0
 10
-158.1747863700009
 20
621.0335825146353
 30
0.0
 10
-145.6196778062614
 20
617.7454910286361
 30
0.0
 10
-145.6196778062614
 20
617.7454910286361
 30
0.0
 10
-145.4674510983097
 20
617.7056234160228
 30
0.0
 10
-145.3633898721694
 20
617.5672354997031
 30
0.0
 10
-145.366700911183
 20
617.409481383765
 30
0.0
 10
-145.413758208511
 20
615.1183234730692
 30
0.0
 10
-145.9374159215561
 20
610.2027819824722
 30
0.0
 10
-146.0968458286686
 20
608.7508170455923
 30
0.0
  0
SPLINE
  5
7A
330
1F
100
AcDbEntity
  8
Layer 1
370
     0
100
AcDbSpline
210
0.0
220
0.0
230
1.0
 70
    11
 71
     3
 72
    38
 73
    34
 74
     0
 42
0.0000000001
 43
0.0000000001
 12
1.0
 22
0.0
 32
0.0
 13
1.0
 23
0.0
 33
0.0
 40
0.0
 40
0.0
 40
0.0
 40
0.0
 40
1.0
 40
1.0
 40
1.0
 40
2.0
 40
2.0
 40
2.0
 40
3.0
 40
3.0
 40
3.0
 40
4.0
 40
4.0
 40
4.0
 40
5.0
 40
5.0
 40
5.0
 40
6.0
 40
6.0
 40
6.0
 40
7.0
 40
7.0
 40
7.0
 40
8.0
 40
8.0
 40
8.0
 40
9.0
 40
9.0
 40
9.0
 40
10.0
 40
10.0
 40
10.0
 40
11.0
 40
11.0
 40
11.0
 40
11.0
 10
-136.4639386682675
 20
581.8122306603976
 30
0.0
 10
-136.4650468527537
 20
581.8100142914257
 30
0.0
 10
-136.466695615038
 20
581.8072505874343
 30
0.0
 10
-136.4727906297121
 20
581.8072505874343
 30
0.0
 10
-136.6327611146226
 20
581.8089061069402
 30
0.0
 10
-137.0540198782588
 20
581.813338844886
 30
0.0
 10
-137.5184437790744
 20
581.813338844886
 30
0.0
 10
-137.5250928859919
 20
581.813338844886
 30
0.0
 10
-137.5300797161796
 20
581.8183256750733
 30
0.0
 10
-137.5300797161796
 20
581.8249612675444
 30
0.0
 10
-137.5300797161796
 20
581.8249612675444
 30
0.0
 10
-137.5300797161796
 20
582.832422595469
 30
0.0
 10
-137.5300797161796
 20
582.832422595469
 30
0.0
 10
-137.5300797161796
 20
582.8368553334129
 30
0.0
 10
-137.5278633472069
 20
582.8396257946287
 30
0.0
 10
-137.5262010704774
 20
582.8412880713581
 30
0.0
 10
-137.5245387937491
 20
582.8423962558434
 30
0.0
 10
-137.5223224247765
 20
582.8440517753504
 30
0.0
 10
-137.5189978713178
 20
582.8440517753504
 30
0.0
 10
-137.5178896868323
 20
582.8440517753504
 30
0.0
 10
-137.5173491090338
 20
582.8440517753504
 30
0.0
 10
-137.5162409245473
 20
582.843497683108
 30
0.0
 10
-137.5162409245473
 20
582.843497683108
 30
0.0
 10
-136.7650675307146
 20
582.7006837860671
 30
0.0
 10
-136.7650675307146
 20
582.7006837860671
 30
0.0
 10
-136.7611888850125
 20
582.6995756015781
 30
0.0
 10
-136.7578643315544
 20
582.6968051403636
 30
0.0
 10
-136.7562155692701
 20
582.6929332518855
 30
0.0
 10
-136.7562155692701
 20
582.6929332518855
 30
0.0
 10
-136.4622763915389
 20
581.8227448985724
 30
0.0
 10
-136.4622763915389
 20
581.8227448985724
 30
0.0
 10
-136.4606141148091
 20
581.817771582828
 30
0.0
 10
-136.4622763915389
 20
581.8138929371285
 30
0.0
 10
-136.4639386682675
 20
581.8122306603976
 30
0.0
  0
SPLINE
  5
7B
330
1F
100
AcDbEntity
  8
Layer 1
370
     0
100
AcDbSpline
210
0.0
220
0.0
230
1.0
 70
    11
 71
     3
 72
    35
 73
    31
 74
     0
 42
0.0000000001
 43
0.0000000001
 12
1.0
 22
0.0
 32
0.0
 13
1.0
 23
0.0
 33
0.0
 40
0.0
 40
0.0
 40
0.0
 40
0.0
 40
1.0
 40
1.0
 40
1.0
 40
2.0
 40
2.0
 40
2.0
 40
3.0
 40
3.0
 40
3.0
 40
4.0
 40
4.0
 40
4.0
 40
5.0
 40
5.0
 40
5.0
 40
6.0
 40
6.0
 40
6.0
 40
7.0
 40
7.0
 40
7.0
 40
8.0
 40
8.0
 40
8.0
 40
9.0
 40
9.0
 40
9.0
 40
10.0
 40
10.0
 40
10.0
 40
10.0
 10
-135.6574101079063
 20
581.7430367022387
 30
0.0
 10
-135.658518292393
 20
581.7413744255073
 30
0.0
 10
-135.6618428458515
 20
581.7386107215166
 30
0.0
 10
-135.6679243460801
 20
581.7397121487777
 30
0.0
 10
-135.6679243460801
 20
581.7397121487777
 30
0.0
 10
-136.0083667288952
 20
581.8017164222248
 30
0.0
 10
-136.0083667288952
 20
581.8017164222248
 30
0.0
 10
-136.0127859523952
 20
581.8028246067122
 30
0.0
 10
-136.0161105058543
 20
581.8061424029456
 30
0.0
 10
-136.0177727825832
 20
581.8100142914257
 30
0.0
 10
-136.0177727825832
 20
581.8100142914257
 30
0.0
 10
-136.2010016272583
 20
582.4399631140279
 30
0.0
 10
-136.2010016272583
 20
582.4399631140279
 30
0.0
 10
-136.2026639039872
 20
582.4449364297717
 30
0.0
 10
-136.2004475350153
 20
582.4482609832288
 30
0.0
 10
-136.1993393505291
 20
582.4499232599596
 30
0.0
 10
-136.1982311660427
 20
582.4521396289313
 30
0.0
 10
-136.1949066125849
 20
582.454910090147
 30
0.0
 10
-136.1899197823969
 20
582.454910090147
 30
0.0
 10
-136.1899197823969
 20
582.454910090147
 30
0.0
 10
-135.8616674289287
 20
582.454910090147
 30
0.0
 10
-135.8616674289287
 20
582.454910090147
 30
0.0
 10
-135.8566941131866
 20
582.454910090147
 30
0.0
 10
-135.852261375242
 20
582.4515855366889
 30
0.0
 10
-135.8505990985119
 20
582.4465987064993
 30
0.0
 10
-135.8505990985119
 20
582.4465987064993
 30
0.0
 10
-135.6546396466912
 20
581.7541050326533
 30
0.0
 10
-135.6546396466912
 20
581.7541050326533
 30
0.0
 10
-135.652977369962
 20
581.7485776246684
 30
0.0
 10
-135.6557478311774
 20
581.7452530712103
 30
0.0
 10
-135.6574101079063
 20
581.7430367022387
 30
0.0
  0
SPLINE
  5
7C
330
1F
100
AcDbEntity
  8
Layer 1
370
     0
100
AcDbSpline
210
0.0
220
0.0
230
1.0
 70
    11
 71
     3
 72
    20
 73
    16
 74
     0
 42
0.0000000001
 43
0.0000000001
 12
1.0
 22
0.0
 32
0.0
 13
1.0
 23
0.0
 33
0.0
 40
0.0
 40
0.0
 40
0.0
 40
0.0
 40
1.0
 40
1.0
 40
1.0
 40
2.0
 40
2.0
 40
2.0
 40
3.0
 40
3.0
 40
3.0
 40
4.0
 40
4.0
 40
4.0
 40
5.0
 40
5.0
 40
5.0
 40
5.0
 10
-134.364307471451
 20
583.4446539807376
 30
0.0
 10
-133.9347508386136
 20
582.7482884184142
 30
0.0
 10
-133.9557928294061
 20
581.5360089200018
 30
0.0
 10
-133.9629825141208
 20
581.3145882538855
 30
0.0
 10
-133.9629825141208
 20
581.3145882538855
 30
0.0
 10
-134.997026755269
 20
581.6256840194861
 30
0.0
 10
-134.997026755269
 20
581.6256840194861
 30
0.0
 10
-134.997026755269
 20
581.6256840194861
 30
0.0
 10
-135.5981762956768
 20
583.2082863385064
 30
0.0
 10
-135.5981762956768
 20
583.2082863385064
 30
0.0
 10
-135.5981762956768
 20
583.2082863385064
 30
0.0
 10
-135.3762015373212
 20
584.6624676443604
 30
0.0
 10
-135.3762015373212
 20
584.6624676443604
 30
0.0
 10
-135.241138174459
 20
584.542905349859
 30
0.0
 10
-134.7684028899956
 20
584.09950992539
 30
0.0
 10
-134.364307471451
 20
583.4446539807376
 30
0.0
  0
SPLINE
  5
7D
330
1F
100
AcDbEntity
  8
Layer 1
370
     0
100
AcDbSpline
210
0.0
220
0.0
230
1.0
 70
    11
 71
     3
 72
    38
 73
    34
 74
     0
 42
0.0000000001
 43
0.0000000001
 12
1.0
 22
0.0
 32
0.0
 13
1.0
 23
0.0
 33
0.0
 40
0.0
 40
0.0
 40
0.0
 40
0.0
 40
1.0
 40
1.0
 40
1.0
 40
2.0
 40
2.0
 40
2.0
 40
3.0
 40
3.0
 40
3.0
 40
4.0
 40
4.0
 40
4.0
 40
5.0
 40
5.0
 40
5.0
 40
6.0
 40
6.0
 40
6.0
 40
7.0
 40
7.0
 40
7.0
 40
8.0
 40
8.0
 40
8.0
 40
9.0
 40
9.0
 40
9.0
 40
10.0
 40
10.0
 40
10.0
 40
11.0
 40
11.0
 40
11.0
 40
11.0
 10
-131.8218484568528
 20
612.2592345276646
 30
0.0
 10
-131.8218484568528
 20
612.2592345276646
 30
0.0
 10
-134.471706765494
 20
606.2089121232372
 30
0.0
 10
-134.471706765494
 20
606.2089121232372
 30
0.0
 10
-134.535913893466
 20
606.0633345222011
 30
0.0
 10
-134.6947761938909
 20
605.9808558646537
 30
0.0
 10
-134.8508815475453
 20
606.012952671416
 30
0.0
 10
-134.8508815475453
 20
606.012952671416
 30
0.0
 10
-144.3260345920083
 20
607.9564785145799
 30
0.0
 10
-144.3260345920083
 20
607.9564785145799
 30
0.0
 10
-144.5037225142524
 20
607.9930080592874
 30
0.0
 10
-144.6210684397813
 20
608.1623981123316
 30
0.0
 10
-144.5928367642738
 20
608.341748311303
 30
0.0
 10
-144.1184527175274
 20
611.3591589793372
 30
0.0
 10
-143.9750779710197
 20
615.2771992879409
 30
0.0
 10
-143.9357779650946
 20
616.8216030282986
 30
0.0
 10
-143.9330075038799
 20
616.9328674535998
 30
0.0
 10
-143.8782064295944
 20
617.0325094562388
 30
0.0
 10
-143.7852135338722
 20
617.0945002152413
 30
0.0
 10
-143.7281960906144
 20
617.1327055511232
 30
0.0
 10
-143.6634213559539
 20
617.1520717507393
 30
0.0
 10
-143.5981060434946
 20
617.1520717507393
 30
0.0
 10
-143.5565896685988
 20
617.1520717507393
 30
0.0
 10
-143.5150732937025
 20
617.1443279737812
 30
0.0
 10
-143.4746651032926
 20
617.1288269054204
 30
0.0
 10
-143.4746651032926
 20
617.1288269054204
 30
0.0
 10
-132.0106047095142
 20
612.7120360058207
 30
0.0
 10
-132.0106047095142
 20
612.7120360058207
 30
0.0
 10
-131.9231527362221
 20
612.6782769223277
 30
0.0
 10
-131.8556210547904
 20
612.6124075176265
 30
0.0
 10
-131.8196320878809
 20
612.526050214375
 30
0.0
 10
-131.7836566354156
 20
612.4396929111248
 30
0.0
 10
-131.784210727658
 20
612.3450377386724
 30
0.0
 10
-131.8218484568528
 20
612.2592345276646
 30
0.0
  0
HATCH
  5
7E
330
1F
100
AcDbEntity
  8
Layer 1
 62
   250
420
  2236191
100
AcDbHatch
 10
0.0
 20
0.0
 30
0.0
210
0.0
220
0.0
230
1.0
  2
SOLID
 70
     1
 71
     0
 91
       11
 92
        1
 93
        1
 72
     4
 94
        3
 73
     0
 74
     1
 95
      656
 96
      652
 40
0.0
 40
0.0
 40
0.0
 40
0.0
 40
1.0
 40
1.0
 40
1.0
 40
2.0
 40
2.0
 40
2.0
 40
3.0
 40
3.0
 40
3.0
 40
4.0
 40
4.0
 40
4.0
 40
5.0
 40
5.0
 40
5.0
 40
6.0
 40
6.0
 40
6.0
 40
7.0
 40
7.0
 40
7.0
 40
8.0
 40
8.0
 40
8.0
 40
9.0
 40
9.0
 40
9.0
 40
10.0
 40
10.0
 40
10.0
 40
11.0
 40
11.0
 40
11.0
 40
12.0
 40
12.0
 40
12.0
 40
13.0
 40
13.0
 40
13.0
 40
14.0
 40
14.0
 40
14.0
 40
15.0
 40
15.0
 40
15.0
 40
16.0
 40
16.0
 40
16.0
 40
17.0
 40
17.0
 40
17.0
 40
18.0
 40
18.0
 40
18.0
 40
19.0
 40
19.0
 40
19.0
 40
20.0
 40
20.0
 40
20.0
 40
21.0
 40
21.0
 40
21.0
 40
22.0
 40
22.0
 40
22.0
 40
23.0
 40
23.0
 40
23.0
 40
24.0
 40
24.0
 40
24.0
 40
25.0
 40
25.0
 40
25.0
 40
26.0
 40
26.0
 40
26.0
 40
27.0
 40
27.0
 40
27.0
 40
28.0
 40
28.0
 40
28.0
 40
29.0
 40
29.0
 40
29.0
 40
30.0
 40
30.0
 40
30.0
 40
31.0
 40
31.0
 40
31.0
 40
32.0
 40
32.0
 40
32.0
 40
33.0
 40
33.0
 40
33.0
 40
34.0
 40
34.0
 40
34.0
 40
35.0
 40
35.0
 40
35.0
 40
36.0
 40
36.0
 40
36.0
 40
37.0
 40
37.0
 40
37.0
 40
38.0
 40
38.0
 40
38.0
 40
39.0
 40
39.0
 40
39.0
 40
40.0
 40
40.0
 40
40.0
 40
41.0
 40
41.0
 40
41.0
 40
42.0
 40
42.0
 40
42.0
 40
43.0
 40
43.0
 40
43.0
 40
44.0
 40
44.0
 40
44.0
 40
45.0
 40
45.0
 40
45.0
 40
46.0
 40
46.0
 40
46.0
 40
47.0
 40
47.0
 40
47.0
 40
48.0
 40
48.0
 40
48.0
 40
49.0
 40
49.0
 40
49.0
 40
50.0
 40
50.0
 40
50.0
 40
51.0
 40
51.0
 40
51.0
 40
52.0
 40
52.0
 40
52.0
 40
53.0
 40
53.0
 40
53.0
 40
54.0
 40
54.0
 40
54.0
 40
55.0
 40
55.0
 40
55.0
 40
56.0
 40
56.0
 40
56.0
 40
57.0
 40
57.0
 40
57.0
 40
58.0
 40
58.0
 40
58.0
 40
59.0
 40
59.0
 40
59.0
 40
60.0
 40
60.0
 40
60.0
 40
61.0
 40
61.0
 40
61.0
 40
62.0
 40
62.0
 40
62.0
 40
63.0
 40
63.0
 40
63.0
 40
64.0
 40
64.0
 40
64.0
 40
65.0
 40
65.0
 40
65.0
 40
66.0
 40
66.0
 40
66.0
 40
67.0
 40
67.0
 40
67.0
 40
68.0
 40
68.0
 40
68.0
 40
69.0
 40
69.0
 40
69.0
 40
70.0
 40
70.0
 40
70.0
 40
71.0
 40
71.0
 40
71.0
 40
72.0
 40
72.0
 40
72.0
 40
73.0
 40
73.0
 40
73.0
 40
74.0
 40
74.0
 40
74.0
 40
75.0
 40
75.0
 40
75.0
 40
76.0
 40
76.0
 40
76.0
 40
77.0
 40
77.0
 40
77.0
 40
78.0
 40
78.0
 40
78.0
 40
79.0
 40
79.0
 40
79.0
 40
80.0
 40
80.0
 40
80.0
 40
81.0
 40
81.0
 40
81.0
 40
82.0
 40
82.0
 40
82.0
 40
83.0
 40
83.0
 40
83.0
 40
84.0
 40
84.0
 40
84.0
 40
85.0
 40
85.0
 40
85.0
 40
86.0
 40
86.0
 40
86.0
 40
87.0
 40
87.0
 40
87.0
 40
88.0
 40
88.0
 40
88.0
 40
89.0
 40
89.0
 40
89.0
 40
90.0
 40
90.0
 40
90.0
 40
91.0
 40
91.0
 40
91.0
 40
92.0
 40
92.0
 40
92.0
 40
93.0
 40
93.0
 40
93.0
 40
94.0
 40
94.0
 40
94.0
 40
95.0
 40
95.0
 40
95.0
 40
96.0
 40
96.0
 40
96.0
 40
97.0
 40
97.0
 40
97.0
 40
98.0
 40
98.0
 40
98.0
 40
99.0
 40
99.0
 40
99.0
 40
100.0
 40
100.0
 40
100.0
 40
101.0
 40
101.0
 40
101.0
 40
102.0
 40
102.0
 40
102.0
 40
103.0
 40
103.0
 40
103.0
 40
104.0
 40
104.0
 40
104.0
 40
105.0
 40
105.0
 40
105.0
 40
106.0
 40
106.0
 40
106.0
 40
107.0
 40
107.0
 40
107.0
 40
108.0
 40
108.0
 40
108.0
 40
109.0
 40
109.0
 40
109.0
 40
110.0
 40
110.0
 40
110.0
 40
111.0
 40
111.0
 40
111.0
 40
112.0
 40
112.0
 40
112.0
 40
113.0
 40
113.0
 40
113.0
 40
114.0
 40
114.0
 40
114.0
 40
115.0
 40
115.0
 40
115.0
 40
116.0
 40
116.0
 40
116.0
 40
117.0
 40
117.0
 40
117.0
 40
118.0
 40
118.0
 40
118.0
 40
119.0
 40
119.0
 40
119.0
 40
120.0
 40
120.0
 40
120.0
 40
121.0
 40
121.0
 40
121.0
 40
122.0
 40
122.0
 40
122.0
 40
123.0
 40
123.0
 40
123.0
 40
124.0
 40
124.0
 40
124.0
 40
125.0
 40
125.0
 40
125.0
 40
126.0
 40
126.0
 40
126.0
 40
127.0
 40
127.0
 40
127.0
 40
128.0
 40
128.0
 40
128.0
 40
129.0
 40
129.0
 40
129.0
 40
130.0
 40
130.0
 40
130.0
 40
131.0
 40
131.0
 40
131.0
 40
132.0
 40
132.0
 40
132.0
 40
133.0
 40
133.0
 40
133.0
 40
134.0
 40
134.0
 40
134.0
 40
135.0
 40
135.0
 40
135.0
 40
136.0
 40
136.0
 40
136.0
 40
137.0
 40
137.0
 40
137.0
 40
138.0
 40
138.0
 40
138.0
 40
139.0
 40
139.0
 40
139.0
 40
140.0
 40
140.0
 40
140.0
 40
141.0
 40
141.0
 40
141.0
 40
142.0
 40
142.0
 40
142.0
 40
143.0
 40
143.0
 40
143.0
 40
144.0
 40
144.0
 40
144.0
 40
145.0
 40
145.0
 40
145.0
 40
146.0
 40
146.0
 40
146.0
 40
147.0
 40
147.0
 40
147.0
 40
148.0
 40
148.0
 40
148.0
 40
149.0
 40
149.0
 40
149.0
 40
150.0
 40
150.0
 40
150.0
 40
151.0
 40
151.0
 40
151.0
 40
152.0
 40
152.0
 40
152.0
 40
153.0
 40
153.0
 40
153.0
 40
154.0
 40
154.0
 40
154.0
 40
155.0
 40
155.0
 40
155.0
 40
156.0
 40
156.0
 40
156.0
 40
157.0
 40
157.0
 40
157.0
 40
158.0
 40
158.0
 40
158.0
 40
159.0
 40
159.0
 40
159.0
 40
160.0
 40
160.0
 40
160.0
 40
161.0
 40
161.0
 40
161.0
 40
162.0
 40
162.0
 40
162.0
 40
163.0
 40
163.0
 40
163.0
 40
164.0
 40
164.0
 40
164.0
 40
165.0
 40
165.0
 40
165.0
 40
166.0
 40
166.0
 40
166.0
 40
167.0
 40
167.0
 40
167.0
 40
168.0
 40
168.0
 40
168.0
 40
169.0
 40
169.0
 40
169.0
 40
170.0
 40
170.0
 40
170.0
 40
171.0
 40
171.0
 40
171.0
 40
172.0
 40
172.0
 40
172.0
 40
173.0
 40
173.0
 40
173.0
 40
174.0
 40
174.0
 40
174.0
 40
175.0
 40
175.0
 40
175.0
 40
176.0
 40
176.0
 40
176.0
 40
177.0
 40
177.0
 40
177.0
 40
178.0
 40
178.0
 40
178.0
 40
179.0
 40
179.0
 40
179.0
 40
180.0
 40
180.0
 40
180.0
 40
181.0
 40
181.0
 40
181.0
 40
182.0
 40
182.0
 40
182.0
 40
183.0
 40
183.0
 40
183.0
 40
184.0
 40
184.0
 40
184.0
 40
185.0
 40
185.0
 40
185.0
 40
186.0
 40
186.0
 40
186.0
 40
187.0
 40
187.0
 40
187.0
 40
188.0
 40
188.0
 40
188.0
 40
189.0
 40
189.0
 40
189.0
 40
190.0
 40
190.0
 40
190.0
 40
191.0
 40
191.0
 40
191.0
 40
192.0
 40
192.0
 40
192.0
 40
193.0
 40
193.0
 40
193.0
 40
194.0
 40
194.0
 40
194.0
 40
195.0
 40
195.0
 40
195.0
 40
196.0
 40
196.0
 40
196.0
 40
197.0
 40
197.0
 40
197.0
 40
198.0
 40
198.0
 40
198.0
 40
199.0
 40
199.0
 40
199.0
 40
200.0
 40
200.0
 40
200.0
 40
201.0
 40
201.0
 40
201.0
 40
202.0
 40
202.0
 40
202.0
 40
203.0
 40
203.0
 40
203.0
 40
204.0
 40
204.0
 40
204.0
 40
205.0
 40
205.0
 40
205.0
 40
206.0
 40
206.0
 40
206.0
 40
207.0
 40
207.0
 40
207.0
 40
208.0
 40
208.0
 40
208.0
 40
209.0
 40
209.0
 40
209.0
 40
210.0
 40
210.0
 40
210.0
 40
211.0
 40
211.0
 40
211.0
 40
212.0
 40
212.0
 40
212.0
 40
213.0
 40
213.0
 40
213.0
 40
214.0
 40
214.0
 40
214.0
 40
215.0
 40
215.0
 40
215.0
 40
216.0
 40
216.0
 40
216.0
 40
217.0
 40
217.0
 40
217.0
 40
217.0
 10
-42.34687087085626
 20
586.772058987107
 10
-42.52178833188538
 20
587.2619441022177
 10
-44.2261760716009
 20
587.8376459427766
 10
-47.14560701372294
 20
588.393961312051
 10
-51.01991457845769
 20
589.1318432492734
 10
-64.54706310989862
 20
591.2895865593871
 10
-65.88942589820897
 20
591.5032634485443
 10
-65.71837356843649
 20
592.9380650403334
 10
-66.26860068026023
 20
593.990921388856
 10
-66.40975905779695
 20
594.2328231962967
 10
-66.40975905779695
 20
594.2328231962967
 10
-54.52998082281339
 20
622.0216776429428
 10
-54.52998082281339
 20
622.0216776429428
 10
-54.45248899545104
 20
622.2015819341602
 10
-54.30800606445752
 20
622.341618612763
 10
-54.13308860342808
 20
622.4052851629386
 10
-53.79321382730058
 20
622.5287261031407
 10
-53.59005117631938
 20
622.7440517545813
 10
-53.54576434020765
 20
623.026922601895
 10
-53.49595009611009
 20
623.3463229939198
 10
-53.67807075629912
 20
623.659074279024
 10
-53.98749748794777
 20
623.7875020494142
 10
-53.98749748794777
 20
623.7875020494142
 10
-61.87782508719511
 20
627.0617547437828
 10
-61.87782508719511
 20
627.0617547437828
 10
-61.87782508719511
 20
627.0617547437828
 10
-61.82136173618037
 20
627.4697288080287
 10
-61.82136173618037
 20
627.4697288080287
 10
-61.77984536128496
 20
627.7719658549626
 10
-61.98189982778001
 20
628.0531744255488
 10
-62.28136641349729
 20
628.1101783543605
 10
-62.28136641349729
 20
628.1101783543605
 10
-62.569764668798
 20
628.1649929430909
 10
-62.569764668798
 20
628.1649929430909
 10
-62.569764668798
 20
628.1649929430909
 10
-62.28192050574068
 20
629.752021242834
 10
-62.28192050574068
 20
629.752021242834
 10
-62.2359849073446
 20
630.0077685991281
 10
-62.40591553818576
 20
630.2529882028032
 10
-62.66110880223713
 20
630.2989238011999
 10
-62.91684264408607
 20
630.345427006282
 10
-63.16207576220702
 20
630.1754828609957
 10
-63.20801136060246
 20
629.9197490191474
 10
-63.20801136060246
 20
629.9197490191474
 10
-63.49365266913333
 20
628.3404644963647
 10
-63.49365266913333
 20
628.3404644963647
 10
-63.49365266913333
 20
628.3404644963647
 10
-63.80695804648283
 20
628.4002524008353
 10
-63.80695804648283
 20
628.4002524008353
 10
-64.1130737391176
 20
628.4583645141356
 10
-64.40535064012012
 20
628.2657296157719
 10
-64.4723282293077
 20
627.9618302921103
 10
-64.4723282293077
 20
627.9618302921103
 10
-64.59798553848297
 20
627.394439835196
 10
-64.59798553848297
 20
627.394439835196
 10
-64.60572931544078
 20
627.3916693739818
 10
-64.6129325146007
 20
627.3889124272107
 10
-64.62067629155948
 20
627.3855878737504
 10
-64.62067629155948
 20
627.3855878737504
 10
-64.81829802010931
 20
627.3257999692785
 10
-64.81829802010931
 20
627.3257999692785
 10
-65.40837923010055
 20
627.1475579547919
 10
-65.94864619599421
 20
626.821521970297
 10
-66.38208147453248
 20
626.3830998615698
 10
-69.45041457114904
 20
623.276574943514
 10
-84.87678859519606
 20
607.6736076672635
 10
-87.21278743424469
 20
605.599451199185
 10
-87.96893414382012
 20
604.9279995161302
 10
-88.67914525499981
 20
604.4691030232984
 10
-89.31129693213049
 20
604.1569058304351
 10
-89.31129693213049
 20
604.1569058304351
 10
-88.67471251705524
 20
606.8067506246337
 10
-88.67471251705524
 20
606.8067506246337
 10
-88.64260219584685
 20
606.9401517107648
 10
-88.72508085339621
 20
607.0746744958279
 10
-88.85904954621688
 20
607.1067713025943
 10
-88.99189654010688
 20
607.1388816238008
 10
-89.12695990296884
 20
607.0569570584958
 10
-89.15907022417723
 20
606.9229883656739
 10
-89.15907022417723
 20
606.9229883656739
 10
-89.88478240371836
 20
603.9033748431149
 10
-89.88478240371836
 20
603.9033748431149
 10
-90.34367889654881
 20
603.7234705518971
 10
-90.7477608006495
 20
603.622720364771
 10
-91.07989179981887
 20
603.5684733827304
 10
-91.47900038817615
 20
603.502603978028
 10
-91.89471822938165
 20
603.5413498917071
 10
-92.28220439507899
 20
603.6802919002726
 10
-95.88195249614493
 20
604.970624075513
 10
-114.0356901706394
 20
611.4765184193102
 10
-117.9188496968184
 20
612.849869829897
 10
-118.5415953202608
 20
613.0701823115253
 10
-119.3647196190245
 20
613.3524990665971
 10
-120.3439627858878
 20
613.6824136967948
 10
-120.8089407789471
 20
614.3848675165715
 10
-120.6932436157029
 20
615.0054102854858
 10
-120.5758976901744
 20
615.3231348863357
 10
-120.5432738200575
 20
615.4104787440682
 10
-120.5592614084367
 20
615.5038770731389
 10
-120.6116704259651
 20
615.5730304879662
 10
-120.6116704259651
 20
615.5730304879662
 10
-113.1287357698311
 20
624.7887061893281
 10
-113.1287357698311
 20
624.7887061893281
 10
-113.0901925728243
 20
624.836168920003
 10
-113.0974363153195
 20
624.9059034559615
 10
-113.1448990459948
 20
624.9444466529692
 10
-113.1923617766708
 20
624.9828817344147
 10
-113.2619881970696
 20
624.9757731363695
 10
-113.3006395096359
 20
624.9282833768035
 10
-113.3006395096359
 20
624.9282833768035
 10
-120.8108328012407
 20
615.6790242797331
 10
-120.8108328012407
 20
615.6790242797331
 10
-120.8109409168003
 20
615.6790377941783
 10
-120.8110490323598
 20
615.6790783375129
 10
-120.8111571479194
 20
615.6790783375129
 10
-120.8847838440245
 20
615.6835110754571
 10
-120.9583970256838
 20
615.6569416766814
 10
-121.010981730997
 20
615.6021270879506
 10
-121.3608301675004
 20
615.2390074665022
 10
-122.1656964511321
 20
614.7098088310267
 10
-122.5969153606981
 20
614.4369116440872
 10
-126.994880638479
 20
615.8999449113826
 10
-133.1575756526906
 20
617.9060156057893
 10
-138.8015862696002
 20
619.7432503393939
 10
-140.3720053164947
 20
620.2547315375388
 10
-141.8981510417236
 20
620.7512657595631
 10
-143.3274252255273
 20
621.2173654515516
 10
-143.3102618804366
 20
621.7864181851968
 10
-143.6761519630994
 20
622.2945748298824
 10
-144.2225139436671
 20
622.4595321449808
 10
-144.2225139436671
 20
622.4595321449808
 10
-145.7663635917839
 20
622.9239560457952
 10
-145.7663635917839
 20
622.9239560457952
 10
-145.9944333648136
 20
622.9925959117132
 10
-146.2241519001279
 20
623.017503033763
 10
-146.4488971196995
 20
622.9981368341453
 10
-146.9886099933504
 20
622.9510795368172
 10
-147.4214911796456
 20
622.7440517545813
 10
-147.6805495749536
 20
622.587405823127
 10
-149.1762472557014
 20
623.0230439561957
 10
-150.5894662789009
 20
623.3939208690422
 10
-151.9035973917047
 20
623.7100102220538
 10
-151.9556280047745
 20
623.9491348110571
 10
-152.1388568494488
 20
624.1417697094174
 10
-152.3851846376113
 20
624.2010035216484
 10
-152.3851846376113
 20
624.2010035216484
 10
-153.8493260893945
 20
624.5541765116103
 10
-153.8493260893945
 20
624.5541765116103
 10
-154.1144794993753
 20
624.6183836395822
 10
-154.3807410938435
 20
624.5104437677417
 10
-154.529643248338
 20
624.3000914320444
 10
-154.943698812813
 20
624.387002827538
 10
-155.342807401171
 20
624.467265116117
 10
-155.7269825278547
 20
624.5419864822621
 10
-155.7895273790987
 20
624.8934971954934
 10
-156.0580053425383
 20
625.1879904654686
 10
-156.423895425201
 20
625.2671445695592
 10
-156.423895425201
 20
625.2671445695592
 10
-157.2204638396313
 20
625.4398591760612
 10
-157.2204638396313
 20
625.4398591760612
 10
-157.6190183357461
 20
625.5262029648678
 10
-158.0181269241037
 20
625.3296894208006
 10
-158.2041262299946
 20
624.9859359989736
 10
-159.5653011256793
 20
625.2090189418159
 10
-160.5971289978552
 20
625.3429876346365
 10
-161.230388859471
 20
625.4249121999422
 10
-161.4318757192778
 20
625.4509275064764
 10
-161.5946301798491
 20
625.4719559828256
 10
-161.7164088433229
 20
625.4891193279148
 10
-162.0496480269794
 20
625.536163110799
 10
-162.2976380918689
 20
625.6684695268888
 10
-162.4548516300098
 20
625.8827005082865
 10
-162.7166804865328
 20
626.2391845372609
 10
-162.6685150047193
 20
626.7412461672737
 10
-162.6352964990244
 20
626.9405301725528
 10
-162.6253363530946
 20
627.0014262615118
 10
-162.6424996981843
 20
627.062862928268
 10
-162.6817997041084
 20
627.109920225596
 10
-162.7188833410599
 20
627.153652969464
 10
-162.7725897453042
 20
627.1802223682437
 10
-162.8295936741162
 20
627.1829793150151
 10
-162.8295936741162
 20
627.1829793150151
 10
-157.9439461357549
 20
638.6475938010327
 10
-157.9439461357549
 20
638.6475938010327
 10
-157.9201471981929
 20
638.7035030598079
 10
-157.9461625047279
 20
638.7688183722637
 10
-158.0026258557426
 20
638.7926308242731
 10
-158.0585351145133
 20
638.8164297618346
 10
-158.123850426973
 20
638.7904144553003
 10
-158.1476628789792
 20
638.7339511042865
 10
-158.1476628789792
 20
638.7339511042865
 10
-163.0703940542929
 20
627.1835469217018
 10
-163.0703940542929
 20
627.1835469217018
 10
-163.0703940542929
 20
627.1835469217018
 10
-163.1894022565503
 20
627.1835469217018
 10
-163.1894022565503
 20
627.1835469217018
 10
-163.2746513753147
 20
627.1835469217018
 10
-163.3504944403921
 20
627.1320568864314
 10
-163.383145339399
 20
627.0523486900955
 10
-163.878584891383
 20
625.8289941040439
 10
-164.6939654131876
 20
625.3662324799571
 10
-164.9945401833923
 20
625.2322773015793
 10
-164.9945401833923
 20
625.2322773015793
 10
-165.3144946676586
 20
626.966545479087
 10
-165.3144946676586
 20
626.966545479087
 10
-165.3438345276526
 20
627.1248672017144
 10
-165.4711541135561
 20
627.244983588459
 10
-165.62447549155
 20
627.2588223800893
 10
-165.7274420476485
 20
627.268228433778
 10
-165.8287463270174
 20
627.2322529813129
 10
-165.9012513241911
 20
627.1597344696962
 10
-165.9743239280535
 20
627.0877835647623
 10
-166.0114210794495
 20
626.9875874698805
 10
-166.0031096958037
 20
626.8851750060273
 10
-166.0031096958037
 20
626.8851750060273
 10
-165.8774523866291
 20
625.3690029411715
 10
-165.8774523866291
 20
625.3690029411715
 10
-166.5909880512669
 20
625.4027620246633
 10
-168.633588290381
 20
625.2693609385318
 10
-170.1647073313528
 20
624.8082480767316
 10
-172.7365197203889
 20
624.0338298375772
 10
-177.7489192379657
 20
622.4019606094787
 10
-180.2233059933347
 20
621.1996480142182
 10
-182.7967671446551
 20
619.9491699371446
 10
-184.992702276208
 20
618.8597840439148
 10
-185.2739040895712
 20
618.7208420353534
 10
-192.552000303551
 20
619.6580012206301
 10
-204.3930258676304
 20
619.7786852140609
 10
-205.9817164441017
 20
619.7908617289643
 10
-205.9817164441017
 20
619.7908617289643
 10
-199.1209969694461
 20
633.6589932210214
 10
-199.1209969694461
 20
633.6589932210214
 10
-199.1209969694461
 20
633.6589932210214
 10
-199.0999651144873
 20
633.7021583582015
 10
-199.0999651144873
 20
633.7021583582015
 10
-199.0999651144873
 20
633.7021583582015
 10
-199.1165709887246
 20
633.746999286555
 10
-199.1165709887246
 20
633.746999286555
 10
-199.80518939548
 20
635.5825852578755
 10
-201.149211081908
 20
636.7251099486664
 10
-202.1555676039584
 20
637.3605861792548
 10
-203.244406162169
 20
638.0481065373557
 10
-204.1577664098847
 20
638.298853549016
 10
-204.1965123235657
 20
638.3093677871896
 10
-204.1965123235657
 20
638.3093677871896
 10
-204.2845285249343
 20
638.3331802391978
 10
-204.2845285249343
 20
638.3331802391978
 10
-204.2845285249343
 20
638.3331802391978
 10
-204.3249367153448
 20
638.2507015816503
 10
-204.3249367153448
 20
638.2507015816503
 10
-206.1671582791383
 20
634.4544399365194
 10
-209.6373738039387
 20
620.3399806563012
 10
-209.9385060449964
 20
619.1083282010501
 10
-210.3425980849304
 20
619.0944894094159
 10
-210.8529710985873
 20
618.8974217731092
 10
-210.9924671993948
 20
618.840404329851
 10
-211.3710980250364
 20
618.9400463324929
 10
-214.5678588920432
 20
619.7382770236527
 10
-219.9378641375258
 20
619.8113361130683
 10
-222.6928884781816
 20
619.8478791722227
 10
-224.7847623835957
 20
619.5107613428645
 10
-226.1542486629262
 20
618.8088616153309
 10
-226.5373054692902
 20
618.6129021635102
 10
-226.7659225773411
 20
618.2226455365952
 10
-226.75042150898
 20
617.7908725347862
 10
-226.7349238192295
 20
617.3557884939665
 10
-226.4769668511858
 20
616.9804788431705
 10
-226.0773041705854
 20
616.8105346978839
 10
-226.0773041705854
 20
616.8105346978839
 10
-216.5490190857889
 20
612.7607555798751
 10
-216.5490190857889
 20
612.7607555798751
 10
-216.3901500281419
 20
612.527698976661
 10
-215.3112783730841
 20
611.1189126914057
 10
-211.9440226471594
 20
610.3129517377296
 10
-211.9440226471594
 20
610.3129517377296
 10
-211.3234900140781
 20
609.7383580816571
 10
-211.3234900140781
 20
609.7383580816571
 10
-211.7962252985401
 20
608.809496765578
 10
-216.4482722772743
 20
599.5579942706479
 10
-217.4828604748313
 20
593.5004754242836
 10
-217.4828604748313
 20
593.5004754242836
 10
-217.4928239993738
 20
593.4418024615175
 10
-217.4928239993738
 20
593.4418024615175
 10
-217.4928239993738
 20
593.4418024615175
 10
-217.4490946341164
 20
593.4008401788644
 10
-217.4490946341164
 20
593.4008401788644
 10
-217.3560983597817
 20
593.3139287833715
 10
-215.1468717716172
 20
591.2685580830404
 10
-213.3500452284213
 20
590.5655434137979
 10
-213.3500452284213
 20
590.5655434137979
 10
-213.2188537540381
 20
590.5140601357513
 10
-213.2188537540381
 20
590.5140601357513
 10
-213.2188537540381
 20
590.5140601357513
 10
-213.2000315108301
 20
590.6541103288012
 10
-213.2000315108301
 20
590.6541103288012
 10
-213.1789962772604
 20
590.812986143669
 10
-211.1972819912706
 20
605.745596406907
 10
-210.6287833498704
 20
608.5011782184165
 10
-210.6132856601208
 20
608.4735006351531
 10
-210.5966797858841
 20
608.4441607751613
 10
-210.5789657271616
 20
608.4131586384387
 10
-210.5584845858366
 20
608.3766290937284
 10
-210.5385541581408
 20
608.3423024035454
 10
-210.5313577162023
 20
608.3262472429426
 10
-210.3276511088127
 20
607.8917037799181
 10
-210.0923916510677
 20
607.4466595931641
 10
-209.8327757849047
 20
607.0038182609381
 10
-208.576766921235
 20
604.8637788737109
 10
-206.6492996172886
 20
602.8405448342141
 10
-204.1068372240789
 20
600.9922417701944
 10
-204.0929984324473
 20
600.6147157504267
 10
-203.9274870251052
 20
598.5355859666042
 10
-201.949093913963
 20
597.9858994325771
 10
-200.7739048097243
 20
597.6593093558388
 10
-198.3094917147318
 20
597.2015210474957
 10
-196.2668847183946
 20
596.8439288340322
 10
-196.2668847183946
 20
596.8439288340322
 10
-196.6394272865848
 20
595.9748554224276
 10
-196.6394272865848
 20
595.9748554224276
 10
-196.6394272865848
 20
595.9748554224276
 10
-196.4030596443536
 20
595.7777877861218
 10
-196.4030596443536
 20
595.7777877861218
 10
-196.4030596443536
 20
595.7777877861218
 10
-197.9934124975548
 20
590.8517320573501
 10
-197.9934124975548
 20
590.8517320573501
 10
-198.2380847662093
 20
590.8412178191762
 10
-200.7102450167717
 20
590.7116818643001
 10
-202.9083998959094
 20
589.6776511375981
 10
-203.9020258108134
 20
589.209895926099
 10
-204.903398881287
 20
588.4714598966345
 10
-205.9684317447132
 20
587.4202658248422
 10
-206.408505994335
 20
586.9857223618184
 10
-206.7838156451293
 20
586.570004520612
 10
-207.1142843675698
 20
586.1487592714223
 10
-207.1469454024104
 20
586.1077969887692
 10
-207.17960305864
 20
586.0668347061162
 10
-207.2122640934803
 20
586.0258656662398
 10
-207.4015778169962
 20
585.7889506889874
 10
-207.5969831765741
 20
585.5437243280892
 10
-207.7242993838667
 20
585.2636306992143
 10
-207.9396317925278
 20
584.7897872302636
 10
-207.8610250234579
 20
584.2755355709052
 10
-207.4840564745453
 20
583.6915358611429
 10
-207.0362350693538
 20
582.9979407600339
 10
-206.3387579439311
 20
582.4969738000647
 10
-205.5660019815087
 20
582.2982506442485
 10
-205.2117275642828
 20
579.9246208332294
 10
-203.1597111356474
 20
578.0979003377986
 10
-200.6886556909602
 20
578.0979003377986
 10
-198.5237159389065
 20
578.0979003377986
 10
-196.6798354769954
 20
579.5005983656015
 10
-196.0188946535029
 20
581.445225636026
 10
-196.0188946535029
 20
581.445225636026
 10
-194.9970370630917
 20
581.2492729414294
 10
-194.9970370630917
 20
581.2492729414294
 10
-194.9970370630917
 20
581.2492729414294
 10
-187.6458716238631
 20
582.7482884184142
 10
-187.6458716238631
 20
582.7482884184142
 10
-187.6458716238631
 20
582.7482884184142
 10
-187.6359080993205
 20
582.7504980301627
 10
-187.6359080993205
 20
582.7504980301627
 10
-187.6359080993205
 20
582.7504980301627
 10
-186.7629560420147
 20
583.7906237715385
 10
-186.7629560420147
 20
583.7906237715385
 10
-186.542089468145
 20
583.5852582660299
 10
-184.8454556412212
 20
582.019258442638
 10
-184.1728890164576
 20
581.682701462745
 10
-184.1728890164576
 20
581.682701462745
 10
-184.164591147256
 20
581.6788295742655
 10
-184.164591147256
 20
581.6788295742655
 10
-184.164591147256
 20
581.6788295742655
 10
-183.5302231011547
 20
581.792857703557
 10
-183.5302231011547
 20
581.792857703557
 10
-183.3469942564785
 20
579.2398776935627
 10
-181.211387607197
 20
577.2188600230382
 10
-178.6119111493414
 20
577.2188600230382
 10
-176.3456738751415
 20
577.2188600230382
 10
-174.4314878919725
 20
578.7560740786838
 10
-173.8569077503427
 20
580.8424070616687
 10
-173.8569077503427
 20
580.8424070616687
 10
-172.6606766553118
 20
580.8069857014465
 10
-172.6606766553118
 20
580.8069857014465
 10
-172.6606766553118
 20
580.8069857014465
 10
-172.6573521018531
 20
580.8069857014465
 10
-172.6573521018531
 20
580.8069857014465
 10
-172.6573521018531
 20
580.8069857014465
 10
-168.2710092467315
 20
581.6267922039735
 10
-168.2710092467315
 20
581.6267922039735
 10
-168.0340875122583
 20
581.6705181906185
 10
-167.8165454918469
 20
581.7945132230645
 10
-167.657683191422
 20
581.9749716065244
 10
-167.657683191422
 20
581.9749716065244
 10
-166.2754527905003
 20
583.5476205368379
 10
-166.2754527905003
 20
583.5476205368379
 10
-166.1581068649708
 20
583.6815757152121
 10
-166.0933456447555
 20
583.8531753800044
 10
-166.0933456447555
 20
584.0308700594741
 10
-166.0933456447555
 20
584.2799683088507
 10
-166.2167865849581
 20
584.509132751922
 10
-166.4238143671956
 20
584.6425405952768
 10
-167.2668724722659
 20
585.1872335418904
 10
-169.3371502946445
 20
586.1371300915405
 10
-170.6861621898714
 20
586.7360700201981
 10
-170.6263742853982
 20
587.0986490638451
 10
-170.5776682257874
 20
587.4291177862855
 10
-170.5378006131757
 20
587.7418758286157
 10
-170.4442536252095
 20
588.4808659503238
 10
-170.3983180268138
 20
589.0521350529403
 10
-170.6662283835651
 20
589.6770970453557
 10
-170.8760266270189
 20
590.1658807331978
 10
-171.2015085192714
 20
590.5954373660356
 10
-171.5447213633025
 20
590.9879036046988
 10
-171.5447213633025
 20
590.9879036046988
 10
-170.6396589847871
 20
591.5171022401746
 10
-170.6396589847871
 20
591.5171022401746
 10
-170.6396589847871
 20
591.5171022401746
 10
-170.6313611155859
 20
591.5220823131417
 10
-170.6313611155859
 20
591.5220823131417
 10
-170.6313611155859
 20
591.5220823131417
 10
-170.6280365621281
 20
591.5314951240506
 10
-170.6280365621281
 20
591.5314951240506
 10
-170.6158600472247
 20
591.5647001153018
 10
-170.4016290658273
 20
592.1486998250609
 10
-170.2898105482836
 20
592.5217931068843
 10
-167.1240518180003
 20
591.9278332511938
 10
-164.4437589793248
 20
591.4180143297773
 10
-163.415255660608
 20
591.2048915328663
 10
-161.9561010390122
 20
590.9026544859335
 10
-160.1116631062471
 20
590.5699693945201
 10
-158.5406764526636
 20
590.2976262998267
 10
-158.5406764526636
 20
590.2976262998267
 10
-158.5921664879359
 20
589.5010646426186
 10
-158.5921664879359
 20
589.5010646426186
 10
-158.6004643571365
 20
589.3787251296777
 10
-158.5080255536561
 20
589.2735557190538
 10
-158.3856927979402
 20
589.2658051848716
 10
-158.3807059677526
 20
589.2652510926289
 10
-158.3762732298083
 20
589.2652510926289
 10
-158.3712999140649
 20
589.2652510926289
 10
-158.255602750821
 20
589.2652510926289
 10
-158.1581771171539
 20
589.3549261921164
 10
-158.1504333401952
 20
589.4722788748649
 10
-158.1504333401952
 20
589.4722788748649
 10
-158.1022678583823
 20
590.2217899919696
 10
-158.1022678583823
 20
590.2217899919696
 10
-156.7305652100792
 20
589.9865305342255
 10
-155.6350843021741
 20
589.8082817625149
 10
-155.3057237642188
 20
589.7551429649588
 10
-155.3040614874899
 20
589.6732183996529
 10
-155.2824789188996
 20
589.5591835131379
 10
-155.2022166303225
 20
589.4401753108789
 10
-155.0117845864877
 20
589.1584126480492
 10
-154.5899852450533
 20
588.9823870025349
 10
-153.947859907548
 20
588.9170716900778
 10
-152.6990441072039
 20
588.79086028866
 10
-151.5177735027353
 20
588.610955997443
 10
-151.234348563178
 20
588.5666691613316
 10
-151.234348563178
 20
588.5666691613316
 10
-150.9055421174673
 20
587.66382315179
 10
-150.9055421174673
 20
587.66382315179
 10
-150.8025890758134
 20
587.3820672461818
 10
-150.5042171601368
 20
587.2182181155699
 10
-150.2108320746475
 20
587.2824320007659
 10
-149.9866409473197
 20
587.3311380603769
 10
-149.812277578533
 20
587.4999740211762
 10
-149.7563683197623
 20
587.7230569640188
 10
-149.6738896622129
 20
588.0496470407562
 10
-149.5482323530386
 20
588.5627905156285
 10
-149.4962017399681
 20
588.7759133125404
 10
-149.4962017399681
 20
588.7759133125404
 10
-139.8472394189631
 20
587.3449768520082
 10
-139.8472394189631
 20
587.3449768520082
 10
-139.8472394189631
 20
587.3449768520082
 10
-139.8101557820113
 20
587.3394494440217
 10
-139.8101557820113
 20
587.3394494440217
 10
-139.8101557820113
 20
587.3394494440217
 10
-139.4271023542582
 20
587.5503491147376
 10
-139.4271023542582
 20
587.5503491147376
 10
-139.4271023542582
 20
587.5503491147376
 10
-139.4271023542582
 20
587.2536462330139
 10
-139.4271023542582
 20
587.2536462330139
 10
-139.4271023542582
 20
587.2536462330139
 10
-141.2516064807186
 20
585.6428054812653
 10
-141.2516064807186
 20
585.6428054812653
 10
-141.2516064807186
 20
585.6428054812653
 10
-143.5189519394043
 20
585.3942613241305
 10
-143.5189519394043
 20
585.3942613241305
 10
-143.68889608469
 20
585.3759965517748
 10
-143.8411227926426
 20
585.2841050833183
 10
-143.9368861495818
 20
585.142953463004
 10
-144.0326495065196
 20
585.0012477504454
 10
-144.0614352742696
 20
584.8257626827279
 10
-144.016040253672
 20
584.6613594598749
 10
-143.9368861495818
 20
584.376285758033
 10
-143.6567857634816
 20
584.1963814668152
 10
-143.3650629547218
 20
584.2428779146778
 10
-143.3650629547218
 20
584.2428779146778
 10
-140.0022365881304
 20
584.775948438633
 10
-140.0022365881304
 20
584.775948438633
 10
-140.0022365881304
 20
584.775948438633
 10
-139.9701262669224
 20
584.7814826038423
 10
-139.9701262669224
 20
584.7814826038423
 10
-139.9701262669224
 20
584.7814826038423
 10
-139.6191831603783
 20
585.0970111073839
 10
-139.6191831603783
 20
585.0970111073839
 10
-139.6191831603783
 20
585.0970111073839
 10
-139.6916881575511
 20
583.1728649782841
 10
-139.6916881575511
 20
583.1728649782841
 10
-139.6916881575511
 20
583.1728649782841
 10
-138.6349666777723
 20
583.1728649782841
 10
-138.6349666777723
 20
583.1728649782841
 10
-138.6349666777723
 20
583.1728649782841
 10
-138.7943830704399
 20
581.9434221347808
 10
-138.7943830704399
 20
581.9434221347808
 10
-139.5577329791753
 20
581.9251573624288
 10
-142.0382012347732
 20
581.7275356338776
 10
-143.9911331316233
 20
580.0026735100549
 10
-144.6194061630521
 20
579.4474595680442
 10
-145.0450976646326
 20
578.8717644847071
 10
-145.2570987626129
 20
578.291643420646
 10
-145.3882969942185
 20
577.9301725614839
 10
-145.4242724466839
 20
577.5842027706833
 10
-145.3628357799267
 20
577.2620386746673
 10
-145.28091121462
 20
576.8319279495837
 10
-145.0251638583269
 20
576.5468474905213
 10
-144.7611186328306
 20
576.3021752218655
 10
-144.2236221281526
 20
575.8050869075986
 10
-143.6512448410499
 20
575.3373384533246
 10
-143.0633800000319
 20
574.8623867998887
 10
-142.8386347804604
 20
574.6813743241863
 10
-142.5563180253883
 20
574.5811849865254
 10
-142.2673656778445
 20
574.5811849865254
 10
-142.2673656778445
 20
574.5811849865254
 10
-141.7979549468409
 20
574.5811849865254
 10
-141.7979549468409
 20
574.5811849865254
 10
-141.725990527465
 20
571.9241369931694
 10
-139.5427860030576
 20
569.7857666398925
 10
-136.8691287568547
 20
569.7857666398925
 10
-134.5973640746687
 20
569.7857666398925
 10
-132.6792994457978
 20
571.3296230452343
 10
-132.1096926199105
 20
573.4231524701539
 10
-132.1096926199105
 20
573.4231524701539
 10
-131.6447146268511
 20
573.3589453421827
 10
-131.6447146268511
 20
573.3589453421827
 10
-131.5672092850452
 20
573.3478770117636
 10
-131.4891633654407
 20
573.3428901815769
 10
-131.4111174458356
 20
573.3428901815769
 10
-131.306488613008
 20
573.3428901815769
 10
-131.2018732946249
 20
573.3523029924856
 10
-131.0983526462843
 20
573.3716759493278
 10
-131.0983526462843
 20
573.3716759493278
 10
-126.6433699252463
 20
574.2025575394922
 10
-126.6433699252463
 20
574.2025575394922
 10
-126.4058940985287
 20
574.2468443756059
 10
-126.18614922359
 20
574.3713935002946
 10
-126.0256111319913
 20
574.5524059759972
 10
-125.4532338448892
 20
575.1995046292441
 10
-124.480653299388
 20
576.3298528051303
 10
-124.398728734082
 20
576.6337521287901
 10
-124.2863561242956
 20
577.0533486157
 10
-124.3494550677827
 20
577.1657212254852
 10
-127.2163013045915
 20
578.658094352772
 10
-129.6192642183821
 20
579.9091197648669
 10
-132.5674809282551
 20
581.0051547650154
 10
-133.412201310054
 20
581.3107096081859
 10
-133.4083226643525
 20
581.7092708615216
 10
-133.4177422324844
 20
582.1144677073305
 10
-133.4808411759711
 20
582.5135830529099
 10
-133.5705230326804
 20
583.0759934368605
 10
-133.8384333894333
 20
583.659432297156
 10
-134.2989921589923
 20
584.2960167122302
 10
-134.3061953581519
 20
584.3054295231435
 10
-134.3205882420276
 20
584.325910664468
 10
-134.3405085338881
 20
584.3552437672392
 10
-134.410256584292
 20
584.455993954366
 10
-134.5409007236546
 20
584.6447569642497
 10
-134.6643416638566
 20
584.8069505753546
 10
-134.7252242383707
 20
584.8866587716876
 10
-134.7756060891559
 20
584.9503118074168
 10
-134.8193253185797
 20
584.9995854737184
 10
-134.6931274316065
 20
585.0698876163618
 10
-134.4595167361468
 20
585.199410056794
 10
-134.0266490642955
 20
585.4402104369717
 10
-134.0266490642955
 20
585.4402104369717
 10
-133.9779294902399
 20
585.4667798357475
 10
-133.9779294902399
 20
585.4667798357475
 10
-133.9779294902399
 20
585.4667798357475
 10
-133.7233038328761
 20
587.3754248964867
 10
-133.7233038328761
 20
587.3754248964867
 10
-132.3017734260303
 20
587.2929462389396
 10
-131.2123875327987
 20
586.5229607377311
 10
-131.2013192023821
 20
586.5146493540817
 10
-131.2013192023821
 20
586.5146493540817
 10
-131.1692088811737
 20
586.4919586010078
 10
-131.1692088811737
 20
586.4919586010078
 10
-131.1692088811737
 20
586.4919586010078
 10
-126.6267741868439
 20
586.757666103232
 10
-126.6267741868439
 20
586.757666103232
 10
-126.5464983838217
 20
586.7626394189757
 10
-126.4656820030019
 20
586.7665180646782
 10
-126.384311529939
 20
586.7687344336466
 10
-126.0815203907629
 20
586.4061553900007
 10
-125.3801747554721
 20
585.880281307981
 10
-123.861232229404
 20
585.880281307981
 10
-123.8119585631047
 20
585.880281307981
 10
-123.7610361345203
 20
585.8808354002232
 10
-123.710100191492
 20
585.8819435847115
 10
-122.7685082682685
 20
585.902978818279
 10
-121.87896047256
 20
585.9096211679756
 10
-121.1377472246578
 20
585.9013165415511
 10
-120.537151776493
 20
585.8952282840997
 10
-119.9503816055157
 20
586.1365759992977
 10
-119.5291228418801
 20
586.5661326321323
 10
-119.5291228418801
 20
586.5661326321323
 10
-119.456617844706
 20
586.6403066632593
 10
-119.456617844706
 20
586.6403066632593
 10
-119.456617844706
 20
586.6403066632593
 10
-78.45061596217738
 20
585.7917143929812
 10
-78.45061596217738
 20
585.7917143929812
 10
-78.45061596217738
 20
585.7917143929812
 10
-75.8932099714605
 20
583.3887447219669
 10
-75.8932099714605
 20
583.3887447219669
 10
-75.66569429067422
 20
583.174527255014
 10
-75.33245510701806
 20
583.1141852582978
 10
-75.04405685171703
 20
583.234301645041
 10
-74.84255647746537
 20
583.3178884870774
 10
-74.6881269149847
 20
583.4762102097048
 10
-74.60897281089409
 20
583.6793593462393
 10
-74.52980519235862
 20
583.8825152400005
 10
-74.53700839151887
 20
584.10338181387
 10
-74.62833901051249
 20
584.3009967851978
 10
-74.62833901051249
 20
584.3009967851978
 10
-75.1813365835516
 20
585.4955656034994
 10
-75.1813365835516
 20
585.4955656034994
 10
-75.1813365835516
 20
585.4955656034994
 10
-74.81323013191688
 20
585.771233251654
 10
-74.81323013191688
 20
585.771233251654
 10
-74.35544182357289
 20
585.7723414361418
 10
-70.34938193498975
 20
585.7961403737031
 10
-68.56916464464109
 20
586.2832685420414
 10
-66.9151452412659
 20
586.7355159279534
 10
-66.41086724228276
 20
588.314246358494
 10
-66.30513022496962
 20
588.7305182919425
 10
-63.16594089346334
 20
588.3768047241829
 10
-53.40018673917253
 20
586.643631216716
 10
-53.3005447365322
 20
586.6259137793827
 10
-53.3005447365322
 20
586.6259137793827
 10
-42.29428616554334
 20
586.6242515026554
 10
-42.29428616554334
 20
586.6242515026554
 10
-42.29428616554334
 20
586.6242515026554
 10
-42.34687087085626
 20
586.772058987107
 10
-42.34687087085626
 20
586.772058987107
 97
        0
 97
        0
 92
        1
 93
        1
 72
     4
 94
        3
 73
     0
 74
     1
 95
       17
 96
       13
 40
0.0
 40
0.0
 40
0.0
 40
0.0
 40
1.0
 40
1.0
 40
1.0
 40
2.0
 40
2.0
 40
2.0
 40
3.0
 40
3.0
 40
3.0
 40
4.0
 40
4.0
 40
4.0
 40
4.0
 10
-196.5276087690421
 20
591.7983040535388
 10
-196.5276087690421
 20
591.7983040535388
 10
-195.3120080957819
 20
595.4318179953212
 10
-195.3120080957819
 20
595.4318179953212
 10
-195.3120080957819
 20
595.4318179953212
 10
-194.4944145836153
 20
592.4620119596335
 10
-194.4944145836153
 20
592.4620119596335
 10
-194.4944145836153
 20
592.4620119596335
 10
-195.9890040798776
 20
591.0770246119403
 10
-195.9890040798776
 20
591.0770246119403
 10
-196.0482345134965
 20
591.3925531154867
 10
-196.4429171211314
 20
591.7291100953782
 10
-196.5276087690421
 20
591.7983040535388
 97
        0
 97
        0
 92
        1
 93
        1
 72
     4
 94
        3
 73
     0
 74
     1
 95
       71
 96
       67
 40
0.0
 40
0.0
 40
0.0
 40
0.0
 40
1.0
 40
1.0
 40
1.0
 40
2.0
 40
2.0
 40
2.0
 40
3.0
 40
3.0
 40
3.0
 40
4.0
 40
4.0
 40
4.0
 40
5.0
 40
5.0
 40
5.0
 40
6.0
 40
6.0
 40
6.0
 40
7.0
 40
7.0
 40
7.0
 40
8.0
 40
8.0
 40
8.0
 40
9.0
 40
9.0
 40
9.0
 40
10.0
 40
10.0
 40
10.0
 40
11.0
 40
11.0
 40
11.0
 40
12.0
 40
12.0
 40
12.0
 40
13.0
 40
13.0
 40
13.0
 40
14.0
 40
14.0
 40
14.0
 40
15.0
 40
15.0
 40
15.0
 40
16.0
 40
16.0
 40
16.0
 40
17.0
 40
17.0
 40
17.0
 40
18.0
 40
18.0
 40
18.0
 40
19.0
 40
19.0
 40
19.0
 40
20.0
 40
20.0
 40
20.0
 40
21.0
 40
21.0
 40
21.0
 40
22.0
 40
22.0
 40
22.0
 40
22.0
 10
-175.5457944216971
 20
588.4365858714335
 10
-178.5449335601538
 20
589.236465324879
 10
-180.7757494741304
 20
589.0072941245846
 10
-182.1208692092109
 20
588.6735008486876
 10
-183.5019914256472
 20
588.3303015191004
 10
-184.2575840429795
 20
587.8088601750267
 10
-184.3444954384738
 20
587.7468559015803
 10
-184.6694232384826
 20
587.7656815234017
 10
-192.430218261466
 20
588.2179289093124
 10
-193.4177559189186
 20
588.3319637958281
 10
-194.3410796911766
 20
588.4387954831838
 10
-195.6308543955631
 20
589.3449660461856
 10
-195.8279186532586
 20
589.4872258509829
 10
-195.8279186532586
 20
589.4872258509829
 10
-193.4011500446826
 20
592.003676316272
 10
-193.4011500446826
 20
592.003676316272
 10
-193.4011500446826
 20
592.003676316272
 10
-193.3917372337728
 20
592.0136364622028
 10
-193.3917372337728
 20
592.0136364622028
 10
-193.3917372337728
 20
592.0136364622028
 10
-193.8888289266514
 20
596.0512390653035
 10
-193.8888289266514
 20
596.0512390653035
 10
-193.8888289266514
 20
596.0512390653035
 10
-193.8904878247697
 20
596.0656319491794
 10
-193.8904878247697
 20
596.0656319491794
 10
-193.8904878247697
 20
596.0656319491794
 10
-194.5099122733652
 20
596.3756262875157
 10
-194.5099122733652
 20
596.3756262875157
 10
-194.5099122733652
 20
596.3756262875157
 10
-194.4767005248928
 20
596.5355967724271
 10
-194.4767005248928
 20
596.5355967724271
 10
-194.1838729102591
 20
596.4857825283286
 10
-193.9237029518537
 20
596.4420497844602
 10
-193.7078164509495
 20
596.406067574774
 10
-193.3524372278487
 20
596.3462864275211
 10
-193.0961425365342
 20
596.3031077758942
 10
-192.9915204609284
 20
596.2837280618345
 10
-192.7296916044063
 20
596.2361301867082
 10
-192.3200620206525
 20
596.214534103675
 10
-191.8456678380721
 20
596.1890728893821
 10
-191.1448729164131
 20
596.1514351601879
 10
-190.2724749513501
 20
596.1043778628592
 10
-189.5965871517405
 20
595.9527052471516
 10
-188.6317470045861
 20
595.7362714112271
 10
-186.6671926850765
 20
595.3144653125682
 10
-186.0881798055021
 20
595.1904635229021
 10
-185.9592013214797
 20
595.1627859396373
 10
-185.826901662611
 20
595.2253443053268
 10
-185.7660123308747
 20
595.3421428958327
 10
-185.7510653547563
 20
595.3709219063616
 10
-185.7200665966444
 20
595.3858688824799
 10
-185.6885137462899
 20
595.3803414744954
 10
-184.7441581190738
 20
595.206518683505
 10
-180.24765902314
 20
594.3772993700675
 10
-175.5009534933423
 20
593.4943871668313
 10
-175.5009534933423
 20
593.4943871668313
 10
-176.1502685155639
 20
589.971583558108
 10
-176.1502685155639
 20
589.971583558108
 10
-176.1834735068133
 20
589.7911251746473
 10
-176.0827368341323
 20
589.6150927719093
 10
-175.910576319874
 20
589.5525479206652
 10
-175.910576319874
 20
589.5525479206652
 10
-175.34872678539
 20
589.348283842422
 10
-175.34872678539
 20
589.348283842422
 10
-175.34872678539
 20
589.348283842422
 10
-175.5457944216971
 20
588.4365858714335
 10
-175.5457944216971
 20
588.4365858714335
 97
        0
 97
        0
 92
        1
 93
        4
 72
     1
 10
-174.573754453994
 20
588.165344204001
 11
-174.3074928595258
 21
589.1562030363012
 72
     1
 10
-174.3074928595258
 20
589.1562030363012
 11
-173.5740369030278
 21
588.9580339727311
 72
     1
 10
-173.5740369030278
 20
588.9580339727311
 11
-173.2651507491777
 21
587.6715804431927
 72
     1
 10
-173.2651507491777
 20
587.6715804431927
 11
-174.573754453994
 21
588.165344204001
 97
        0
 92
        1
 93
        1
 72
     4
 94
        3
 73
     0
 74
     1
 95
       23
 96
       19
 40
0.0
 40
0.0
 40
0.0
 40
0.0
 40
1.0
 40
1.0
 40
1.0
 40
2.0
 40
2.0
 40
2.0
 40
3.0
 40
3.0
 40
3.0
 40
4.0
 40
4.0
 40
4.0
 40
5.0
 40
5.0
 40
5.0
 40
6.0
 40
6.0
 40
6.0
 40
6.0
 10
-171.1588974743338
 20
589.5791173194442
 10
-170.8965145255677
 20
588.9674400264174
 10
-170.9418960317207
 20
588.4033741229634
 10
-171.034348349645
 20
587.6732359626989
 10
-171.0642287874365
 20
587.4390846894396
 10
-171.0985554776175
 20
587.1960746975111
 10
-171.1389636680274
 20
586.9370163022061
 10
-171.5613171017052
 20
587.1224480014096
 10
-171.8535940027068
 20
587.2481053105836
 10
-171.9189228296107
 20
587.2757828938484
 10
-171.9189228296107
 20
587.2757828938484
 10
-172.3053008108225
 20
589.1894147847746
 10
-172.3053008108225
 20
589.1894147847746
 10
-172.3053008108225
 20
589.1894147847746
 10
-171.8829338627008
 20
590.7055936068472
 10
-171.8829338627008
 20
590.7055936068472
 10
-171.5973060686151
 20
590.3629416122828
 10
-171.3354772120918
 20
589.9920646994331
 10
-171.1588974743338
 20
589.5791173194442
 97
        0
 97
        0
 92
        1
 93
        1
 72
     4
 94
        3
 73
     0
 74
     1
 95
       50
 96
       46
 40
0.0
 40
0.0
 40
0.0
 40
0.0
 40
1.0
 40
1.0
 40
1.0
 40
2.0
 40
2.0
 40
2.0
 40
3.0
 40
3.0
 40
3.0
 40
4.0
 40
4.0
 40
4.0
 40
5.0
 40
5.0
 40
5.0
 40
6.0
 40
6.0
 40
6.0
 40
7.0
 40
7.0
 40
7.0
 40
8.0
 40
8.0
 40
8.0
 40
9.0
 40
9.0
 40
9.0
 40
10.0
 40
10.0
 40
10.0
 40
11.0
 40
11.0
 40
11.0
 40
12.0
 40
12.0
 40
12.0
 40
13.0
 40
13.0
 40
13.0
 40
14.0
 40
14.0
 40
14.0
 40
15.0
 40
15.0
 40
15.0
 40
15.0
 10
-165.3759313344158
 20
612.9096577343718
 10
-165.7169278094753
 20
612.4097989588864
 10
-166.3767570698692
 20
612.2470580127609
 10
-166.9103884432909
 20
612.5304694378766
 10
-168.8743886705571
 20
613.572811548225
 10
-173.631608438528
 20
616.0732000956829
 10
-175.3741879996825
 20
616.782303022376
 10
-176.8743184183755
 20
617.3928721309167
 10
-179.0497656513793
 20
617.9486401651718
 10
-180.2127782407157
 20
618.2259700900556
 10
-180.3716540555855
 20
618.2636078192514
 10
-180.4369693680438
 20
618.3914814973978
 10
-180.4447266594481
 20
618.4983131847524
 10
-180.4530245286493
 20
618.6051448721068
 10
-180.4076295080501
 20
618.741316419454
 10
-180.2565109845847
 20
618.8027666006584
 10
-180.2565109845847
 20
618.8027666006584
 10
-168.0922131400015
 20
623.7482020434918
 10
-168.0922131400015
 20
623.7482020434918
 10
-168.0047476522643
 20
623.7836234037151
 10
-167.9123088487854
 20
623.8013408410487
 10
-167.8209782297909
 20
623.8013408410487
 10
-167.7412700334575
 20
623.8013408410487
 10
-167.6621024149211
 20
623.7880561416573
 10
-167.5868269565329
 20
623.7609326506375
 10
-167.088076365535
 20
623.582136543905
 10
-166.029125002338
 20
623.3734464849383
 10
-164.5417387052356
 20
623.9889889092213
 10
-164.3856333515812
 20
624.0532095516404
 10
-164.2217842209686
 20
624.086414542892
 10
-164.0579350903564
 20
624.086414542892
 10
-163.9904034089254
 20
624.086414542892
 10
-163.9234123052923
 20
624.0803330426586
 10
-163.8564347161041
 20
624.0692511977994
 10
-163.4025250534613
 20
623.9928675549238
 10
-162.5328975496139
 20
623.8107468947338
 10
-161.8154967537198
 20
623.4531546812749
 10
-160.9691140951904
 20
623.0313418253966
 10
-160.5816279294937
 20
622.0404897503169
 10
-160.9137589286634
 20
621.1476174011502
 10
-161.2669184041794
 20
620.1993763710099
 10
-161.995955137179
 20
618.3721017833332
 10
-162.913180516152
 20
616.784519391349
 10
-163.7396428828186
 20
615.3541370230575
 10
-164.7083582970635
 20
613.8877792023018
 10
-165.3759313344158
 20
612.9096577343718
 97
        0
 97
        0
 92
        1
 93
        1
 72
     4
 94
        3
 73
     0
 74
     1
 95
       35
 96
       31
 40
0.0
 40
0.0
 40
0.0
 40
0.0
 40
1.0
 40
1.0
 40
1.0
 40
2.0
 40
2.0
 40
2.0
 40
3.0
 40
3.0
 40
3.0
 40
4.0
 40
4.0
 40
4.0
 40
5.0
 40
5.0
 40
5.0
 40
6.0
 40
6.0
 40
6.0
 40
7.0
 40
7.0
 40
7.0
 40
8.0
 40
8.0
 40
8.0
 40
9.0
 40
9.0
 40
9.0
 40
10.0
 40
10.0
 40
10.0
 40
10.0
 10
-146.0968458286686
 20
608.7508170455923
 10
-146.1073600668431
 20
608.6556077808982
 10
-146.1555120342105
 20
608.5714803610651
 10
-146.2330173760164
 20
608.5150170100471
 10
-146.3110632956216
 20
608.4579995667925
 10
-146.4057184680746
 20
608.436957576
 10
-146.5003736405266
 20
608.4557831978184
 10
-146.5003736405266
 20
608.4557831978184
 10
-162.9137346083947
 20
611.7483074217637
 10
-162.9137346083947
 20
611.7483074217637
 10
-163.0249990336953
 20
611.7709981748399
 10
-163.1141267981606
 20
611.8435166864607
 10
-163.1589677265157
 20
611.9475779125985
 10
-163.2032410481816
 20
612.0522067454277
 10
-163.1938349944952
 20
612.1667957241852
 10
-163.1329524199811
 20
612.2631131733674
 10
-160.4205492600956
 20
616.5426243411316
 10
-158.9575024783547
 20
619.9065453777653
 10
-158.5738949583582
 20
620.835406693841
 10
-158.5096878303859
 20
620.9909579552515
 10
-158.338081408371
 20
621.0762070740178
 10
-158.1747863700009
 20
621.0335825146353
 10
-158.1747863700009
 20
621.0335825146353
 10
-145.6196778062614
 20
617.7454910286361
 10
-145.6196778062614
 20
617.7454910286361
 10
-145.4674510983097
 20
617.7056234160228
 10
-145.3633898721694
 20
617.5672354997031
 10
-145.366700911183
 20
617.409481383765
 10
-145.413758208511
 20
615.1183234730692
 10
-145.9374159215561
 20
610.2027819824722
 10
-146.0968458286686
 20
608.7508170455923
 97
        0
 97
        0
 92
        1
 93
        1
 72
     4
 94
        3
 73
     0
 74
     1
 95
       38
 96
       34
 40
0.0
 40
0.0
 40
0.0
 40
0.0
 40
1.0
 40
1.0
 40
1.0
 40
2.0
 40
2.0
 40
2.0
 40
3.0
 40
3.0
 40
3.0
 40
4.0
 40
4.0
 40
4.0
 40
5.0
 40
5.0
 40
5.0
 40
6.0
 40
6.0
 40
6.0
 40
7.0
 40
7.0
 40
7.0
 40
8.0
 40
8.0
 40
8.0
 40
9.0
 40
9.0
 40
9.0
 40
10.0
 40
10.0
 40
10.0
 40
11.0
 40
11.0
 40
11.0
 40
11.0
 10
-136.4639386682675
 20
581.8122306603976
 10
-136.4650468527537
 20
581.8100142914257
 10
-136.466695615038
 20
581.8072505874343
 10
-136.4727906297121
 20
581.8072505874343
 10
-136.6327611146226
 20
581.8089061069402
 10
-137.0540198782588
 20
581.813338844886
 10
-137.5184437790744
 20
581.813338844886
 10
-137.5250928859919
 20
581.813338844886
 10
-137.5300797161796
 20
581.8183256750733
 10
-137.5300797161796
 20
581.8249612675444
 10
-137.5300797161796
 20
581.8249612675444
 10
-137.5300797161796
 20
582.832422595469
 10
-137.5300797161796
 20
582.832422595469
 10
-137.5300797161796
 20
582.8368553334129
 10
-137.5278633472069
 20
582.8396257946287
 10
-137.5262010704774
 20
582.8412880713581
 10
-137.5245387937491
 20
582.8423962558434
 10
-137.5223224247765
 20
582.8440517753504
 10
-137.5189978713178
 20
582.8440517753504
 10
-137.5178896868323
 20
582.8440517753504
 10
-137.5173491090338
 20
582.8440517753504
 10
-137.5162409245473
 20
582.843497683108
 10
-137.5162409245473
 20
582.843497683108
 10
-136.7650675307146
 20
582.7006837860671
 10
-136.7650675307146
 20
582.7006837860671
 10
-136.7611888850125
 20
582.6995756015781
 10
-136.7578643315544
 20
582.6968051403636
 10
-136.7562155692701
 20
582.6929332518855
 10
-136.7562155692701
 20
582.6929332518855
 10
-136.4622763915389
 20
581.8227448985724
 10
-136.4622763915389
 20
581.8227448985724
 10
-136.4606141148091
 20
581.817771582828
 10
-136.4622763915389
 20
581.8138929371285
 10
-136.4639386682675
 20
581.8122306603976
 97
        0
 97
        0
 92
        1
 93
        1
 72
     4
 94
        3
 73
     0
 74
     1
 95
       35
 96
       31
 40
0.0
 40
0.0
 40
0.0
 40
0.0
 40
1.0
 40
1.0
 40
1.0
 40
2.0
 40
2.0
 40
2.0
 40
3.0
 40
3.0
 40
3.0
 40
4.0
 40
4.0
 40
4.0
 40
5.0
 40
5.0
 40
5.0
 40
6.0
 40
6.0
 40
6.0
 40
7.0
 40
7.0
 40
7.0
 40
8.0
 40
8.0
 40
8.0
 40
9.0
 40
9.0
 40
9.0
 40
10.0
 40
10.0
 40
10.0
 40
10.0
 10
-135.6574101079063
 20
581.7430367022387
 10
-135.658518292393
 20
581.7413744255073
 10
-135.6618428458515
 20
581.7386107215166
 10
-135.6679243460801
 20
581.7397121487777
 10
-135.6679243460801
 20
581.7397121487777
 10
-136.0083667288952
 20
581.8017164222248
 10
-136.0083667288952
 20
581.8017164222248
 10
-136.0127859523952
 20
581.8028246067122
 10
-136.0161105058543
 20
581.8061424029456
 10
-136.0177727825832
 20
581.8100142914257
 10
-136.0177727825832
 20
581.8100142914257
 10
-136.2010016272583
 20
582.4399631140279
 10
-136.2010016272583
 20
582.4399631140279
 10
-136.2026639039872
 20
582.4449364297717
 10
-136.2004475350153
 20
582.4482609832288
 10
-136.1993393505291
 20
582.4499232599596
 10
-136.1982311660427
 20
582.4521396289313
 10
-136.1949066125849
 20
582.454910090147
 10
-136.1899197823969
 20
582.454910090147
 10
-136.1899197823969
 20
582.454910090147
 10
-135.8616674289287
 20
582.454910090147
 10
-135.8616674289287
 20
582.454910090147
 10
-135.8566941131866
 20
582.454910090147
 10
-135.852261375242
 20
582.4515855366889
 10
-135.8505990985119
 20
582.4465987064993
 10
-135.8505990985119
 20
582.4465987064993
 10
-135.6546396466912
 20
581.7541050326533
 10
-135.6546396466912
 20
581.7541050326533
 10
-135.652977369962
 20
581.7485776246684
 10
-135.6557478311774
 20
581.7452530712103
 10
-135.6574101079063
 20
581.7430367022387
 97
        0
 97
        0
 92
        1
 93
        1
 72
     4
 94
        3
 73
     0
 74
     1
 95
       20
 96
       16
 40
0.0
 40
0.0
 40
0.0
 40
0.0
 40
1.0
 40
1.0
 40
1.0
 40
2.0
 40
2.0
 40
2.0
 40
3.0
 40
3.0
 40
3.0
 40
4.0
 40
4.0
 40
4.0
 40
5.0
 40
5.0
 40
5.0
 40
5.0
 10
-134.364307471451
 20
583.4446539807376
 10
-133.9347508386136
 20
582.7482884184142
 10
-133.9557928294061
 20
581.5360089200018
 10
-133.9629825141208
 20
581.3145882538855
 10
-133.9629825141208
 20
581.3145882538855
 10
-134.997026755269
 20
581.6256840194861
 10
-134.997026755269
 20
581.6256840194861
 10
-134.997026755269
 20
581.6256840194861
 10
-135.5981762956768
 20
583.2082863385064
 10
-135.5981762956768
 20
583.2082863385064
 10
-135.5981762956768
 20
583.2082863385064
 10
-135.3762015373212
 20
584.6624676443604
 10
-135.3762015373212
 20
584.6624676443604
 10
-135.241138174459
 20
584.542905349859
 10
-134.7684028899956
 20
584.09950992539
 10
-134.364307471451
 20
583.4446539807376
 97
        0
 97
        0
 92
        1
 93
        1
 72
     4
 94
        3
 73
     0
 74
     1
 95
       38
 96
       34
 40
0.0
 40
0.0
 40
0.0
 40
0.0
 40
1.0
 40
1.0
 40
1.0
 40
2.0
 40
2.0
 40
2.0
 40
3.0
 40
3.0
 40
3.0
 40
4.0
 40
4.0
 40
4.0
 40
5.0
 40
5.0
 40
5.0
 40
6.0
 40
6.0
 40
6.0
 40
7.0
 40
7.0
 40
7.0
 40
8.0
 40
8.0
 40
8.0
 40
9.0
 40
9.0
 40
9.0
 40
10.0
 40
10.0
 40
10.0
 40
11.0
 40
11.0
 40
11.0
 40
11.0
 10
-131.8218484568528
 20
612.2592345276646
 10
-131.8218484568528
 20
612.2592345276646
 10
-134.471706765494
 20
606.2089121232372
 10
-134.471706765494
 20
606.2089121232372
 10
-134.535913893466
 20
606.0633345222011
 10
-134.6947761938909
 20
605.9808558646537
 10
-134.8508815475453
 20
606.012952671416
 10
-134.8508815475453
 20
606.012952671416
 10
-144.3260345920083
 20
607.9564785145799
 10
-144.3260345920083
 20
607.9564785145799
 10
-144.5037225142524
 20
607.9930080592874
 10
-144.6210684397813
 20
608.1623981123316
 10
-144.5928367642738
 20
608.341748311303
 10
-144.1184527175274
 20
611.3591589793372
 10
-143.9750779710197
 20
615.2771992879409
 10
-143.9357779650946
 20
616.8216030282986
 10
-143.9330075038799
 20
616.9328674535998
 10
-143.8782064295944
 20
617.0325094562388
 10
-143.7852135338722
 20
617.0945002152413
 10
-143.7281960906144
 20
617.1327055511232
 10
-143.6634213559539
 20
617.1520717507393
 10
-143.5981060434946
 20
617.1520717507393
 10
-143.5565896685988
 20
617.1520717507393
 10
-143.5150732937025
 20
617.1443279737812
 10
-143.4746651032926
 20
617.1288269054204
 10
-143.4746651032926
 20
617.1288269054204
 10
-132.0106047095142
 20
612.7120360058207
 10
-132.0106047095142
 20
612.7120360058207
 10
-131.9231527362221
 20
612.6782769223277
 10
-131.8556210547904
 20
612.6124075176265
 10
-131.8196320878809
 20
612.526050214375
 10
-131.7836566354156
 20
612.4396929111248
 10
-131.784210727658
 20
612.3450377386724
 10
-131.8218484568528
 20
612.2592345276646
 97
        0
 97
        0
 75
     2
 76
     1
 98
        0
  0
SPLINE
  5
7F
330
1F
100
AcDbEntity
  8
Layer 1
370
     0
100
AcDbSpline
210
0.0
220
0.0
230
1.0
 70
    11
 71
     3
 72
   494
 73
   490
 74
     0
 42
0.0000000001
 43
0.0000000001
 12
1.0
 22
0.0
 32
0.0
 13
1.0
 23
0.0
 33
0.0
 40
0.0
 40
0.0
 40
0.0
 40
0.0
 40
1.0
 40
1.0
 40
1.0
 40
2.0
 40
2.0
 40
2.0
 40
3.0
 40
3.0
 40
3.0
 40
4.0
 40
4.0
 40
4.0
 40
5.0
 40
5.0
 40
5.0
 40
6.0
 40
6.0
 40
6.0
 40
7.0
 40
7.0
 40
7.0
 40
8.0
 40
8.0
 40
8.0
 40
9.0
 40
9.0
 40
9.0
 40
10.0
 40
10.0
 40
10.0
 40
11.0
 40
11.0
 40
11.0
 40
12.0
 40
12.0
 40
12.0
 40
13.0
 40
13.0
 40
13.0
 40
14.0
 40
14.0
 40
14.0
 40
15.0
 40
15.0
 40
15.0
 40
16.0
 40
16.0
 40
16.0
 40
17.0
 40
17.0
 40
17.0
 40
18.0
 40
18.0
 40
18.0
 40
19.0
 40
19.0
 40
19.0
 40
20.0
 40
20.0
 40
20.0
 40
21.0
 40
21.0
 40
21.0
 40
22.0
 40
22.0
 40
22.0
 40
23.0
 40
23.0
 40
23.0
 40
24.0
 40
24.0
 40
24.0
 40
25.0
 40
25.0
 40
25.0
 40
26.0
 40
26.0
 40
26.0
 40
27.0
 40
27.0
 40
27.0
 40
28.0
 40
28.0
 40
28.0
 40
29.0
 40
29.0
 40
29.0
 40
30.0
 40
30.0
 40
30.0
 40
31.0
 40
31.0
 40
31.0
 40
32.0
 40
32.0
 40
32.0
 40
33.0
 40
33.0
 40
33.0
 40
34.0
 40
34.0
 40
34.0
 40
35.0
 40
35.0
 40
35.0
 40
36.0
 40
36.0
 40
36.0
 40
37.0
 40
37.0
 40
37.0
 40
38.0
 40
38.0
 40
38.0
 40
39.0
 40
39.0
 40
39.0
 40
40.0
 40
40.0
 40
40.0
 40
41.0
 40
41.0
 40
41.0
 40
42.0
 40
42.0
 40
42.0
 40
43.0
 40
43.0
 40
43.0
 40
44.0
 40
44.0
 40
44.0
 40
45.0
 40
45.0
 40
45.0
 40
46.0
 40
46.0
 40
46.0
 40
47.0
 40
47.0
 40
47.0
 40
48.0
 40
48.0
 40
48.0
 40
49.0
 40
49.0
 40
49.0
 40
50.0
 40
50.0
 40
50.0
 40
51.0
 40
51.0
 40
51.0
 40
52.0
 40
52.0
 40
52.0
 40
53.0
 40
53.0
 40
53.0
 40
54.0
 40
54.0
 40
54.0
 40
55.0
 40
55.0
 40
55.0
 40
56.0
 40
56.0
 40
56.0
 40
57.0
 40
57.0
 40
57.0
 40
58.0
 40
58.0
 40
58.0
 40
59.0
 40
59.0
 40
59.0
 40
60.0
 40
60.0
 40
60.0
 40
61.0
 40
61.0
 40
61.0
 40
62.0
 40
62.0
 40
62.0
 40
63.0
 40
63.0
 40
63.0
 40
64.0
 40
64.0
 40
64.0
 40
65.0
 40
65.0
 40
65.0
 40
66.0
 40
66.0
 40
66.0
 40
67.0
 40
67.0
 40
67.0
 40
68.0
 40
68.0
 40
68.0
 40
69.0
 40
69.0
 40
69.0
 40
70.0
 40
70.0
 40
70.0
 40
71.0
 40
71.0
 40
71.0
 40
72.0
 40
72.0
 40
72.0
 40
73.0
 40
73.0
 40
73.0
 40
74.0
 40
74.0
 40
74.0
 40
75.0
 40
75.0
 40
75.0
 40
76.0
 40
76.0
 40
76.0
 40
77.0
 40
77.0
 40
77.0
 40
78.0
 40
78.0
 40
78.0
 40
79.0
 40
79.0
 40
79.0
 40
80.0
 40
80.0
 40
80.0
 40
81.0
 40
81.0
 40
81.0
 40
82.0
 40
82.0
 40
82.0
 40
83.0
 40
83.0
 40
83.0
 40
84.0
 40
84.0
 40
84.0
 40
85.0
 40
85.0
 40
85.0
 40
86.0
 40
86.0
 40
86.0
 40
87.0
 40
87.0
 40
87.0
 40
88.0
 40
88.0
 40
88.0
 40
89.0
 40
89.0
 40
89.0
 40
90.0
 40
90.0
 40
90.0
 40
91.0
 40
91.0
 40
91.0
 40
92.0
 40
92.0
 40
92.0
 40
93.0
 40
93.0
 40
93.0
 40
94.0
 40
94.0
 40
94.0
 40
95.0
 40
95.0
 40
95.0
 40
96.0
 40
96.0
 40
96.0
 40
97.0
 40
97.0
 40
97.0
 40
98.0
 40
98.0
 40
98.0
 40
99.0
 40
99.0
 40
99.0
 40
100.0
 40
100.0
 40
100.0
 40
101.0
 40
101.0
 40
101.0
 40
102.0
 40
102.0
 40
102.0
 40
103.0
 40
103.0
 40
103.0
 40
104.0
 40
104.0
 40
104.0
 40
105.0
 40
105.0
 40
105.0
 40
106.0
 40
106.0
 40
106.0
 40
107.0
 40
107.0
 40
107.0
 40
108.0
 40
108.0
 40
108.0
 40
109.0
 40
109.0
 40
109.0
 40
110.0
 40
110.0
 40
110.0
 40
111.0
 40
111.0
 40
111.0
 40
112.0
 40
112.0
 40
112.0
 40
113.0
 40
113.0
 40
113.0
 40
114.0
 40
114.0
 40
114.0
 40
115.0
 40
115.0
 40
115.0
 40
116.0
 40
116.0
 40
116.0
 40
117.0
 40
117.0
 40
117.0
 40
118.0
 40
118.0
 40
118.0
 40
119.0
 40
119.0
 40
119.0
 40
120.0
 40
120.0
 40
120.0
 40
121.0
 40
121.0
 40
121.0
 40
122.0
 40
122.0
 40
122.0
 40
123.0
 40
123.0
 40
123.0
 40
124.0
 40
124.0
 40
124.0
 40
125.0
 40
125.0
 40
125.0
 40
126.0
 40
126.0
 40
126.0
 40
127.0
 40
127.0
 40
127.0
 40
128.0
 40
128.0
 40
128.0
 40
129.0
 40
129.0
 40
129.0
 40
130.0
 40
130.0
 40
130.0
 40
131.0
 40
131.0
 40
131.0
 40
132.0
 40
132.0
 40
132.0
 40
133.0
 40
133.0
 40
133.0
 40
134.0
 40
134.0
 40
134.0
 40
135.0
 40
135.0
 40
135.0
 40
136.0
 40
136.0
 40
136.0
 40
137.0
 40
137.0
 40
137.0
 40
138.0
 40
138.0
 40
138.0
 40
139.0
 40
139.0
 40
139.0
 40
140.0
 40
140.0
 40
140.0
 40
141.0
 40
141.0
 40
141.0
 40
142.0
 40
142.0
 40
142.0
 40
143.0
 40
143.0
 40
143.0
 40
144.0
 40
144.0
 40
144.0
 40
145.0
 40
145.0
 40
145.0
 40
146.0
 40
146.0
 40
146.0
 40
147.0
 40
147.0
 40
147.0
 40
148.0
 40
148.0
 40
148.0
 40
149.0
 40
149.0
 40
149.0
 40
150.0
 40
150.0
 40
150.0
 40
151.0
 40
151.0
 40
151.0
 40
152.0
 40
152.0
 40
152.0
 40
153.0
 40
153.0
 40
153.0
 40
154.0
 40
154.0
 40
154.0
 40
155.0
 40
155.0
 40
155.0
 40
156.0
 40
156.0
 40
156.0
 40
157.0
 40
157.0
 40
157.0
 40
158.0
 40
158.0
 40
158.0
 40
159.0
 40
159.0
 40
159.0
 40
160.0
 40
160.0
 40
160.0
 40
161.0
 40
161.0
 40
161.0
 40
162.0
 40
162.0
 40
162.0
 40
163.0
 40
163.0
 40
163.0
 40
163.0
 10
-49.82550667151112
 20
537.1275912594921
 30
0.0
 10
-49.82550667151112
 20
537.1275912594921
 30
0.0
 10
-50.0287269571911
 20
537.9638529194649
 30
0.0
 10
-50.0287269571911
 20
537.9638529194649
 30
0.0
 10
-50.06443574378803
 20
538.1105874605936
 30
0.0
 10
-50.1774072328914
 20
538.223558949695
 30
0.0
 10
-50.32349187489756
 20
538.2599215982159
 30
0.0
 10
-50.4702264160265
 20
538.2956184964156
 30
0.0
 10
-50.62280212366876
 20
538.2482234139922
 30
0.0
 10
-50.72214158237616
 20
538.1346020257648
 30
0.0
 10
-51.69214376380631
 20
537.032151195524
 30
0.0
 10
-52.61410096369119
 20
535.8517917264562
 30
0.0
 10
-53.46204099388847
 20
534.6253369732073
 30
0.0
 10
-54.27037680554686
 20
533.457293885087
 30
0.0
 10
-55.16246638534747
 20
532.0925374281195
 30
0.0
 10
-55.63123386777372
 20
530.5537823692331
 30
0.0
 10
-56.08701921892712
 20
530.6609206174223
 30
0.0
 10
-56.39931556177011
 20
530.7011668094867
 30
0.0
 10
-56.52137771300298
 20
530.7141489407561
 30
0.0
 10
-56.92262305417605
 20
531.4705522645284
 30
0.0
 10
-58.79315557841353
 20
531.9471185364354
 30
0.0
 10
-61.94079139673565
 20
532.0951370246141
 30
0.0
 10
-66.23827709051902
 20
532.3827728659586
 30
0.0
 10
-76.97127789643979
 20
533.241099393733
 30
0.0
 10
-80.15852189610005
 20
533.4975559283481
 30
0.0
 10
-80.5721034322202
 20
533.5306690812522
 30
0.0
 10
-80.97269887427016
 20
533.6150767113178
 30
0.0
 10
-81.35836248767826
 20
533.7514128664702
 30
0.0
 10
-81.42069336154124
 20
533.7728436863482
 30
0.0
 10
-81.48237433628142
 20
533.7955743044722
 30
0.0
 10
-81.54340541189785
 20
533.8202387687688
 30
0.0
 10
-81.73883087089658
 20
533.8981474075988
 30
0.0
 10
-81.92971496162885
 20
533.989054028899
 30
0.0
 10
-82.116053721297
 20
534.0935768293962
 30
0.0
 10
-84.05151671589246
 20
535.1772122874512
 30
0.0
 10
-88.92684594926284
 20
537.8508814303593
 30
0.0
 10
-92.38743197235064
 20
539.2604333732546
 30
0.0
 10
-95.06630030824651
 20
540.3512018704713
 30
0.0
 10
-96.93098770317238
 20
541.1101889395383
 30
0.0
 10
-99.05213163271243
 20
541.5575414532822
 30
0.0
 10
-99.14562992490781
 20
541.5776566237164
 30
0.0
 10
-99.23912821710255
 20
541.5964878471007
 30
0.0
 10
-99.33391838194562
 20
541.6153190704845
 30
0.0
 10
-100.6123175114775
 20
541.8659423641855
 30
0.0
 10
-101.9991546874468
 20
542.0061779140791
 30
0.0
 10
-103.7197071377368
 20
542.0399409661051
 30
0.0
 10
-105.5752959449321
 20
542.0762877634282
 30
0.0
 10
-108.3418214065113
 20
541.8042495010462
 30
0.0
 10
-110.9914759842459
 20
541.4646851346126
 30
0.0
 10
-110.9914759842459
 20
541.4646851346126
 30
0.0
 10
-110.9914759842459
 20
541.7685526028476
 30
0.0
 10
-110.9914759842459
 20
541.7685526028476
 30
0.0
 10
-110.9914759842459
 20
541.9139714945318
 30
0.0
 10
-111.0538028953097
 20
542.0529230973772
 30
0.0
 10
-111.1628749896715
 20
542.1496629595915
 30
0.0
 10
-111.2719550096328
 20
542.2464028218052
 30
0.0
 10
-111.4173897525158
 20
542.2918482068575
 30
0.0
 10
-111.5621745962741
 20
542.2743167817196
 30
0.0
 10
-112.4023277253877
 20
542.1743432750849
 30
0.0
 10
-113.7599352919962
 20
541.8828080390009
 30
0.0
 10
-114.0605453390152
 20
541.0381293928182
 30
0.0
 10
-114.3903691441938
 20
540.9887687618303
 30
0.0
 10
-114.7098104145956
 20
540.940739631483
 30
0.0
 10
-115.0162695537249
 20
540.8933286978624
 30
0.0
 10
-115.9330235978231
 20
541.5854554131981
 30
0.0
 10
-117.3075206160437
 20
541.6250517061376
 30
0.0
 10
-118.1398749556755
 20
541.5705235845556
 30
0.0
 10
-118.3340045792263
 20
541.5581755012095
 30
0.0
 10
-118.5099608041166
 20
541.4692344284773
 30
0.0
 10
-118.6359223500904
 20
541.3205501899781
 30
0.0
 10
-118.7618759704653
 20
541.1712160523545
 30
0.0
 10
-118.8203034867885
 20
540.9822856217927
 30
0.0
 10
-118.8001803907577
 20
540.7875060991195
 30
0.0
 10
-118.8001803907577
 20
540.7875060991195
 30
0.0
 10
-118.7488938391938
 20
540.2875751611595
 30
0.0
 10
-118.7488938391938
 20
540.2875751611595
 30
0.0
 10
-123.5774699636678
 20
539.7532312720523
 30
0.0
 10
-132.3496973743721
 20
538.1677151786691
 30
0.0
 10
-141.7289781200263
 20
536.3296577966088
 30
0.0
 10
-141.7289781200263
 20
536.3296577966088
 30
0.0
 10
-141.7523507116751
 20
536.7588131348973
 30
0.0
 10
-141.7523507116751
 20
536.7588131348973
 30
0.0
 10
-141.7731237068303
 20
537.1386395445917
 30
0.0
 10
-141.9347900766027
 20
537.4937856387905
 30
0.0
 10
-142.2081360628295
 20
537.7580409628858
 30
0.0
 10
-142.2081360628295
 20
537.7580409628858
 30
0.0
 10
-148.2157797837263
 20
543.5644140954755
 30
0.0
 10
-148.2157797837263
 20
543.5644140954755
 30
0.0
 10
-148.2800643177601
 20
543.6267410065383
 30
0.0
 10
-148.3832952456099
 20
543.624791309168
 30
0.0
 10
-148.4449722575508
 20
543.560514700732
 30
0.0
 10
-148.507307094214
 20
543.4962380922987
 30
0.0
 10
-148.5060072959668
 20
543.3929992388504
 30
0.0
 10
-148.4410807884081
 20
543.3306723277873
 30
0.0
 10
-148.4410807884081
 20
543.3306723277873
 30
0.0
 10
-142.4340790410356
 20
537.5249490943214
 30
0.0
 10
-142.4340790410356
 20
537.5249490943214
 30
0.0
 10
-142.2198263214531
 20
537.317187440376
 30
0.0
 10
-142.0925649772324
 20
537.0393000858834
 30
0.0
 10
-142.0763333503427
 20
536.7412817097611
 30
0.0
 10
-142.0763333503427
 20
536.7412817097611
 30
0.0
 10
-142.0510110613232
 20
536.2666651352221
 30
0.0
 10
-142.0510110613232
 20
536.2666651352221
 30
0.0
 10
-149.0780057062425
 20
534.8869768496137
 30
0.0
 10
-156.4237996480387
 20
533.3709524088507
 30
0.0
 10
-162.6898575265208
 20
532.0522912360567
 30
0.0
 10
-162.6898575265208
 20
532.0522912360567
 30
0.0
 10
-162.767116266227
 20
533.4819742005832
 30
0.0
 10
-162.767116266227
 20
533.4819742005832
 30
0.0
 10
-162.787881335783
 20
533.8617847590789
 30
0.0
 10
-162.9495635567531
 20
534.2169467044747
 30
0.0
 10
-163.2235515165044
 20
534.4811861773753
 30
0.0
 10
-163.2235515165044
 20
534.4811861773753
 30
0.0
 10
-169.2305532638776
 20
540.2875751611595
 30
0.0
 10
-169.2305532638776
 20
540.2875751611595
 30
0.0
 10
-169.2948298723119
 20
540.3499020722231
 30
0.0
 10
-169.3980528745626
 20
540.3479523748525
 30
0.0
 10
-169.4603797856266
 20
540.2836757664185
 30
0.0
 10
-169.5227225478893
 20
540.2187492588614
 30
0.0
 10
-169.5207728505183
 20
540.1161603045342
 30
0.0
 10
-169.456496242084
 20
540.0538333934709
 30
0.0
 10
-169.456496242084
 20
540.0538333934709
 30
0.0
 10
-163.4488445955871
 20
534.2481101600085
 30
0.0
 10
-163.4488445955871
 20
534.2481101600085
 30
0.0
 10
-163.2345839504063
 20
534.040332654863
 30
0.0
 10
-163.1073305317842
 20
533.7624611515675
 30
0.0
 10
-163.0917488040174
 20
533.464442775446
 30
0.0
 10
-163.0917488040174
 20
533.464442775446
 30
0.0
 10
-163.0118904678171
 20
531.9847651320058
 30
0.0
 10
-163.0118904678171
 20
531.9847651320058
 30
0.0
 10
-168.4657171026991
 20
530.8355691184663
 30
0.0
 10
-173.0741993410783
 20
529.8428402817092
 30
0.0
 10
-175.8972026216094
 20
529.230587753774
 30
0.0
 10
-178.0748402213006
 20
528.7579208766056
 30
0.0
 10
-180.380381138738
 20
529.4682130650026
 30
0.0
 10
-181.914586903761
 20
531.0842427147944
 30
0.0
 10
-181.914586903761
 20
531.0842427147944
 30
0.0
 10
-201.9268830603031
 20
552.1574278600725
 30
0.0
 10
-201.9268830603031
 20
552.1574278600725
 30
0.0
 10
-202.4008497357168
 20
552.6567247501049
 30
0.0
 10
-203.0085688209888
 20
552.9858907305638
 30
0.0
 10
-203.6837981591137
 20
553.1105604038879
 30
0.0
 10
-203.6837981591137
 20
553.1105604038879
 30
0.0
 10
-203.6837981591137
 20
554.4162235942127
 30
0.0
 10
-203.6837981591137
 20
554.4162235942127
 30
0.0
 10
-203.6837981591137
 20
554.5480263066979
 30
0.0
 10
-203.7909364073029
 20
554.6551645548877
 30
0.0
 10
-203.9227232685917
 20
554.6551645548877
 30
0.0
 10
-203.9227232685917
 20
554.6551645548877
 30
0.0
 10
-204.2947508888036
 20
554.6551645548877
 30
0.0
 10
-204.2947508888036
 20
554.6551645548877
 30
0.0
 10
-204.2947508888036
 20
554.6551645548877
 30
0.0
 10
-204.2947508888036
 20
555.7608490295493
 30
0.0
 10
-204.2947508888036
 20
555.7608490295493
 30
0.0
 10
-204.2947508888036
 20
555.9387628774078
 30
0.0
 10
-204.3642266902266
 20
556.1062624880943
 30
0.0
 10
-204.4901961617999
 20
556.2315662093455
 30
0.0
 10
-204.6154998830517
 20
556.3575356809175
 30
0.0
 10
-204.7829994937367
 20
556.4269956311429
 30
0.0
 10
-204.9615473895222
 20
556.4269956311429
 30
0.0
 10
-205.3290415670675
 20
556.4269956311429
 30
0.0
 10
-205.627693991116
 20
556.128343207094
 30
0.0
 10
-205.627693991116
 20
555.7608490295493
 30
0.0
 10
-205.627693991116
 20
555.7608490295493
 30
0.0
 10
-205.627693991116
 20
554.6551645548877
 30
0.0
 10
-205.627693991116
 20
554.6551645548877
 30
0.0
 10
-205.627693991116
 20
554.6551645548877
 30
0.0
 10
-206.0003715104517
 20
554.6551645548877
 30
0.0
 10
-206.0003715104517
 20
554.6551645548877
 30
0.0
 10
-206.1315243238144
 20
554.6551645548877
 30
0.0
 10
-206.2386625720049
 20
554.5480263066979
 30
0.0
 10
-206.2386625720049
 20
554.4162235942127
 30
0.0
 10
-206.2386625720049
 20
554.4162235942127
 30
0.0
 10
-206.2386625720049
 20
552.809292532147
 30
0.0
 10
-206.2386625720049
 20
552.809292532147
 30
0.0
 10
-206.2386625720049
 20
552.809292532147
 30
0.0
 10
-214.4654978085021
 20
550.9887507240278
 30
0.0
 10
-214.4654978085021
 20
550.9887507240278
 30
0.0
 10
-214.607033156643
 20
550.9575872684962
 30
0.0
 10
-214.7440350621185
 20
550.9082424887022
 30
0.0
 10
-214.8732381781105
 20
550.8420320340933
 30
0.0
 10
-215.0043909914742
 20
550.7751399779676
 30
0.0
 10
-215.1244955197376
 20
550.6926978964729
 30
0.0
 10
-215.2309838688041
 20
550.5978918804292
 30
0.0
 10
-215.3049931128928
 20
550.5316655746249
 30
0.0
 10
-215.3588871865496
 20
550.4485735940045
 30
0.0
 10
-215.3887508438352
 20
550.3570170735819
 30
0.0
 10
-215.3887508438352
 20
550.3570170735819
 30
0.0
 10
-215.3887508438352
 20
550.3563671744572
 30
0.0
 10
-215.3887508438352
 20
550.3563671744572
 30
0.0
 10
-215.3887508438352
 20
550.3563671744572
 30
0.0
 10
-219.4440579697226
 20
549.7798273959163
 30
0.0
 10
-219.4440579697226
 20
549.7798273959163
 30
0.0
 10
-219.5323649945294
 20
549.7674951637686
 30
0.0
 10
-219.59404200647
 20
549.6850372310755
 30
0.0
 10
-219.5817097743209
 20
549.5967302062668
 30
0.0
 10
-219.5700115900985
 20
549.5155720718196
 30
0.0
 10
-219.5005516398735
 20
549.4571445554978
 30
0.0
 10
-219.4213273515983
 20
549.4571445554978
 30
0.0
 10
-219.4135444133148
 20
549.4571445554978
 30
0.0
 10
-219.4057614750304
 20
549.4577944546219
 30
0.0
 10
-219.3979626855482
 20
549.4584443537431
 30
0.0
 10
-219.3979626855482
 20
549.4584443537431
 30
0.0
 10
-215.3933001376996
 20
550.0278510931233
 30
0.0
 10
-215.3933001376996
 20
550.0278510931233
 30
0.0
 10
-215.3491545508949
 20
549.8791668546247
 30
0.0
 10
-215.2446158991997
 20
549.7551470804224
 30
0.0
 10
-215.1030805510582
 20
549.6869869284432
 30
0.0
 10
-215.1030805510582
 20
549.6869869284432
 30
0.0
 10
-215.0771004373161
 20
549.6746388450971
 30
0.0
 10
-215.0771004373161
 20
549.6746388450971
 30
0.0
 10
-214.7213044439935
 20
549.5045396379184
 30
0.0
 10
-214.4499160807359
 20
549.207171160918
 30
0.0
 10
-214.3122642761379
 20
548.8383930363249
 30
0.0
 10
-214.3122642761379
 20
548.8383930363249
 30
0.0
 10
-204.8407929621347
 20
523.4397963489522
 30
0.0
 10
-204.8407929621347
 20
523.4397963489522
 30
0.0
 10
-205.2608655638922
 20
522.7924809707417
 30
0.0
 10
-205.5828985051889
 20
521.6770321580308
 30
0.0
 10
-205.6582075475245
 20
521.4036940974022
 30
0.0
 10
-205.6582075475245
 20
521.4036940974022
 30
0.0
 10
-227.9195668025511
 20
517.3055253317576
 30
0.0
 10
-227.9195668025511
 20
517.3055253317576
 30
0.0
 10
-227.9195668025511
 20
517.3055253317576
 30
0.0
 10
-227.5131262311902
 20
517.1925696938523
 30
0.0
 10
-227.5131262311902
 20
517.1925696938523
 30
0.0
 10
-227.449499521879
 20
517.1743883695933
 30
0.0
 10
-221.0224251727483
 20
515.4155235734128
 30
0.0
 10
-210.3777274288347
 20
515.355146359718
 30
0.0
 10
-210.3777274288347
 20
515.355146359718
 30
0.0
 10
-210.3653793454883
 20
515.355146359718
 30
0.0
 10
-210.3653793454883
 20
515.355146359718
 30
0.0
 10
-210.3653793454883
 20
515.355146359718
 30
0.0
 10
-204.2564543941114
 20
516.825075516308
 30
0.0
 10
-204.2564543941114
 20
516.825075516308
 30
0.0
 10
-204.0889389322281
 20
516.8653375595701
 30
0.0
 10
-203.9123407338141
 20
516.8244256171839
 30
0.0
 10
-203.782487718698
 20
516.7160034219465
 30
0.0
 10
-203.3052873988645
 20
516.3166958897431
 30
0.0
 10
-201.7496349627654
 20
515.5817392370492
 30
0.0
 10
-196.6970497062569
 20
515.1493185519445
 30
0.0
 10
-196.649654623836
 20
515.1454350084016
 30
0.0
 10
-196.6022595414138
 20
515.1408857145369
 30
0.0
 10
-196.5542145598695
 20
515.136986319796
 30
0.0
 10
-196.5542145598695
 20
515.136986319796
 30
0.0
 10
-197.1268707948672
 20
514.2728106999105
 30
0.0
 10
-197.1268707948672
 20
514.2728106999105
 30
0.0
 10
-197.3846271277292
 20
513.8839015536868
 30
0.0
 10
-197.2885371646389
 20
513.3677389888373
 30
0.0
 10
-196.9080608558208
 20
513.098300322951
 30
0.0
 10
-196.7587425693958
 20
512.9918119738849
 30
0.0
 10
-196.5847281162776
 20
512.9385836505488
 30
0.0
 10
-196.4107295143574
 20
512.9385836505488
 30
0.0
 10
-196.2295820220788
 20
512.9385836505488
 30
0.0
 10
-196.0484503809976
 20
512.9963612677473
 30
0.0
 10
-195.8958667477568
 20
513.1112824542229
 30
0.0
 10
-195.8958667477568
 20
513.1112824542229
 30
0.0
 10
-193.551363585306
 20
514.8694973512793
 30
0.0
 10
-193.551363585306
 20
514.8694973512793
 30
0.0
 10
-190.8283496626064
 20
514.6214736540724
 30
0.0
 10
-187.6268197706285
 20
514.315672339667
 30
0.0
 10
-184.2947869644093
 20
513.9981728410351
 30
0.0
 10
-178.8188954617248
 20
513.4755271361513
 30
0.0
 10
-173.1566572737729
 20
512.935334154933
 30
0.0
 10
-169.1682105016152
 20
512.6061523232773
 30
0.0
 10
-162.546372481009
 20
512.0588263028967
 30
0.0
 10
-150.0616518064658
 20
510.8596356104416
 30
0.0
 10
-147.6652042677298
 20
510.6284934392484
 30
0.0
 10
-147.6652042677298
 20
510.6284934392484
 30
0.0
 10
-154.4688555309364
 20
507.9379427703284
 30
0.0
 10
-154.4688555309364
 20
507.9379427703284
 30
0.0
 10
-154.4688555309364
 20
507.9379427703284
 30
0.0
 10
-140.585623273
 20
507.7463968920731
 30
0.0
 10
-140.585623273
 20
507.7463968920731
 30
0.0
 10
-140.585623273
 20
507.7463968920731
 30
0.0
 10
-139.3052665204987
 20
505.4207408042024
 30
0.0
 10
-139.3052665204987
 20
505.4207408042024
 30
0.0
 10
-139.2007437200012
 20
505.2304947241968
 30
0.0
 10
-138.97739241269
 20
505.1389540549699
 30
0.0
 10
-138.7696228331441
 20
505.2012809660352
 30
0.0
 10
-138.7696228331441
 20
505.2012809660352
 30
0.0
 10
-138.2145059488815
 20
505.3661968314228
 30
0.0
 10
-138.2145059488815
 20
505.3661968314228
 30
0.0
 10
-137.9405179891294
 20
505.4480048649937
 30
0.0
 10
-137.8061236057484
 20
505.7570556750175
 30
0.0
 10
-137.9333770243705
 20
506.0135122096352
 30
0.0
 10
-137.9333770243705
 20
506.0135122096352
 30
0.0
 10
-138.7813130917686
 20
507.7217324277768
 30
0.0
 10
-138.7813130917686
 20
507.7217324277768
 30
0.0
 10
-138.7813130917686
 20
507.7217324277768
 30
0.0
 10
-134.0676502281684
 20
507.6568059202161
 30
0.0
 10
-134.0676502281684
 20
507.6568059202161
 30
0.0
 10
-134.0676502281684
 20
507.6568059202161
 30
0.0
 10
-133.7858634789349
 20
506.6251148384482
 30
0.0
 10
-133.7858634789349
 20
506.6251148384482
 30
0.0
 10
-133.7858634789349
 20
506.6251148384482
 30
0.0
 10
-130.4992919089666
 20
507.5328019972121
 30
0.0
 10
-130.4992919089666
 20
507.5328019972121
 30
0.0
 10
-130.4992919089666
 20
507.5328019972121
 30
0.0
 10
-117.7133112882819
 20
506.8361259880108
 30
0.0
 10
-117.7133112882819
 20
506.8361259880108
 30
0.0
 10
-117.7133112882819
 20
506.8361259880108
 30
0.0
 10
-117.7133112882819
 20
505.2246614832836
 30
0.0
 10
-117.7133112882819
 20
505.2246614832836
 30
0.0
 10
-117.7133112882819
 20
505.2246614832836
 30
0.0
 10
-115.9083591335261
 20
504.0962305392994
 30
0.0
 10
-115.9083591335261
 20
504.0962305392994
 30
0.0
 10
-117.0705372783372
 20
503.8125099438933
 30
0.0
 10
-122.4198331871226
 20
502.5048812050011
 30
0.0
 10
-124.4851412712344
 20
501.9582050837453
 30
0.0
 10
-126.6796603969387
 20
501.3771160113394
 30
0.0
 10
-127.9957219732378
 20
500.9408117826945
 30
0.0
 10
-127.7639299029192
 20
499.7825171814247
 30
0.0
 10
-127.6191450591609
 20
499.0592428617551
 30
0.0
 10
-126.9166437346456
 20
498.4833371311397
 30
0.0
 10
-126.2485553612799
 20
498.0152195478366
 30
0.0
 10
-125.0870112643936
 20
497.2010386068659
 30
0.0
 10
-123.8365260947767
 20
496.9186098841072
 30
0.0
 10
-122.6555167265829
 20
496.6985080724137
 30
0.0
 10
-121.512161879556
 20
496.486197124604
 30
0.0
 10
-120.3551750021335
 20
496.2862263345405
 30
0.0
 10
-119.3604964680081
 20
496.1161192017623
 30
0.0
 10
-118.7047403267905
 20
496.0037976117811
 30
0.0
 10
-118.0600166194746
 20
495.8947255174202
 30
0.0
 10
-117.4341320611419
 20
495.7895369666007
 30
0.0
 10
-117.2834981252711
 20
493.2736347987241
 30
0.0
 10
-115.1889683573986
 20
491.2732452965712
 30
0.0
 10
-112.6360536418776
 20
491.2732452965712
 30
0.0
 10
-110.3012989662793
 20
491.2732452965712
 30
0.0
 10
-108.3496122703943
 20
492.9457527653165
 30
0.0
 10
-107.9178494100129
 20
495.1558536187855
 30
0.0
 10
-107.769165171513
 20
495.1766345395389
 30
0.0
 10
-107.6133478938528
 20
495.202598802084
 30
0.0
 10
-107.4484320284629
 20
495.2337622576155
 30
0.0
 10
-106.1765160389689
 20
495.4746449900645
 30
0.0
 10
-104.9175980319441
 20
495.8966672891914
 30
0.0
 10
-103.7067170808651
 20
496.4887967210987
 30
0.0
 10
-103.7067170808651
 20
496.4887967210987
 30
0.0
 10
-103.649581437191
 20
496.5160607818896
 30
0.0
 10
-103.649581437191
 20
496.5160607818896
 30
0.0
 10
-102.7484011952602
 20
496.9562644052777
 30
0.0
 10
-101.3868942339093
 20
497.6204613095
 30
0.0
 10
-101.5621926340773
 20
498.8177102301836
 30
0.0
 10
-101.8037252656479
 20
500.4668451072795
 30
0.0
 10
-103.3574121531783
 20
501.5400821793597
 30
0.0
 10
-104.6059476254256
 20
502.4023081018746
 30
0.0
 10
-106.4167488722932
 20
503.6534431706143
 30
0.0
 10
-109.7559226432706
 20
504.1449254199681
 30
0.0
 10
-111.0258810097958
 20
504.2923098602212
 30
0.0
 10
-111.0258810097958
 20
504.2923098602212
 30
0.0
 10
-111.0258810097958
 20
506.908201385928
 30
0.0
 10
-111.0258810097958
 20
506.908201385928
 30
0.0
 10
-109.8390304750893
 20
507.0218227741547
 30
0.0
 10
-97.14394855010626
 20
508.2391947908708
 30
0.0
 10
-92.97631190863915
 20
508.8176842667829
 30
0.0
 10
-88.64506712562881
 20
509.4195542599421
 30
0.0
 10
-81.45185681707342
 20
511.2374964715696
 30
0.0
 10
-79.92024272294562
 20
512.2945019167585
 30
0.0
 10
-79.6293692743809
 20
512.2451571369676
 30
0.0
 10
-77.95167053824662
 20
512.0101314222279
 30
0.0
 10
-76.57327808808364
 20
512.8457273318784
 30
0.0
 10
-76.57327808808364
 20
512.8457273318784
 30
0.0
 10
-76.57327808808364
 20
511.6770501958336
 30
0.0
 10
-76.57327808808364
 20
511.6770501958336
 30
0.0
 10
-76.57327808808364
 20
511.6770501958336
 30
0.0
 10
-75.93245377550959
 20
511.0368837079809
 30
0.0
 10
-75.93245377550959
 20
511.0368837079809
 30
0.0
 10
-75.85129564106248
 20
510.9557255735338
 30
0.0
 10
-75.7350786191409
 20
510.9329949554072
 30
0.0
 10
-75.62924809479739
 20
510.9764906430898
 30
0.0
 10
-75.52341757045356
 20
511.0206520810915
 30
0.0
 10
-75.45784116377172
 20
511.1186917415511
 30
0.0
 10
-75.45784116377172
 20
511.2336129280241
 30
0.0
 10
-75.45784116377172
 20
511.2336129280241
 30
0.0
 10
-75.45784116377172
 20
513.0924512308391
 30
0.0
 10
-75.45784116377172
 20
513.0924512308391
 30
0.0
 10
-75.45784116377172
 20
513.0924512308391
 30
0.0
 10
-72.66210590683181
 20
513.5066905916822
 30
0.0
 10
-72.66210590683181
 20
513.5066905916822
 30
0.0
 10
-72.66210590683181
 20
513.5066905916822
 30
0.0
 10
-72.66210590683181
 20
513.2171209041661
 30
0.0
 10
-72.66210590683181
 20
513.2171209041661
 30
0.0
 10
-72.66210590683181
 20
513.2171209041661
 30
0.0
 10
-75.40330511659097
 20
510.4914915337729
 30
0.0
 10
-75.40330511659097
 20
510.4914915337729
 30
0.0
 10
-75.40330511659097
 20
510.4914915337729
 30
0.0
 10
-72.9153208714277
 20
509.255304144874
 30
0.0
 10
-72.9153208714277
 20
509.255304144874
 30
0.0
 10
-73.13996405138724
 20
509.1202519367701
 30
0.0
 10
-73.61003529485929
 20
508.8702785421919
 30
0.0
 10
-74.15671537891508
 20
508.7657557416919
 30
0.0
 10
-74.76183090489285
 20
508.6488848578498
 30
0.0
 10
-80.76233762382999
 20
508.8533970161788
 30
0.0
 10
-83.31460244022719
 20
508.9469032339714
 30
0.0
 10
-83.60157253125013
 20
508.9579356678736
 30
0.0
 10
-83.86517795622399
 20
508.8073017320048
 30
0.0
 10
-84.00282183522374
 20
508.5547445921308
 30
0.0
 10
-84.14046571422287
 20
508.3021716010579
 30
0.0
 10
-84.12358418820975
 20
507.998969883145
 30
0.0
 10
-83.95866832282051
 20
507.7632942692838
 30
0.0
 10
-83.95866832282051
 20
507.7632942692838
 30
0.0
 10
-81.97256867578554
 20
504.918860168875
 30
0.0
 10
-81.97256867578554
 20
504.918860168875
 30
0.0
 10
-81.67974949265076
 20
504.5000715141663
 30
0.0
 10
-81.22201840692536
 20
504.2209002126268
 30
0.0
 10
-80.7168882759795
 20
504.1533741085737
 30
0.0
 10
-79.89297073655486
 20
504.0430022159641
 30
0.0
 10
-78.34642085098464
 20
503.7982280143733
 30
0.0
 10
-77.24202428617285
 20
503.3995703812968
 30
0.0
 10
-76.87908336529149
 20
503.2684175679325
 30
0.0
 10
-76.5460100644944
 20
503.1398643510626
 30
0.0
 10
-76.22397316039782
 20
503.0158604280576
 30
0.0
 10
-75.15398558393609
 20
502.6029208654608
 30
0.0
 10
-74.22294168472034
 20
502.2438753765217
 30
0.0
 10
-72.91921630336965
 20
502.0867583006152
 30
0.0
 10
-72.2673555940941
 20
500.3064785357539
 30
0.0
 10
-70.55588984313434
 20
499.0319629497659
 30
0.0
 10
-68.55225877096314
 20
499.0319629497659
 30
0.0
 10
-66.48759662317421
 20
499.0319629497659
 30
0.0
 10
-64.733281120858
 20
500.3856869728307
 30
0.0
 10
-64.1294653931274
 20
502.2516741660054
 30
0.0
 10
-63.83664620999231
 20
502.3776277863797
 30
0.0
 10
-63.53928169579246
 20
502.5178791874714
 30
0.0
 10
-63.24192114439219
 20
502.6710968686376
 30
0.0
 10
-63.18803103353465
 20
502.6990266797503
 30
0.0
 10
-63.13024549073643
 20
502.7282404379118
 30
0.0
 10
-63.06986431424342
 20
502.7587539943216
 30
0.0
 10
-62.29399175636343
 20
503.1502627370387
 30
0.0
 10
-61.12141918837576
 20
503.7417343442224
 30
0.0
 10
-61.42072943714696
 20
504.7773089695348
 30
0.0
 10
-61.61161352787987
 20
505.4382722293406
 30
0.0
 10
-62.09921223368919
 20
505.9421025620373
 30
0.0
 10
-62.57057931260885
 20
506.4284014696004
 30
0.0
 10
-62.57057931260885
 20
506.4284014696004
 30
0.0
 10
-62.68615039820593
 20
506.5485059978648
 30
0.0
 10
-62.68615039820593
 20
506.5485059978648
 30
0.0
 10
-63.57629028063625
 20
507.474358629691
 30
0.0
 10
-64.41514361150297
 20
508.1982986996826
 30
0.0
 10
-65.24944764850471
 20
508.7618563469513
 30
0.0
 10
-66.00259355105968
 20
509.2708700214403
 30
0.0
 10
-66.88559643152972
 20
509.6766606936785
 30
0.0
 10
-68.02765148030906
 20
510.0383057791151
 30
0.0
 10
-68.7197702700462
 20
510.2571157181605
 30
0.0
 10
-69.36319021631535
 20
510.4259151270914
 30
0.0
 10
-69.9910284348189
 20
510.5551340942828
 30
0.0
 10
-69.9910284348189
 20
510.5551340942828
 30
0.0
 10
-70.63250264651671
 20
513.9358459299707
 30
0.0
 10
-70.63250264651671
 20
513.9358459299707
 30
0.0
 10
-70.63250264651671
 20
513.9358459299707
 30
0.0
 10
-70.19230298592882
 20
514.0027221348994
 30
0.0
 10
-70.19230298592882
 20
514.0027221348994
 30
0.0
 10
-68.57498146348829
 20
514.2481462356142
 30
0.0
 10
-66.90312389386699
 20
514.5020031737344
 30
0.0
 10
-65.27476993752454
 20
514.8175529749944
 30
0.0
 10
-64.73977614929336
 20
514.9214417275674
 30
0.0
 10
-64.19114636786759
 20
515.0084331029261
 30
0.0
 10
-63.66069394790254
 20
515.092840732992
 30
0.0
 10
-63.13868625374283
 20
515.175948564812
 30
0.0
 10
-62.59849723532313
 20
515.2623058922472
 30
0.0
 10
-62.0693485764042
 20
515.3642290962497
 30
0.0
 10
-62.0693485764042
 20
515.3642290962497
 30
0.0
 10
-62.00377216972237
 20
515.3765613283978
 30
0.0
 10
-62.00377216972237
 20
515.3765613283978
 30
0.0
 10
-60.98247551112978
 20
515.5739404475677
 30
0.0
 10
-59.92677382698606
 20
515.7778185579718
 30
0.0
 10
-59.09831095649666
 20
516.4744787159723
 30
0.0
 10
-57.80432613639923
 20
517.5619977175718
 30
0.0
 10
-56.87068264069008
 20
519.0858209478157
 30
0.0
 10
-56.53565964252204
 20
520.6570392604846
 30
0.0
 10
-56.19804497345945
 20
522.2431894017938
 30
0.0
 10
-56.10130114844651
 20
523.3573384162573
 30
0.0
 10
-56.08052419049175
 20
523.6508074985164
 30
0.0
 10
-55.61954757194879
 20
523.7442978651127
 30
0.0
 10
-53.16402658056487
 20
524.3240871392697
 30
0.0
 10
-50.56761617736361
 20
526.5238054579628
 30
0.0
 10
-50.32284197577412
 20
526.7309172127868
 30
0.0
 10
-50.18974342783976
 20
527.0341189306997
 30
0.0
 10
-50.20077982454061
 20
527.3555019728719
 30
0.0
 10
-50.21182018404073
 20
527.6801345106618
 30
0.0
 10
-50.36829132362463
 20
527.9768530885374
 30
0.0
 10
-50.62994705122755
 20
528.1690330147183
 30
0.0
 10
-51.39283351503543
 20
528.7300069166922
 30
0.0
 10
-52.13039768982318
 20
529.1682608427087
 30
0.0
 10
-52.8114761200602
 20
529.511074704759
 30
0.0
 10
-52.8114761200602
 20
529.511074704759
 30
0.0
 10
-49.87614728675022
 20
536.4919740655037
 30
0.0
 10
-49.87614728675022
 20
536.4919740655037
 30
0.0
 10
-49.79239351860833
 20
536.6919369299686
 30
0.0
 10
-49.7742161571473
 20
536.9172300090517
 30
0.0
 10
-49.82550667151112
 20
537.1275912594921
 30
0.0
  0
SPLINE
  5
80
330
1F
100
AcDbEntity
  8
Layer 1
370
     0
100
AcDbSpline
210
0.0
220
0.0
230
1.0
 70
    11
 71
     3
 72
    38
 73
    34
 74
     0
 42
0.0000000001
 43
0.0000000001
 12
1.0
 22
0.0
 32
0.0
 13
1.0
 23
0.0
 33
0.0
 40
0.0
 40
0.0
 40
0.0
 40
0.0
 40
1.0
 40
1.0
 40
1.0
 40
2.0
 40
2.0
 40
2.0
 40
3.0
 40
3.0
 40
3.0
 40
4.0
 40
4.0
 40
4.0
 40
5.0
 40
5.0
 40
5.0
 40
6.0
 40
6.0
 40
6.0
 40
7.0
 40
7.0
 40
7.0
 40
8.0
 40
8.0
 40
8.0
 40
9.0
 40
9.0
 40
9.0
 40
10.0
 40
10.0
 40
10.0
 40
11.0
 40
11.0
 40
11.0
 40
11.0
 10
-114.5812571977267
 20
528.1580005808157
 30
0.0
 10
-114.7753868212775
 20
527.9353070982274
 30
0.0
 10
-115.0441835136399
 20
527.8022045874957
 30
0.0
 10
-115.3389523941453
 20
527.7827234649882
 30
0.0
 10
-115.3389523941453
 20
527.7827234649882
 30
0.0
 10
-123.806012538368
 20
527.2146165238548
 30
0.0
 10
-123.806012538368
 20
527.2146165238548
 30
0.0
 10
-124.2604980912748
 20
527.1847528665679
 30
0.0
 10
-124.6799207939089
 20
527.4301769672818
 30
0.0
 10
-124.8760001148297
 20
527.8411509813106
 30
0.0
 10
-124.8760001148297
 20
527.8411509813106
 30
0.0
 10
-127.1075317881771
 20
532.5145597272492
 30
0.0
 10
-127.1075317881771
 20
532.5145597272492
 30
0.0
 10
-127.2542663293073
 20
532.8210267919764
 30
0.0
 10
-127.2523166319364
 20
533.1722734914346
 30
0.0
 10
-127.10233259519
 20
533.4774249067185
 30
0.0
 10
-126.9523485584426
 20
533.7825921732001
 30
0.0
 10
-126.6751190286739
 20
533.9987866645531
 30
0.0
 10
-126.3426956269999
 20
534.0695622642223
 30
0.0
 10
-126.3426956269999
 20
534.0695622642223
 30
0.0
 10
-116.0687257050501
 20
536.2718643282121
 30
0.0
 10
-116.0687257050501
 20
536.2718643282121
 30
0.0
 10
-115.755125601161
 20
536.3387405331398
 30
0.0
 10
-115.4285433660009
 20
536.2666651352221
 30
0.0
 10
-115.1727367305095
 20
536.07383530992
 30
0.0
 10
-114.9162801958937
 20
535.8803555854927
 30
0.0
 10
-114.757213422617
 20
535.5862366041104
 30
0.0
 10
-114.7357826027392
 20
535.266153360184
 30
0.0
 10
-114.7357826027392
 20
535.266153360184
 30
0.0
 10
-114.311160707117
 20
528.9585494913923
 30
0.0
 10
-114.311160707117
 20
528.9585494913923
 30
0.0
 10
-114.2910376110856
 20
528.6644305100107
 30
0.0
 10
-114.3871275741759
 20
528.3800441642828
 30
0.0
 10
-114.5812571977267
 20
528.1580005808157
 30
0.0
  0
SPLINE
  5
81
330
1F
100
AcDbEntity
  8
Layer 1
370
     0
100
AcDbSpline
210
0.0
220
0.0
230
1.0
 70
    11
 71
     3
 72
    29
 73
    25
 74
     0
 42
0.0000000001
 43
0.0000000001
 12
1.0
 22
0.0
 32
0.0
 13
1.0
 23
0.0
 33
0.0
 40
0.0
 40
0.0
 40
0.0
 40
0.0
 40
1.0
 40
1.0
 40
1.0
 40
2.0
 40
2.0
 40
2.0
 40
3.0
 40
3.0
 40
3.0
 40
4.0
 40
4.0
 40
4.0
 40
5.0
 40
5.0
 40
5.0
 40
6.0
 40
6.0
 40
6.0
 40
7.0
 40
7.0
 40
7.0
 40
8.0
 40
8.0
 40
8.0
 40
8.0
 10
-90.79839691298056
 20
530.4312843100508
 30
0.0
 10
-90.79839691298056
 20
530.4312843100508
 30
0.0
 10
-98.418297698515
 20
541.0108811832284
 30
0.0
 10
-98.418297698515
 20
541.0108811832284
 30
0.0
 10
-96.60372386649159
 20
540.5562212671392
 30
0.0
 10
-94.86951560900813
 20
539.8500979438514
 30
0.0
 10
-92.54461245305077
 20
538.9034960936675
 30
0.0
 10
-92.54461245305077
 20
538.9034960936675
 30
0.0
 10
-92.53491944539155
 20
538.8995491453306
 30
0.0
 10
-92.53491944539155
 20
538.8995491453306
 30
0.0
 10
-89.09477354229804
 20
537.4982398254651
 30
0.0
 10
-84.23552534943411
 20
534.8339704430529
 30
0.0
 10
-82.3060580705335
 20
533.7535527782176
 30
0.0
 10
-82.18860465515809
 20
533.6877386035655
 30
0.0
 10
-82.06810384694141
 20
533.6262359548037
 30
0.0
 10
-81.94586733252812
 20
533.5696471774629
 30
0.0
 10
-83.32707733315907
 20
531.726660072784
 30
0.0
 10
-86.59247170242007
 20
530.3599222160485
 30
0.0
 10
-88.45646957022699
 20
529.697833521178
 30
0.0
 10
-88.67317922552016
 20
529.620764995849
 30
0.0
 10
-88.90028726678982
 20
529.5816759412505
 30
0.0
 10
-89.1314928427767
 20
529.5816759412505
 30
0.0
 10
-89.79150503069253
 20
529.5816759412505
 30
0.0
 10
-90.4146790341451
 20
529.8993339518622
 30
0.0
 10
-90.79839691298056
 20
530.4312843100508
 30
0.0
  0
SPLINE
  5
82
330
1F
100
AcDbEntity
  8
Layer 1
370
     0
100
AcDbSpline
210
0.0
220
0.0
230
1.0
 70
    11
 71
     3
 72
    11
 73
     7
 74
     0
 42
0.0000000001
 43
0.0000000001
 12
1.0
 22
0.0
 32
0.0
 13
1.0
 23
0.0
 33
0.0
 40
0.0
 40
0.0
 40
0.0
 40
0.0
 40
1.0
 40
1.0
 40
1.0
 40
2.0
 40
2.0
 40
2.0
 40
2.0
 10
-89.14909559830478
 20
529.3874195081133
 30
0.0
 10
-89.18186002484804
 20
529.3876731272844
 30
0.0
 10
-89.21457689779692
 20
529.3886400503695
 30
0.0
 10
-89.24723036595341
 20
529.3903202773726
 30
0.0
 10
-89.21457689779692
 20
529.3886400503695
 30
0.0
 10
-89.18186002484804
 20
529.3876731272844
 30
0.0
 10
-89.14909559830478
 20
529.3874195081133
 30
0.0
  0
SPLINE
  5
83
330
1F
100
AcDbEntity
  8
Layer 1
370
     0
100
AcDbSpline
210
0.0
220
0.0
230
1.0
 70
    11
 71
     3
 72
    11
 73
     7
 74
     0
 42
0.0000000001
 43
0.0000000001
 12
1.0
 22
0.0
 32
0.0
 13
1.0
 23
0.0
 33
0.0
 40
0.0
 40
0.0
 40
0.0
 40
0.0
 40
1.0
 40
1.0
 40
1.0
 40
2.0
 40
2.0
 40
2.0
 40
2.0
 10
-89.27084072557479
 20
529.391445712439
 30
0.0
 10
-89.30930365784761
 20
529.3938392433588
 30
0.0
 10
-89.34764770613484
 20
529.3972789533528
 30
0.0
 10
-89.38586494483665
 20
529.4016538840381
 30
0.0
 10
-89.34764770613484
 20
529.3972948045505
 30
0.0
 10
-89.30930365784761
 20
529.3938392433588
 30
0.0
 10
-89.27084072557479
 20
529.391445712439
 30
0.0
  0
SPLINE
  5
84
330
1F
100
AcDbEntity
  8
Layer 1
370
     0
100
AcDbSpline
210
0.0
220
0.0
230
1.0
 70
    11
 71
     3
 72
    11
 73
     7
 74
     0
 42
0.0000000001
 43
0.0000000001
 12
1.0
 22
0.0
 32
0.0
 13
1.0
 23
0.0
 33
0.0
 40
0.0
 40
0.0
 40
0.0
 40
0.0
 40
1.0
 40
1.0
 40
1.0
 40
2.0
 40
2.0
 40
2.0
 40
2.0
 10
-89.41265346968363
 20
529.4050618916363
 30
0.0
 10
-89.44468874111337
 20
529.4091197983603
 30
0.0
 10
-89.47658927735823
 20
529.4138276042047
 30
0.0
 10
-89.50837885521665
 20
529.4192487139672
 30
0.0
 10
-89.4765972029574
 20
529.413843455403
 30
0.0
 10
-89.4446728899144
 20
529.4091039471632
 30
0.0
 10
-89.41265346968363
 20
529.4050618916363
 30
0.0
  0
SPLINE
  5
85
330
1F
100
AcDbEntity
  8
Layer 1
370
     0
100
AcDbSpline
210
0.0
220
0.0
230
1.0
 70
    11
 71
     3
 72
    11
 73
     7
 74
     0
 42
0.0000000001
 43
0.0000000001
 12
1.0
 22
0.0
 32
0.0
 13
1.0
 23
0.0
 33
0.0
 40
0.0
 40
0.0
 40
0.0
 40
0.0
 40
1.0
 40
1.0
 40
1.0
 40
2.0
 40
2.0
 40
2.0
 40
2.0
 10
-89.53383587942041
 20
529.4235126862651
 30
0.0
 10
-89.57156173097991
 20
529.4303762550592
 30
0.0
 10
-89.60908151696394
 20
529.4381908957374
 30
0.0
 10
-89.64638731177268
 20
529.4469566083062
 30
0.0
 10
-89.60908151696394
 20
529.4381908957374
 30
0.0
 10
-89.57156173097991
 20
529.4303762550592
 30
0.0
 10
-89.53383587942041
 20
529.4235126862651
 30
0.0
  0
SPLINE
  5
86
330
1F
100
AcDbEntity
  8
Layer 1
370
     0
100
AcDbSpline
210
0.0
220
0.0
230
1.0
 70
    11
 71
     3
 72
    11
 73
     7
 74
     0
 42
0.0000000001
 43
0.0000000001
 12
1.0
 22
0.0
 32
0.0
 13
1.0
 23
0.0
 33
0.0
 40
0.0
 40
0.0
 40
0.0
 40
0.0
 40
1.0
 40
1.0
 40
1.0
 40
2.0
 40
2.0
 40
2.0
 40
2.0
 10
-89.67117066005615
 20
529.4531544267766
 30
0.0
 10
-89.70242922277706
 20
529.4608581090713
 30
0.0
 10
-89.73349757112018
 20
529.4692592440799
 30
0.0
 10
-89.76439948188302
 20
529.4782944270185
 30
0.0
 10
-89.73349757112018
 20
529.4692592440799
 30
0.0
 10
-89.70242922277706
 20
529.4608581090713
 30
0.0
 10
-89.67117066005615
 20
529.4531544267766
 30
0.0
  0
SPLINE
  5
87
330
1F
100
AcDbEntity
  8
Layer 1
370
     0
100
AcDbSpline
210
0.0
220
0.0
230
1.0
 70
    11
 71
     3
 72
    11
 73
     7
 74
     0
 42
0.0000000001
 43
0.0000000001
 12
1.0
 22
0.0
 32
0.0
 13
1.0
 23
0.0
 33
0.0
 40
0.0
 40
0.0
 40
0.0
 40
0.0
 40
1.0
 40
1.0
 40
1.0
 40
2.0
 40
2.0
 40
2.0
 40
2.0
 10
-89.79068076838998
 20
529.4859664069132
 30
0.0
 10
-89.82732081287662
 20
529.4971573527969
 30
0.0
 10
-89.86368346139689
 20
529.5092201145791
 30
0.0
 10
-89.8997290859546
 20
529.5222656506428
 30
0.0
 10
-89.86369138699638
 20
529.5092201145791
 30
0.0
 10
-89.82732081287662
 20
529.4971573527969
 30
0.0
 10
-89.79068076838998
 20
529.4859664069132
 30
0.0
  0
SPLINE
  5
88
330
1F
100
AcDbEntity
  8
Layer 1
370
     0
100
AcDbSpline
210
0.0
220
0.0
230
1.0
 70
    11
 71
     3
 72
    11
 73
     7
 74
     0
 42
0.0000000001
 43
0.0000000001
 12
1.0
 22
0.0
 32
0.0
 13
1.0
 23
0.0
 33
0.0
 40
0.0
 40
0.0
 40
0.0
 40
0.0
 40
1.0
 40
1.0
 40
1.0
 40
2.0
 40
2.0
 40
2.0
 40
2.0
 10
-89.92173847456426
 20
529.5306033808603
 30
0.0
 10
-89.95215692378363
 20
529.5419686899237
 30
0.0
 10
-89.98231382823367
 20
529.5540156005037
 30
0.0
 10
-90.01224089031201
 20
529.566680707814
 30
0.0
 10
-89.98231382823367
 20
529.5540156005037
 30
0.0
 10
-89.95214899818542
 20
529.5419686899237
 30
0.0
 10
-89.92173847456426
 20
529.5306033808603
 30
0.0
  0
SPLINE
  5
89
330
1F
100
AcDbEntity
  8
Layer 1
370
     0
100
AcDbSpline
210
0.0
220
0.0
230
1.0
 70
    11
 71
     3
 72
    11
 73
     7
 74
     0
 42
0.0000000001
 43
0.0000000001
 12
1.0
 22
0.0
 32
0.0
 13
1.0
 23
0.0
 33
0.0
 40
0.0
 40
0.0
 40
0.0
 40
0.0
 40
1.0
 40
1.0
 40
1.0
 40
2.0
 40
2.0
 40
2.0
 40
2.0
 10
-90.03844292082793
 20
529.5778082489053
 30
0.0
 10
-90.07363258068641
 20
529.5932473158862
 30
0.0
 10
-90.10848936538338
 20
529.6094472403798
 30
0.0
 10
-90.14288646533501
 20
529.6266616415542
 30
0.0
 10
-90.10848936538338
 20
529.6094472403798
 30
0.0
 10
-90.07363258068641
 20
529.5932314646885
 30
0.0
 10
-90.03844292082793
 20
529.5778082489053
 30
0.0
  0
SPLINE
  5
8A
330
1F
100
AcDbEntity
  8
Layer 1
370
     0
100
AcDbSpline
210
0.0
220
0.0
230
1.0
 70
    11
 71
     3
 72
    11
 73
     7
 74
     0
 42
0.0000000001
 43
0.0000000001
 12
1.0
 22
0.0
 32
0.0
 13
1.0
 23
0.0
 33
0.0
 40
0.0
 40
0.0
 40
0.0
 40
0.0
 40
1.0
 40
1.0
 40
1.0
 40
2.0
 40
2.0
 40
2.0
 40
2.0
 10
-90.16168598632207
 20
529.6364576820013
 30
0.0
 10
-90.19102655406903
 20
529.6514846178322
 30
0.0
 10
-90.22003424665448
 20
529.6671931551848
 30
0.0
 10
-90.24872491527802
 20
529.6835198892633
 30
0.0
 10
-90.22003424665448
 20
529.6671931551848
 30
0.0
 10
-90.19102655406903
 20
529.6514846178322
 30
0.0
 10
-90.16168598632207
 20
529.6364576820013
 30
0.0
  0
SPLINE
  5
8B
330
1F
100
AcDbEntity
  8
Layer 1
370
     0
100
AcDbSpline
210
0.0
220
0.0
230
1.0
 70
    11
 71
     3
 72
    11
 73
     7
 74
     0
 42
0.0000000001
 43
0.0000000001
 12
1.0
 22
0.0
 32
0.0
 13
1.0
 23
0.0
 33
0.0
 40
0.0
 40
0.0
 40
0.0
 40
0.0
 40
1.0
 40
1.0
 40
1.0
 40
2.0
 40
2.0
 40
2.0
 40
2.0
 10
-90.27443555865193
 20
529.6982139499326
 30
0.0
 10
-90.30776270272872
 20
529.7177584772315
 30
0.0
 10
-90.34070941805092
 20
529.7380004572492
 30
0.0
 10
-90.37305378784436
 20
529.7592727651455
 30
0.0
 10
-90.34070941805092
 20
529.7380004572492
 30
0.0
 10
-90.30776270272872
 20
529.7177584772315
 30
0.0
 10
-90.27443555865193
 20
529.6982139499326
 30
0.0
  0
SPLINE
  5
8C
330
1F
100
AcDbEntity
  8
Layer 1
370
     0
100
AcDbSpline
210
0.0
220
0.0
230
1.0
 70
    11
 71
     3
 72
    11
 73
     7
 74
     0
 42
0.0000000001
 43
0.0000000001
 12
1.0
 22
0.0
 32
0.0
 13
1.0
 23
0.0
 33
0.0
 40
0.0
 40
0.0
 40
0.0
 40
0.0
 40
1.0
 40
1.0
 40
1.0
 40
2.0
 40
2.0
 40
2.0
 40
2.0
 10
-90.38791428609467
 20
529.7694175319518
 30
0.0
 10
-90.41615319557108
 20
529.7883121601267
 30
0.0
 10
-90.44394827149988
 20
529.8079359434182
 30
0.0
 10
-90.47138669546995
 20
529.8281620722385
 30
0.0
 10
-90.44394827149988
 20
529.8079359434182
 30
0.0
 10
-90.41615319557108
 20
529.7883121601267
 30
0.0
 10
-90.38791428609467
 20
529.7694175319518
 30
0.0
  0
SPLINE
  5
8D
330
1F
100
AcDbEntity
  8
Layer 1
370
     0
100
AcDbSpline
210
0.0
220
0.0
230
1.0
 70
    11
 71
     3
 72
    11
 73
     7
 74
     0
 42
0.0000000001
 43
0.0000000001
 12
1.0
 22
0.0
 32
0.0
 13
1.0
 23
0.0
 33
0.0
 40
0.0
 40
0.0
 40
0.0
 40
0.0
 40
1.0
 40
1.0
 40
1.0
 40
2.0
 40
2.0
 40
2.0
 40
2.0
 10
-90.49549636783313
 20
529.8460739261302
 30
0.0
 10
-90.526643972166
 20
529.8696922113502
 30
0.0
 10
-90.5573794453492
 20
529.8939445444954
 30
0.0
 10
-90.58736991221896
 20
529.9192589079158
 30
0.0
 10
-90.5573794453492
 20
529.8939445444954
 30
0.0
 10
-90.526643972166
 20
529.8696922113502
 30
0.0
 10
-90.49549636783313
 20
529.8460739261302
 30
0.0
  0
SPLINE
  5
8E
330
1F
100
AcDbEntity
  8
Layer 1
370
     0
100
AcDbSpline
210
0.0
220
0.0
230
1.0
 70
    11
 71
     3
 72
    38
 73
    34
 74
     0
 42
0.0000000001
 43
0.0000000001
 12
1.0
 22
0.0
 32
0.0
 13
1.0
 23
0.0
 33
0.0
 40
0.0
 40
0.0
 40
0.0
 40
0.0
 40
1.0
 40
1.0
 40
1.0
 40
2.0
 40
2.0
 40
2.0
 40
3.0
 40
3.0
 40
3.0
 40
4.0
 40
4.0
 40
4.0
 40
5.0
 40
5.0
 40
5.0
 40
6.0
 40
6.0
 40
6.0
 40
7.0
 40
7.0
 40
7.0
 40
8.0
 40
8.0
 40
8.0
 40
9.0
 40
9.0
 40
9.0
 40
10.0
 40
10.0
 40
10.0
 40
11.0
 40
11.0
 40
11.0
 40
11.0
 10
-95.42469589806312
 20
529.9863253272216
 30
0.0
 10
-95.71686518207511
 20
529.4032865574445
 30
0.0
 10
-96.27977293022035
 20
529.0293092398632
 30
0.0
 10
-96.9303378040483
 20
528.9871133504295
 30
0.0
 10
-96.9303378040483
 20
528.9871133504295
 30
0.0
 10
-109.6844971444776
 20
528.149551892212
 30
0.0
 10
-109.6844971444776
 20
528.149551892212
 30
0.0
 10
-110.1948264684115
 20
528.1164545905064
 30
0.0
 10
-110.6830750733449
 20
528.2885034950563
 30
0.0
 10
-111.0589941626989
 20
528.6352009006491
 30
0.0
 10
-111.4355631511766
 20
528.981914157442
 30
0.0
 10
-111.6472241998633
 20
529.4545810346089
 30
0.0
 10
-111.6556728884695
 20
529.9655602576656
 30
0.0
 10
-111.6556728884695
 20
529.9655602576656
 30
0.0
 10
-111.7446139612008
 20
535.368742314509
 30
0.0
 10
-111.7446139612008
 20
535.368742314509
 30
0.0
 10
-111.7608455880904
 20
536.3497729670418
 30
0.0
 10
-111.0375712684203
 20
537.1691531009992
 30
0.0
 10
-110.0630237559251
 20
537.2749756997448
 30
0.0
 10
-110.0630237559251
 20
537.2749756997448
 30
0.0
 10
-101.8965657331216
 20
538.1618819377569
 30
0.0
 10
-101.8965657331216
 20
538.1618819377569
 30
0.0
 10
-101.7712620118692
 20
538.1755139681507
 30
0.0
 10
-101.6472422376665
 20
538.1819971081883
 30
0.0
 10
-101.5232383146619
 20
538.1819971081883
 30
0.0
 10
-100.3811753402827
 20
538.1819971081883
 30
0.0
 10
-99.31703685593283
 20
537.6112905705602
 30
0.0
 10
-98.68335350811735
 20
536.6380587075105
 30
0.0
 10
-98.68335350811735
 20
536.6380587075105
 30
0.0
 10
-95.52662702766636
 20
531.7906355084547
 30
0.0
 10
-95.52662702766636
 20
531.7906355084547
 30
0.0
 10
-95.17082310874399
 20
531.2439593871989
 30
0.0
 10
-95.13317651317489
 20
530.5693640969974
 30
0.0
 10
-95.42469589806312
 20
529.9863253272216
 30
0.0
  0
SPLINE
  5
8F
330
1F
100
AcDbEntity
  8
Layer 1
370
     0
100
AcDbSpline
210
0.0
220
0.0
230
1.0
 70
    11
 71
     3
 72
    11
 73
     7
 74
     0
 42
0.0000000001
 43
0.0000000001
 12
1.0
 22
0.0
 32
0.0
 13
1.0
 23
0.0
 33
0.0
 40
0.0
 40
0.0
 40
0.0
 40
0.0
 40
1.0
 40
1.0
 40
1.0
 40
2.0
 40
2.0
 40
2.0
 40
2.0
 10
-90.88219427191821
 20
530.2209230596097
 30
0.0
 10
-90.90762751932478
 20
530.2523876879064
 30
0.0
 10
-90.93257730518788
 20
530.2843754057421
 30
0.0
 10
-90.95644920957827
 20
530.3174568562482
 30
0.0
 10
-90.93258523078642
 20
530.2843754057421
 30
0.0
 10
-90.90762751932478
 20
530.2523876879064
 30
0.0
 10
-90.88219427191821
 20
530.2209230596097
 30
0.0
  0
SPLINE
  5
90
330
1F
100
AcDbEntity
  8
Layer 1
370
     0
100
AcDbSpline
210
0.0
220
0.0
230
1.0
 70
    11
 71
     3
 72
    11
 73
     7
 74
     0
 42
0.0000000001
 43
0.0000000001
 12
1.0
 22
0.0
 32
0.0
 13
1.0
 23
0.0
 33
0.0
 40
0.0
 40
0.0
 40
0.0
 40
0.0
 40
1.0
 40
1.0
 40
1.0
 40
2.0
 40
2.0
 40
2.0
 40
2.0
 10
-90.78789549421712
 20
530.1113595781053
 30
0.0
 10
-90.81346347680795
 20
530.1390833236425
 30
0.0
 10
-90.83823097389276
 20
530.16774228987
 30
0.0
 10
-90.86249915823576
 20
530.1969243456361
 30
0.0
 10
-90.83823097389276
 20
530.16774228987
 30
0.0
 10
-90.81346347680795
 20
530.1390833236425
 30
0.0
 10
-90.78789549421712
 20
530.1113595781053
 30
0.0
  0
SPLINE
  5
91
330
1F
100
AcDbEntity
  8
Layer 1
370
     0
100
AcDbSpline
210
0.0
220
0.0
230
1.0
 70
    11
 71
     3
 72
    11
 73
     7
 74
     0
 42
0.0000000001
 43
0.0000000001
 12
1.0
 22
0.0
 32
0.0
 13
1.0
 23
0.0
 33
0.0
 40
0.0
 40
0.0
 40
0.0
 40
0.0
 40
1.0
 40
1.0
 40
1.0
 40
2.0
 40
2.0
 40
2.0
 40
2.0
 10
-90.78277555721976
 20
530.1056214443802
 30
0.0
 10
-90.7556303804144
 20
530.0763601326248
 30
0.0
 10
-90.72756583411775
 20
530.0482084047386
 30
0.0
 10
-90.69905745427347
 20
530.0206273199842
 30
0.0
 10
-90.72756583411775
 20
530.0482084047386
 30
0.0
 10
-90.75562245481555
 20
530.0763601326248
 30
0.0
 10
-90.78277555721976
 20
530.1056214443802
 30
0.0
  0
SPLINE
  5
92
330
1F
100
AcDbEntity
  8
Layer 1
370
     0
100
AcDbSpline
210
0.0
220
0.0
230
1.0
 70
    11
 71
     3
 72
    11
 73
     7
 74
     0
 42
0.0000000001
 43
0.0000000001
 12
1.0
 22
0.0
 32
0.0
 13
1.0
 23
0.0
 33
0.0
 40
0.0
 40
0.0
 40
0.0
 40
0.0
 40
1.0
 40
1.0
 40
1.0
 40
2.0
 40
2.0
 40
2.0
 40
2.0
 10
-90.59741957183624
 20
529.9280721740786
 30
0.0
 10
-90.62446171585337
 20
529.95118322096
 30
0.0
 10
-90.65090943993997
 20
529.9751026789426
 30
0.0
 10
-90.67692918167792
 20
529.9995927800613
 30
0.0
 10
-90.65091736553914
 20
529.9751026789426
 30
0.0
 10
-90.62446171585337
 20
529.95118322096
 30
0.0
 10
-90.59741957183624
 20
529.9280721740786
 30
0.0
  0
SPLINE
  5
93
330
1F
100
AcDbEntity
  8
Layer 1
370
     0
100
AcDbSpline
210
0.0
220
0.0
230
1.0
 70
    11
 71
     3
 72
    11
 73
     7
 74
     0
 42
0.0000000001
 43
0.0000000001
 12
1.0
 22
0.0
 32
0.0
 13
1.0
 23
0.0
 33
0.0
 40
0.0
 40
0.0
 40
0.0
 40
0.0
 40
1.0
 40
1.0
 40
1.0
 40
2.0
 40
2.0
 40
2.0
 40
2.0
 10
-89.11767852360212
 20
529.3871817401422
 30
0.0
 10
-89.1014944503068
 20
529.3872926985273
 30
0.0
 10
-89.08528660021494
 20
529.3877523832742
 30
0.0
 10
-89.06908667572162
 20
529.3881962168238
 30
0.0
 10
-89.0852945258138
 20
529.3877523832742
 30
0.0
 10
-89.10147859910943
 20
529.3872926985273
 30
0.0
 10
-89.11767852360212
 20
529.3871817401422
 30
0.0
  0
SPLINE
  5
94
330
1F
100
AcDbEntity
  8
Layer 1
370
     0
100
AcDbSpline
210
0.0
220
0.0
230
1.0
 70
    11
 71
     3
 72
    11
 73
     7
 74
     0
 42
0.0000000001
 43
0.0000000001
 12
1.0
 22
0.0
 32
0.0
 13
1.0
 23
0.0
 33
0.0
 40
0.0
 40
0.0
 40
0.0
 40
0.0
 40
1.0
 40
1.0
 40
1.0
 40
2.0
 40
2.0
 40
2.0
 40
2.0
 10
-88.48061887058472
 20
529.4846824598657
 30
0.0
 10
-88.45069973410587
 20
529.4939078571807
 30
0.0
 10
-88.42088363041589
 20
529.5037514512193
 30
0.0
 10
-88.39120226190886
 20
529.5143083491772
 30
0.0
 10
-88.42088363041589
 20
529.5037514512193
 30
0.0
 10
-88.45069973410587
 20
529.4939078571807
 30
0.0
 10
-88.48061887058472
 20
529.4846824598657
 30
0.0
  0
SPLINE
  5
95
330
1F
100
AcDbEntity
  8
Layer 1
370
     0
100
AcDbSpline
210
0.0
220
0.0
230
1.0
 70
    11
 71
     3
 72
    11
 73
     7
 74
     0
 42
0.0000000001
 43
0.0000000001
 12
1.0
 22
0.0
 32
0.0
 13
1.0
 23
0.0
 33
0.0
 40
0.0
 40
0.0
 40
0.0
 40
0.0
 40
1.0
 40
1.0
 40
1.0
 40
2.0
 40
2.0
 40
2.0
 40
2.0
 10
-89.02623296156526
 20
529.3896069734574
 30
0.0
 10
-89.00989037628915
 20
529.390383682165
 30
0.0
 10
-88.99353193981503
 20
529.3915566708273
 30
0.0
 10
-88.9771814289391
 20
529.3926979570919
 30
0.0
 10
-88.99353193981503
 20
529.3915566708273
 30
0.0
 10
-89.00989037628915
 20
529.390383682165
 30
0.0
 10
-89.02623296156526
 20
529.3896069734574
 30
0.0
  0
SPLINE
  5
96
330
1F
100
AcDbEntity
  8
Layer 1
370
     0
100
AcDbSpline
210
0.0
220
0.0
230
1.0
 70
    11
 71
     3
 72
    11
 73
     7
 74
     0
 42
0.0000000001
 43
0.0000000001
 12
1.0
 22
0.0
 32
0.0
 13
1.0
 23
0.0
 33
0.0
 40
0.0
 40
0.0
 40
0.0
 40
0.0
 40
1.0
 40
1.0
 40
1.0
 40
2.0
 40
2.0
 40
2.0
 40
2.0
 10
-88.9348111763262
 20
529.3958047919272
 30
0.0
 10
-88.91827837667135
 20
529.3972631021554
 30
0.0
 10
-88.90176935381466
 20
529.3991810971294
 30
0.0
 10
-88.88523655416108
 20
529.4010198361145
 30
0.0
 10
-88.90176935381466
 20
529.3991810971294
 30
0.0
 10
-88.91827837667135
 20
529.3972631021554
 30
0.0
 10
-88.9348111763262
 20
529.3958047919272
 30
0.0
  0
SPLINE
  5
97
330
1F
100
AcDbEntity
  8
Layer 1
370
     0
100
AcDbSpline
210
0.0
220
0.0
230
1.0
 70
    11
 71
     3
 72
    11
 73
     7
 74
     0
 42
0.0000000001
 43
0.0000000001
 12
1.0
 22
0.0
 32
0.0
 13
1.0
 23
0.0
 33
0.0
 40
0.0
 40
0.0
 40
0.0
 40
0.0
 40
1.0
 40
1.0
 40
1.0
 40
2.0
 40
2.0
 40
2.0
 40
2.0
 10
-88.84334183749121
 20
529.4058227491481
 30
0.0
 10
-88.82660297226184
 20
529.4080102144895
 30
0.0
 10
-88.8098958094285
 20
529.4106890669759
 30
0.0
 10
-88.79318072099598
 20
529.4132728122701
 30
0.0
 10
-88.8098958094285
 20
529.4106890669759
 30
0.0
 10
-88.82660297226184
 20
529.4080102144895
 30
0.0
 10
-88.84334183749121
 20
529.4058227491481
 30
0.0
  0
SPLINE
  5
98
330
1F
100
AcDbEntity
  8
Layer 1
370
     0
100
AcDbSpline
210
0.0
220
0.0
230
1.0
 70
    11
 71
     3
 72
    11
 73
     7
 74
     0
 42
0.0000000001
 43
0.0000000001
 12
1.0
 22
0.0
 32
0.0
 13
1.0
 23
0.0
 33
0.0
 40
0.0
 40
0.0
 40
0.0
 40
0.0
 40
1.0
 40
1.0
 40
1.0
 40
2.0
 40
2.0
 40
2.0
 40
2.0
 10
-88.75208648983309
 20
529.4196766963188
 30
0.0
 10
-88.73490379105544
 20
529.4226567215652
 30
0.0
 10
-88.71776864587153
 20
529.4261756875509
 30
0.0
 10
-88.70062557508972
 20
529.4295836951508
 30
0.0
 10
-88.71776864587153
 20
529.4261756875509
 30
0.0
 10
-88.73490379105544
 20
529.4226567215652
 30
0.0
 10
-88.75208648983309
 20
529.4196766963188
 30
0.0
  0
SPLINE
  5
99
330
1F
100
AcDbEntity
  8
Layer 1
370
     0
100
AcDbSpline
210
0.0
220
0.0
230
1.0
 70
    11
 71
     3
 72
    11
 73
     7
 74
     0
 42
0.0000000001
 43
0.0000000001
 12
1.0
 22
0.0
 32
0.0
 13
1.0
 23
0.0
 33
0.0
 40
0.0
 40
0.0
 40
0.0
 40
0.0
 40
1.0
 40
1.0
 40
1.0
 40
2.0
 40
2.0
 40
2.0
 40
2.0
 10
-88.66117986853259
 20
529.4374141870283
 30
0.0
 10
-88.6431253538577
 20
529.4413294329694
 30
0.0
 10
-88.62514216957436
 20
529.4458470244355
 30
0.0
 10
-88.607143134093
 20
529.450237806319
 30
0.0
 10
-88.62514216957436
 20
529.4458470244355
 30
0.0
 10
-88.6431253538577
 20
529.4413294329694
 30
0.0
 10
-88.66117986853259
 20
529.4374141870283
 30
0.0
  0
SPLINE
  5
9A
330
1F
100
AcDbEntity
  8
Layer 1
370
     0
100
AcDbSpline
210
0.0
220
0.0
230
1.0
 70
    11
 71
     3
 72
    11
 73
     7
 74
     0
 42
0.0000000001
 43
0.0000000001
 12
1.0
 22
0.0
 32
0.0
 13
1.0
 23
0.0
 33
0.0
 40
0.0
 40
0.0
 40
0.0
 40
0.0
 40
1.0
 40
1.0
 40
1.0
 40
2.0
 40
2.0
 40
2.0
 40
2.0
 10
-88.57063782478899
 20
529.4590669236818
 30
0.0
 10
-88.55061776154548
 20
529.464313670263
 30
0.0
 10
-88.530676954293
 20
529.4702261671669
 30
0.0
 10
-88.51073614703988
 20
529.4760594080807
 30
0.0
 10
-88.530676954293
 20
529.4702261671669
 30
0.0
 10
-88.55061776154548
 20
529.464313670263
 30
0.0
 10
-88.57063782478899
 20
529.4590669236818
 30
0.0
  0
POLYLINE
  5
9B
330
1F
100
AcDbEntity
  8
Layer 1
370
     0
100
AcDb2dPolyline
 66
     1
 10
0.0
 20
0.0
 30
0.0
  0
VERTEX
  5
9C
330
9B
100
AcDbEntity
  8
Layer 1
370
     0
100
AcDbVertex
100
AcDb2dVertex
 10
-72.81793111009058
 20
510.2817801824571
 30
0.0
  0
VERTEX
  5
9D
330
9B
100
AcDbEntity
  8
Layer 1
370
     0
100
AcDbVertex
100
AcDb2dVertex
 10
-74.03660292505218
 20
510.7206840075971
 30
0.0
  0
VERTEX
  5
9E
330
9B
100
AcDbEntity
  8
Layer 1
370
     0
100
AcDbVertex
100
AcDb2dVertex
 10
-72.19333842440524
 20
512.254905623819
 30
0.0
  0
VERTEX
  5
9F
330
9B
100
AcDbEntity
  8
Layer 1
370
     0
100
AcDbVertex
100
AcDb2dVertex
 10
-71.51161009504543
 20
511.3874805083144
 30
0.0
  0
VERTEX
  5
A0
330
9B
100
AcDbEntity
  8
Layer 1
370
     0
100
AcDbVertex
100
AcDb2dVertex
 10
-72.81793111009058
 20
510.2817801824571
 30
0.0
  0
SEQEND
  5
A1
330
9B
100
AcDbEntity
  8
Layer 1
370
     0
  0
HATCH
  5
A2
330
1F
100
AcDbEntity
  8
Layer 1
 62
   250
420
  2236191
100
AcDbHatch
 10
0.0
 20
0.0
 30
0.0
210
0.0
220
0.0
230
1.0
  2
SOLID
 70
     1
 71
     0
 91
       29
 92
        1
 93
        1
 72
     4
 94
        3
 73
     0
 74
     1
 95
      494
 96
      490
 40
0.0
 40
0.0
 40
0.0
 40
0.0
 40
1.0
 40
1.0
 40
1.0
 40
2.0
 40
2.0
 40
2.0
 40
3.0
 40
3.0
 40
3.0
 40
4.0
 40
4.0
 40
4.0
 40
5.0
 40
5.0
 40
5.0
 40
6.0
 40
6.0
 40
6.0
 40
7.0
 40
7.0
 40
7.0
 40
8.0
 40
8.0
 40
8.0
 40
9.0
 40
9.0
 40
9.0
 40
10.0
 40
10.0
 40
10.0
 40
11.0
 40
11.0
 40
11.0
 40
12.0
 40
12.0
 40
12.0
 40
13.0
 40
13.0
 40
13.0
 40
14.0
 40
14.0
 40
14.0
 40
15.0
 40
15.0
 40
15.0
 40
16.0
 40
16.0
 40
16.0
 40
17.0
 40
17.0
 40
17.0
 40
18.0
 40
18.0
 40
18.0
 40
19.0
 40
19.0
 40
19.0
 40
20.0
 40
20.0
 40
20.0
 40
21.0
 40
21.0
 40
21.0
 40
22.0
 40
22.0
 40
22.0
 40
23.0
 40
23.0
 40
23.0
 40
24.0
 40
24.0
 40
24.0
 40
25.0
 40
25.0
 40
25.0
 40
26.0
 40
26.0
 40
26.0
 40
27.0
 40
27.0
 40
27.0
 40
28.0
 40
28.0
 40
28.0
 40
29.0
 40
29.0
 40
29.0
 40
30.0
 40
30.0
 40
30.0
 40
31.0
 40
31.0
 40
31.0
 40
32.0
 40
32.0
 40
32.0
 40
33.0
 40
33.0
 40
33.0
 40
34.0
 40
34.0
 40
34.0
 40
35.0
 40
35.0
 40
35.0
 40
36.0
 40
36.0
 40
36.0
 40
37.0
 40
37.0
 40
37.0
 40
38.0
 40
38.0
 40
38.0
 40
39.0
 40
39.0
 40
39.0
 40
40.0
 40
40.0
 40
40.0
 40
41.0
 40
41.0
 40
41.0
 40
42.0
 40
42.0
 40
42.0
 40
43.0
 40
43.0
 40
43.0
 40
44.0
 40
44.0
 40
44.0
 40
45.0
 40
45.0
 40
45.0
 40
46.0
 40
46.0
 40
46.0
 40
47.0
 40
47.0
 40
47.0
 40
48.0
 40
48.0
 40
48.0
 40
49.0
 40
49.0
 40
49.0
 40
50.0
 40
50.0
 40
50.0
 40
51.0
 40
51.0
 40
51.0
 40
52.0
 40
52.0
 40
52.0
 40
53.0
 40
53.0
 40
53.0
 40
54.0
 40
54.0
 40
54.0
 40
55.0
 40
55.0
 40
55.0
 40
56.0
 40
56.0
 40
56.0
 40
57.0
 40
57.0
 40
57.0
 40
58.0
 40
58.0
 40
58.0
 40
59.0
 40
59.0
 40
59.0
 40
60.0
 40
60.0
 40
60.0
 40
61.0
 40
61.0
 40
61.0
 40
62.0
 40
62.0
 40
62.0
 40
63.0
 40
63.0
 40
63.0
 40
64.0
 40
64.0
 40
64.0
 40
65.0
 40
65.0
 40
65.0
 40
66.0
 40
66.0
 40
66.0
 40
67.0
 40
67.0
 40
67.0
 40
68.0
 40
68.0
 40
68.0
 40
69.0
 40
69.0
 40
69.0
 40
70.0
 40
70.0
 40
70.0
 40
71.0
 40
71.0
 40
71.0
 40
72.0
 40
72.0
 40
72.0
 40
73.0
 40
73.0
 40
73.0
 40
74.0
 40
74.0
 40
74.0
 40
75.0
 40
75.0
 40
75.0
 40
76.0
 40
76.0
 40
76.0
 40
77.0
 40
77.0
 40
77.0
 40
78.0
 40
78.0
 40
78.0
 40
79.0
 40
79.0
 40
79.0
 40
80.0
 40
80.0
 40
80.0
 40
81.0
 40
81.0
 40
81.0
 40
82.0
 40
82.0
 40
82.0
 40
83.0
 40
83.0
 40
83.0
 40
84.0
 40
84.0
 40
84.0
 40
85.0
 40
85.0
 40
85.0
 40
86.0
 40
86.0
 40
86.0
 40
87.0
 40
87.0
 40
87.0
 40
88.0
 40
88.0
 40
88.0
 40
89.0
 40
89.0
 40
89.0
 40
90.0
 40
90.0
 40
90.0
 40
91.0
 40
91.0
 40
91.0
 40
92.0
 40
92.0
 40
92.0
 40
93.0
 40
93.0
 40
93.0
 40
94.0
 40
94.0
 40
94.0
 40
95.0
 40
95.0
 40
95.0
 40
96.0
 40
96.0
 40
96.0
 40
97.0
 40
97.0
 40
97.0
 40
98.0
 40
98.0
 40
98.0
 40
99.0
 40
99.0
 40
99.0
 40
100.0
 40
100.0
 40
100.0
 40
101.0
 40
101.0
 40
101.0
 40
102.0
 40
102.0
 40
102.0
 40
103.0
 40
103.0
 40
103.0
 40
104.0
 40
104.0
 40
104.0
 40
105.0
 40
105.0
 40
105.0
 40
106.0
 40
106.0
 40
106.0
 40
107.0
 40
107.0
 40
107.0
 40
108.0
 40
108.0
 40
108.0
 40
109.0
 40
109.0
 40
109.0
 40
110.0
 40
110.0
 40
110.0
 40
111.0
 40
111.0
 40
111.0
 40
112.0
 40
112.0
 40
112.0
 40
113.0
 40
113.0
 40
113.0
 40
114.0
 40
114.0
 40
114.0
 40
115.0
 40
115.0
 40
115.0
 40
116.0
 40
116.0
 40
116.0
 40
117.0
 40
117.0
 40
117.0
 40
118.0
 40
118.0
 40
118.0
 40
119.0
 40
119.0
 40
119.0
 40
120.0
 40
120.0
 40
120.0
 40
121.0
 40
121.0
 40
121.0
 40
122.0
 40
122.0
 40
122.0
 40
123.0
 40
123.0
 40
123.0
 40
124.0
 40
124.0
 40
124.0
 40
125.0
 40
125.0
 40
125.0
 40
126.0
 40
126.0
 40
126.0
 40
127.0
 40
127.0
 40
127.0
 40
128.0
 40
128.0
 40
128.0
 40
129.0
 40
129.0
 40
129.0
 40
130.0
 40
130.0
 40
130.0
 40
131.0
 40
131.0
 40
131.0
 40
132.0
 40
132.0
 40
132.0
 40
133.0
 40
133.0
 40
133.0
 40
134.0
 40
134.0
 40
134.0
 40
135.0
 40
135.0
 40
135.0
 40
136.0
 40
136.0
 40
136.0
 40
137.0
 40
137.0
 40
137.0
 40
138.0
 40
138.0
 40
138.0
 40
139.0
 40
139.0
 40
139.0
 40
140.0
 40
140.0
 40
140.0
 40
141.0
 40
141.0
 40
141.0
 40
142.0
 40
142.0
 40
142.0
 40
143.0
 40
143.0
 40
143.0
 40
144.0
 40
144.0
 40
144.0
 40
145.0
 40
145.0
 40
145.0
 40
146.0
 40
146.0
 40
146.0
 40
147.0
 40
147.0
 40
147.0
 40
148.0
 40
148.0
 40
148.0
 40
149.0
 40
149.0
 40
149.0
 40
150.0
 40
150.0
 40
150.0
 40
151.0
 40
151.0
 40
151.0
 40
152.0
 40
152.0
 40
152.0
 40
153.0
 40
153.0
 40
153.0
 40
154.0
 40
154.0
 40
154.0
 40
155.0
 40
155.0
 40
155.0
 40
156.0
 40
156.0
 40
156.0
 40
157.0
 40
157.0
 40
157.0
 40
158.0
 40
158.0
 40
158.0
 40
159.0
 40
159.0
 40
159.0
 40
160.0
 40
160.0
 40
160.0
 40
161.0
 40
161.0
 40
161.0
 40
162.0
 40
162.0
 40
162.0
 40
163.0
 40
163.0
 40
163.0
 40
163.0
 10
-49.82550667151112
 20
537.1275912594921
 10
-49.82550667151112
 20
537.1275912594921
 10
-50.0287269571911
 20
537.9638529194649
 10
-50.0287269571911
 20
537.9638529194649
 10
-50.06443574378803
 20
538.1105874605936
 10
-50.1774072328914
 20
538.223558949695
 10
-50.32349187489756
 20
538.2599215982159
 10
-50.4702264160265
 20
538.2956184964156
 10
-50.62280212366876
 20
538.2482234139922
 10
-50.72214158237616
 20
538.1346020257648
 10
-51.69214376380631
 20
537.032151195524
 10
-52.61410096369119
 20
535.8517917264562
 10
-53.46204099388847
 20
534.6253369732073
 10
-54.27037680554686
 20
533.457293885087
 10
-55.16246638534747
 20
532.0925374281195
 10
-55.63123386777372
 20
530.5537823692331
 10
-56.08701921892712
 20
530.6609206174223
 10
-56.39931556177011
 20
530.7011668094867
 10
-56.52137771300298
 20
530.7141489407561
 10
-56.92262305417605
 20
531.4705522645284
 10
-58.79315557841353
 20
531.9471185364354
 10
-61.94079139673565
 20
532.0951370246141
 10
-66.23827709051902
 20
532.3827728659586
 10
-76.97127789643979
 20
533.241099393733
 10
-80.15852189610005
 20
533.4975559283481
 10
-80.5721034322202
 20
533.5306690812522
 10
-80.97269887427016
 20
533.6150767113178
 10
-81.35836248767826
 20
533.7514128664702
 10
-81.42069336154124
 20
533.7728436863482
 10
-81.48237433628142
 20
533.7955743044722
 10
-81.54340541189785
 20
533.8202387687688
 10
-81.73883087089658
 20
533.8981474075988
 10
-81.92971496162885
 20
533.989054028899
 10
-82.116053721297
 20
534.0935768293962
 10
-84.05151671589246
 20
535.1772122874512
 10
-88.92684594926284
 20
537.8508814303593
 10
-92.38743197235064
 20
539.2604333732546
 10
-95.06630030824651
 20
540.3512018704713
 10
-96.93098770317238
 20
541.1101889395383
 10
-99.05213163271243
 20
541.5575414532822
 10
-99.14562992490781
 20
541.5776566237164
 10
-99.23912821710255
 20
541.5964878471007
 10
-99.33391838194562
 20
541.6153190704845
 10
-100.6123175114775
 20
541.8659423641855
 10
-101.9991546874468
 20
542.0061779140791
 10
-103.7197071377368
 20
542.0399409661051
 10
-105.5752959449321
 20
542.0762877634282
 10
-108.3418214065113
 20
541.8042495010462
 10
-110.9914759842459
 20
541.4646851346126
 10
-110.9914759842459
 20
541.4646851346126
 10
-110.9914759842459
 20
541.7685526028476
 10
-110.9914759842459
 20
541.7685526028476
 10
-110.9914759842459
 20
541.9139714945318
 10
-111.0538028953097
 20
542.0529230973772
 10
-111.1628749896715
 20
542.1496629595915
 10
-111.2719550096328
 20
542.2464028218052
 10
-111.4173897525158
 20
542.2918482068575
 10
-111.5621745962741
 20
542.2743167817196
 10
-112.4023277253877
 20
542.1743432750849
 10
-113.7599352919962
 20
541.8828080390009
 10
-114.0605453390152
 20
541.0381293928182
 10
-114.3903691441938
 20
540.9887687618303
 10
-114.7098104145956
 20
540.940739631483
 10
-115.0162695537249
 20
540.8933286978624
 10
-115.9330235978231
 20
541.5854554131981
 10
-117.3075206160437
 20
541.6250517061376
 10
-118.1398749556755
 20
541.5705235845556
 10
-118.3340045792263
 20
541.5581755012095
 10
-118.5099608041166
 20
541.4692344284773
 10
-118.6359223500904
 20
541.3205501899781
 10
-118.7618759704653
 20
541.1712160523545
 10
-118.8203034867885
 20
540.9822856217927
 10
-118.8001803907577
 20
540.7875060991195
 10
-118.8001803907577
 20
540.7875060991195
 10
-118.7488938391938
 20
540.2875751611595
 10
-118.7488938391938
 20
540.2875751611595
 10
-123.5774699636678
 20
539.7532312720523
 10
-132.3496973743721
 20
538.1677151786691
 10
-141.7289781200263
 20
536.3296577966088
 10
-141.7289781200263
 20
536.3296577966088
 10
-141.7523507116751
 20
536.7588131348973
 10
-141.7523507116751
 20
536.7588131348973
 10
-141.7731237068303
 20
537.1386395445917
 10
-141.9347900766027
 20
537.4937856387905
 10
-142.2081360628295
 20
537.7580409628858
 10
-142.2081360628295
 20
537.7580409628858
 10
-148.2157797837263
 20
543.5644140954755
 10
-148.2157797837263
 20
543.5644140954755
 10
-148.2800643177601
 20
543.6267410065383
 10
-148.3832952456099
 20
543.624791309168
 10
-148.4449722575508
 20
543.560514700732
 10
-148.507307094214
 20
543.4962380922987
 10
-148.5060072959668
 20
543.3929992388504
 10
-148.4410807884081
 20
543.3306723277873
 10
-148.4410807884081
 20
543.3306723277873
 10
-142.4340790410356
 20
537.5249490943214
 10
-142.4340790410356
 20
537.5249490943214
 10
-142.2198263214531
 20
537.317187440376
 10
-142.0925649772324
 20
537.0393000858834
 10
-142.0763333503427
 20
536.7412817097611
 10
-142.0763333503427
 20
536.7412817097611
 10
-142.0510110613232
 20
536.2666651352221
 10
-142.0510110613232
 20
536.2666651352221
 10
-149.0780057062425
 20
534.8869768496137
 10
-156.4237996480387
 20
533.3709524088507
 10
-162.6898575265208
 20
532.0522912360567
 10
-162.6898575265208
 20
532.0522912360567
 10
-162.767116266227
 20
533.4819742005832
 10
-162.767116266227
 20
533.4819742005832
 10
-162.787881335783
 20
533.8617847590789
 10
-162.9495635567531
 20
534.2169467044747
 10
-163.2235515165044
 20
534.4811861773753
 10
-163.2235515165044
 20
534.4811861773753
 10
-169.2305532638776
 20
540.2875751611595
 10
-169.2305532638776
 20
540.2875751611595
 10
-169.2948298723119
 20
540.3499020722231
 10
-169.3980528745626
 20
540.3479523748525
 10
-169.4603797856266
 20
540.2836757664185
 10
-169.5227225478893
 20
540.2187492588614
 10
-169.5207728505183
 20
540.1161603045342
 10
-169.456496242084
 20
540.0538333934709
 10
-169.456496242084
 20
540.0538333934709
 10
-163.4488445955871
 20
534.2481101600085
 10
-163.4488445955871
 20
534.2481101600085
 10
-163.2345839504063
 20
534.040332654863
 10
-163.1073305317842
 20
533.7624611515675
 10
-163.0917488040174
 20
533.464442775446
 10
-163.0917488040174
 20
533.464442775446
 10
-163.0118904678171
 20
531.9847651320058
 10
-163.0118904678171
 20
531.9847651320058
 10
-168.4657171026991
 20
530.8355691184663
 10
-173.0741993410783
 20
529.8428402817092
 10
-175.8972026216094
 20
529.230587753774
 10
-178.0748402213006
 20
528.7579208766056
 10
-180.380381138738
 20
529.4682130650026
 10
-181.914586903761
 20
531.0842427147944
 10
-181.914586903761
 20
531.0842427147944
 10
-201.9268830603031
 20
552.1574278600725
 10
-201.9268830603031
 20
552.1574278600725
 10
-202.4008497357168
 20
552.6567247501049
 10
-203.0085688209888
 20
552.9858907305638
 10
-203.6837981591137
 20
553.1105604038879
 10
-203.6837981591137
 20
553.1105604038879
 10
-203.6837981591137
 20
554.4162235942127
 10
-203.6837981591137
 20
554.4162235942127
 10
-203.6837981591137
 20
554.5480263066979
 10
-203.7909364073029
 20
554.6551645548877
 10
-203.9227232685917
 20
554.6551645548877
 10
-203.9227232685917
 20
554.6551645548877
 10
-204.2947508888036
 20
554.6551645548877
 10
-204.2947508888036
 20
554.6551645548877
 10
-204.2947508888036
 20
554.6551645548877
 10
-204.2947508888036
 20
555.7608490295493
 10
-204.2947508888036
 20
555.7608490295493
 10
-204.2947508888036
 20
555.9387628774078
 10
-204.3642266902266
 20
556.1062624880943
 10
-204.4901961617999
 20
556.2315662093455
 10
-204.6154998830517
 20
556.3575356809175
 10
-204.7829994937367
 20
556.4269956311429
 10
-204.9615473895222
 20
556.4269956311429
 10
-205.3290415670675
 20
556.4269956311429
 10
-205.627693991116
 20
556.128343207094
 10
-205.627693991116
 20
555.7608490295493
 10
-205.627693991116
 20
555.7608490295493
 10
-205.627693991116
 20
554.6551645548877
 10
-205.627693991116
 20
554.6551645548877
 10
-205.627693991116
 20
554.6551645548877
 10
-206.0003715104517
 20
554.6551645548877
 10
-206.0003715104517
 20
554.6551645548877
 10
-206.1315243238144
 20
554.6551645548877
 10
-206.2386625720049
 20
554.5480263066979
 10
-206.2386625720049
 20
554.4162235942127
 10
-206.2386625720049
 20
554.4162235942127
 10
-206.2386625720049
 20
552.809292532147
 10
-206.2386625720049
 20
552.809292532147
 10
-206.2386625720049
 20
552.809292532147
 10
-214.4654978085021
 20
550.9887507240278
 10
-214.4654978085021
 20
550.9887507240278
 10
-214.607033156643
 20
550.9575872684962
 10
-214.7440350621185
 20
550.9082424887022
 10
-214.8732381781105
 20
550.8420320340933
 10
-215.0043909914742
 20
550.7751399779676
 10
-215.1244955197376
 20
550.6926978964729
 10
-215.2309838688041
 20
550.5978918804292
 10
-215.3049931128928
 20
550.5316655746249
 10
-215.3588871865496
 20
550.4485735940045
 10
-215.3887508438352
 20
550.3570170735819
 10
-215.3887508438352
 20
550.3570170735819
 10
-215.3887508438352
 20
550.3563671744572
 10
-215.3887508438352
 20
550.3563671744572
 10
-215.3887508438352
 20
550.3563671744572
 10
-219.4440579697226
 20
549.7798273959163
 10
-219.4440579697226
 20
549.7798273959163
 10
-219.5323649945294
 20
549.7674951637686
 10
-219.59404200647
 20
549.6850372310755
 10
-219.5817097743209
 20
549.5967302062668
 10
-219.5700115900985
 20
549.5155720718196
 10
-219.5005516398735
 20
549.4571445554978
 10
-219.4213273515983
 20
549.4571445554978
 10
-219.4135444133148
 20
549.4571445554978
 10
-219.4057614750304
 20
549.4577944546219
 10
-219.3979626855482
 20
549.4584443537431
 10
-219.3979626855482
 20
549.4584443537431
 10
-215.3933001376996
 20
550.0278510931233
 10
-215.3933001376996
 20
550.0278510931233
 10
-215.3491545508949
 20
549.8791668546247
 10
-215.2446158991997
 20
549.7551470804224
 10
-215.1030805510582
 20
549.6869869284432
 10
-215.1030805510582
 20
549.6869869284432
 10
-215.0771004373161
 20
549.6746388450971
 10
-215.0771004373161
 20
549.6746388450971
 10
-214.7213044439935
 20
549.5045396379184
 10
-214.4499160807359
 20
549.207171160918
 10
-214.3122642761379
 20
548.8383930363249
 10
-214.3122642761379
 20
548.8383930363249
 10
-204.8407929621347
 20
523.4397963489522
 10
-204.8407929621347
 20
523.4397963489522
 10
-205.2608655638922
 20
522.7924809707417
 10
-205.5828985051889
 20
521.6770321580308
 10
-205.6582075475245
 20
521.4036940974022
 10
-205.6582075475245
 20
521.4036940974022
 10
-227.9195668025511
 20
517.3055253317576
 10
-227.9195668025511
 20
517.3055253317576
 10
-227.9195668025511
 20
517.3055253317576
 10
-227.5131262311902
 20
517.1925696938523
 10
-227.5131262311902
 20
517.1925696938523
 10
-227.449499521879
 20
517.1743883695933
 10
-221.0224251727483
 20
515.4155235734128
 10
-210.3777274288347
 20
515.355146359718
 10
-210.3777274288347
 20
515.355146359718
 10
-210.3653793454883
 20
515.355146359718
 10
-210.3653793454883
 20
515.355146359718
 10
-210.3653793454883
 20
515.355146359718
 10
-204.2564543941114
 20
516.825075516308
 10
-204.2564543941114
 20
516.825075516308
 10
-204.0889389322281
 20
516.8653375595701
 10
-203.9123407338141
 20
516.8244256171839
 10
-203.782487718698
 20
516.7160034219465
 10
-203.3052873988645
 20
516.3166958897431
 10
-201.7496349627654
 20
515.5817392370492
 10
-196.6970497062569
 20
515.1493185519445
 10
-196.649654623836
 20
515.1454350084016
 10
-196.6022595414138
 20
515.1408857145369
 10
-196.5542145598695
 20
515.136986319796
 10
-196.5542145598695
 20
515.136986319796
 10
-197.1268707948672
 20
514.2728106999105
 10
-197.1268707948672
 20
514.2728106999105
 10
-197.3846271277292
 20
513.8839015536868
 10
-197.2885371646389
 20
513.3677389888373
 10
-196.9080608558208
 20
513.098300322951
 10
-196.7587425693958
 20
512.9918119738849
 10
-196.5847281162776
 20
512.9385836505488
 10
-196.4107295143574
 20
512.9385836505488
 10
-196.2295820220788
 20
512.9385836505488
 10
-196.0484503809976
 20
512.9963612677473
 10
-195.8958667477568
 20
513.1112824542229
 10
-195.8958667477568
 20
513.1112824542229
 10
-193.551363585306
 20
514.8694973512793
 10
-193.551363585306
 20
514.8694973512793
 10
-190.8283496626064
 20
514.6214736540724
 10
-187.6268197706285
 20
514.315672339667
 10
-184.2947869644093
 20
513.9981728410351
 10
-178.8188954617248
 20
513.4755271361513
 10
-173.1566572737729
 20
512.935334154933
 10
-169.1682105016152
 20
512.6061523232773
 10
-162.546372481009
 20
512.0588263028967
 10
-150.0616518064658
 20
510.8596356104416
 10
-147.6652042677298
 20
510.6284934392484
 10
-147.6652042677298
 20
510.6284934392484
 10
-154.4688555309364
 20
507.9379427703284
 10
-154.4688555309364
 20
507.9379427703284
 10
-154.4688555309364
 20
507.9379427703284
 10
-140.585623273
 20
507.7463968920731
 10
-140.585623273
 20
507.7463968920731
 10
-140.585623273
 20
507.7463968920731
 10
-139.3052665204987
 20
505.4207408042024
 10
-139.3052665204987
 20
505.4207408042024
 10
-139.2007437200012
 20
505.2304947241968
 10
-138.97739241269
 20
505.1389540549699
 10
-138.7696228331441
 20
505.2012809660352
 10
-138.7696228331441
 20
505.2012809660352
 10
-138.2145059488815
 20
505.3661968314228
 10
-138.2145059488815
 20
505.3661968314228
 10
-137.9405179891294
 20
505.4480048649937
 10
-137.8061236057484
 20
505.7570556750175
 10
-137.9333770243705
 20
506.0135122096352
 10
-137.9333770243705
 20
506.0135122096352
 10
-138.7813130917686
 20
507.7217324277768
 10
-138.7813130917686
 20
507.7217324277768
 10
-138.7813130917686
 20
507.7217324277768
 10
-134.0676502281684
 20
507.6568059202161
 10
-134.0676502281684
 20
507.6568059202161
 10
-134.0676502281684
 20
507.6568059202161
 10
-133.7858634789349
 20
506.6251148384482
 10
-133.7858634789349
 20
506.6251148384482
 10
-133.7858634789349
 20
506.6251148384482
 10
-130.4992919089666
 20
507.5328019972121
 10
-130.4992919089666
 20
507.5328019972121
 10
-130.4992919089666
 20
507.5328019972121
 10
-117.7133112882819
 20
506.8361259880108
 10
-117.7133112882819
 20
506.8361259880108
 10
-117.7133112882819
 20
506.8361259880108
 10
-117.7133112882819
 20
505.2246614832836
 10
-117.7133112882819
 20
505.2246614832836
 10
-117.7133112882819
 20
505.2246614832836
 10
-115.9083591335261
 20
504.0962305392994
 10
-115.9083591335261
 20
504.0962305392994
 10
-117.0705372783372
 20
503.8125099438933
 10
-122.4198331871226
 20
502.5048812050011
 10
-124.4851412712344
 20
501.9582050837453
 10
-126.6796603969387
 20
501.3771160113394
 10
-127.9957219732378
 20
500.9408117826945
 10
-127.7639299029192
 20
499.7825171814247
 10
-127.6191450591609
 20
499.0592428617551
 10
-126.9166437346456
 20
498.4833371311397
 10
-126.2485553612799
 20
498.0152195478366
 10
-125.0870112643936
 20
497.2010386068659
 10
-123.8365260947767
 20
496.9186098841072
 10
-122.6555167265829
 20
496.6985080724137
 10
-121.512161879556
 20
496.486197124604
 10
-120.3551750021335
 20
496.2862263345405
 10
-119.3604964680081
 20
496.1161192017623
 10
-118.7047403267905
 20
496.0037976117811
 10
-118.0600166194746
 20
495.8947255174202
 10
-117.4341320611419
 20
495.7895369666007
 10
-117.2834981252711
 20
493.2736347987241
 10
-115.1889683573986
 20
491.2732452965712
 10
-112.6360536418776
 20
491.2732452965712
 10
-110.3012989662793
 20
491.2732452965712
 10
-108.3496122703943
 20
492.9457527653165
 10
-107.9178494100129
 20
495.1558536187855
 10
-107.769165171513
 20
495.1766345395389
 10
-107.6133478938528
 20
495.202598802084
 10
-107.4484320284629
 20
495.2337622576155
 10
-106.1765160389689
 20
495.4746449900645
 10
-104.9175980319441
 20
495.8966672891914
 10
-103.7067170808651
 20
496.4887967210987
 10
-103.7067170808651
 20
496.4887967210987
 10
-103.649581437191
 20
496.5160607818896
 10
-103.649581437191
 20
496.5160607818896
 10
-102.7484011952602
 20
496.9562644052777
 10
-101.3868942339093
 20
497.6204613095
 10
-101.5621926340773
 20
498.8177102301836
 10
-101.8037252656479
 20
500.4668451072795
 10
-103.3574121531783
 20
501.5400821793597
 10
-104.6059476254256
 20
502.4023081018746
 10
-106.4167488722932
 20
503.6534431706143
 10
-109.7559226432706
 20
504.1449254199681
 10
-111.0258810097958
 20
504.2923098602212
 10
-111.0258810097958
 20
504.2923098602212
 10
-111.0258810097958
 20
506.908201385928
 10
-111.0258810097958
 20
506.908201385928
 10
-109.8390304750893
 20
507.0218227741547
 10
-97.14394855010626
 20
508.2391947908708
 10
-92.97631190863915
 20
508.8176842667829
 10
-88.64506712562881
 20
509.4195542599421
 10
-81.45185681707342
 20
511.2374964715696
 10
-79.92024272294562
 20
512.2945019167585
 10
-79.6293692743809
 20
512.2451571369676
 10
-77.95167053824662
 20
512.0101314222279
 10
-76.57327808808364
 20
512.8457273318784
 10
-76.57327808808364
 20
512.8457273318784
 10
-76.57327808808364
 20
511.6770501958336
 10
-76.57327808808364
 20
511.6770501958336
 10
-76.57327808808364
 20
511.6770501958336
 10
-75.93245377550959
 20
511.0368837079809
 10
-75.93245377550959
 20
511.0368837079809
 10
-75.85129564106248
 20
510.9557255735338
 10
-75.7350786191409
 20
510.9329949554072
 10
-75.62924809479739
 20
510.9764906430898
 10
-75.52341757045356
 20
511.0206520810915
 10
-75.45784116377172
 20
511.1186917415511
 10
-75.45784116377172
 20
511.2336129280241
 10
-75.45784116377172
 20
511.2336129280241
 10
-75.45784116377172
 20
513.0924512308391
 10
-75.45784116377172
 20
513.0924512308391
 10
-75.45784116377172
 20
513.0924512308391
 10
-72.66210590683181
 20
513.5066905916822
 10
-72.66210590683181
 20
513.5066905916822
 10
-72.66210590683181
 20
513.5066905916822
 10
-72.66210590683181
 20
513.2171209041661
 10
-72.66210590683181
 20
513.2171209041661
 10
-72.66210590683181
 20
513.2171209041661
 10
-75.40330511659097
 20
510.4914915337729
 10
-75.40330511659097
 20
510.4914915337729
 10
-75.40330511659097
 20
510.4914915337729
 10
-72.9153208714277
 20
509.255304144874
 10
-72.9153208714277
 20
509.255304144874
 10
-73.13996405138724
 20
509.1202519367701
 10
-73.61003529485929
 20
508.8702785421919
 10
-74.15671537891508
 20
508.7657557416919
 10
-74.76183090489285
 20
508.6488848578498
 10
-80.76233762382999
 20
508.8533970161788
 10
-83.31460244022719
 20
508.9469032339714
 10
-83.60157253125013
 20
508.9579356678736
 10
-83.86517795622399
 20
508.8073017320048
 10
-84.00282183522374
 20
508.5547445921308
 10
-84.14046571422287
 20
508.3021716010579
 10
-84.12358418820975
 20
507.998969883145
 10
-83.95866832282051
 20
507.7632942692838
 10
-83.95866832282051
 20
507.7632942692838
 10
-81.97256867578554
 20
504.918860168875
 10
-81.97256867578554
 20
504.918860168875
 10
-81.67974949265076
 20
504.5000715141663
 10
-81.22201840692536
 20
504.2209002126268
 10
-80.7168882759795
 20
504.1533741085737
 10
-79.89297073655486
 20
504.0430022159641
 10
-78.34642085098464
 20
503.7982280143733
 10
-77.24202428617285
 20
503.3995703812968
 10
-76.87908336529149
 20
503.2684175679325
 10
-76.5460100644944
 20
503.1398643510626
 10
-76.22397316039782
 20
503.0158604280576
 10
-75.15398558393609
 20
502.6029208654608
 10
-74.22294168472034
 20
502.2438753765217
 10
-72.91921630336965
 20
502.0867583006152
 10
-72.2673555940941
 20
500.3064785357539
 10
-70.55588984313434
 20
499.0319629497659
 10
-68.55225877096314
 20
499.0319629497659
 10
-66.48759662317421
 20
499.0319629497659
 10
-64.733281120858
 20
500.3856869728307
 10
-64.1294653931274
 20
502.2516741660054
 10
-63.83664620999231
 20
502.3776277863797
 10
-63.53928169579246
 20
502.5178791874714
 10
-63.24192114439219
 20
502.6710968686376
 10
-63.18803103353465
 20
502.6990266797503
 10
-63.13024549073643
 20
502.7282404379118
 10
-63.06986431424342
 20
502.7587539943216
 10
-62.29399175636343
 20
503.1502627370387
 10
-61.12141918837576
 20
503.7417343442224
 10
-61.42072943714696
 20
504.7773089695348
 10
-61.61161352787987
 20
505.4382722293406
 10
-62.09921223368919
 20
505.9421025620373
 10
-62.57057931260885
 20
506.4284014696004
 10
-62.57057931260885
 20
506.4284014696004
 10
-62.68615039820593
 20
506.5485059978648
 10
-62.68615039820593
 20
506.5485059978648
 10
-63.57629028063625
 20
507.474358629691
 10
-64.41514361150297
 20
508.1982986996826
 10
-65.24944764850471
 20
508.7618563469513
 10
-66.00259355105968
 20
509.2708700214403
 10
-66.88559643152972
 20
509.6766606936785
 10
-68.02765148030906
 20
510.0383057791151
 10
-68.7197702700462
 20
510.2571157181605
 10
-69.36319021631535
 20
510.4259151270914
 10
-69.9910284348189
 20
510.5551340942828
 10
-69.9910284348189
 20
510.5551340942828
 10
-70.63250264651671
 20
513.9358459299707
 10
-70.63250264651671
 20
513.9358459299707
 10
-70.63250264651671
 20
513.9358459299707
 10
-70.19230298592882
 20
514.0027221348994
 10
-70.19230298592882
 20
514.0027221348994
 10
-68.57498146348829
 20
514.2481462356142
 10
-66.90312389386699
 20
514.5020031737344
 10
-65.27476993752454
 20
514.8175529749944
 10
-64.73977614929336
 20
514.9214417275674
 10
-64.19114636786759
 20
515.0084331029261
 10
-63.66069394790254
 20
515.092840732992
 10
-63.13868625374283
 20
515.175948564812
 10
-62.59849723532313
 20
515.2623058922472
 10
-62.0693485764042
 20
515.3642290962497
 10
-62.0693485764042
 20
515.3642290962497
 10
-62.00377216972237
 20
515.3765613283978
 10
-62.00377216972237
 20
515.3765613283978
 10
-60.98247551112978
 20
515.5739404475677
 10
-59.92677382698606
 20
515.7778185579718
 10
-59.09831095649666
 20
516.4744787159723
 10
-57.80432613639923
 20
517.5619977175718
 10
-56.87068264069008
 20
519.0858209478157
 10
-56.53565964252204
 20
520.6570392604846
 10
-56.19804497345945
 20
522.2431894017938
 10
-56.10130114844651
 20
523.3573384162573
 10
-56.08052419049175
 20
523.6508074985164
 10
-55.61954757194879
 20
523.7442978651127
 10
-53.16402658056487
 20
524.3240871392697
 10
-50.56761617736361
 20
526.5238054579628
 10
-50.32284197577412
 20
526.7309172127868
 10
-50.18974342783976
 20
527.0341189306997
 10
-50.20077982454061
 20
527.3555019728719
 10
-50.21182018404073
 20
527.6801345106618
 10
-50.36829132362463
 20
527.9768530885374
 10
-50.62994705122755
 20
528.1690330147183
 10
-51.39283351503543
 20
528.7300069166922
 10
-52.13039768982318
 20
529.1682608427087
 10
-52.8114761200602
 20
529.511074704759
 10
-52.8114761200602
 20
529.511074704759
 10
-49.87614728675022
 20
536.4919740655037
 10
-49.87614728675022
 20
536.4919740655037
 10
-49.79239351860833
 20
536.6919369299686
 10
-49.7742161571473
 20
536.9172300090517
 10
-49.82550667151112
 20
537.1275912594921
 97
        0
 97
        0
 92
        1
 93
        1
 72
     4
 94
        3
 73
     0
 74
     1
 95
       38
 96
       34
 40
0.0
 40
0.0
 40
0.0
 40
0.0
 40
1.0
 40
1.0
 40
1.0
 40
2.0
 40
2.0
 40
2.0
 40
3.0
 40
3.0
 40
3.0
 40
4.0
 40
4.0
 40
4.0
 40
5.0
 40
5.0
 40
5.0
 40
6.0
 40
6.0
 40
6.0
 40
7.0
 40
7.0
 40
7.0
 40
8.0
 40
8.0
 40
8.0
 40
9.0
 40
9.0
 40
9.0
 40
10.0
 40
10.0
 40
10.0
 40
11.0
 40
11.0
 40
11.0
 40
11.0
 10
-114.5812571977267
 20
528.1580005808157
 10
-114.7753868212775
 20
527.9353070982274
 10
-115.0441835136399
 20
527.8022045874957
 10
-115.3389523941453
 20
527.7827234649882
 10
-115.3389523941453
 20
527.7827234649882
 10
-123.806012538368
 20
527.2146165238548
 10
-123.806012538368
 20
527.2146165238548
 10
-124.2604980912748
 20
527.1847528665679
 10
-124.6799207939089
 20
527.4301769672818
 10
-124.8760001148297
 20
527.8411509813106
 10
-124.8760001148297
 20
527.8411509813106
 10
-127.1075317881771
 20
532.5145597272492
 10
-127.1075317881771
 20
532.5145597272492
 10
-127.2542663293073
 20
532.8210267919764
 10
-127.2523166319364
 20
533.1722734914346
 10
-127.10233259519
 20
533.4774249067185
 10
-126.9523485584426
 20
533.7825921732001
 10
-126.6751190286739
 20
533.9987866645531
 10
-126.3426956269999
 20
534.0695622642223
 10
-126.3426956269999
 20
534.0695622642223
 10
-116.0687257050501
 20
536.2718643282121
 10
-116.0687257050501
 20
536.2718643282121
 10
-115.755125601161
 20
536.3387405331398
 10
-115.4285433660009
 20
536.2666651352221
 10
-115.1727367305095
 20
536.07383530992
 10
-114.9162801958937
 20
535.8803555854927
 10
-114.757213422617
 20
535.5862366041104
 10
-114.7357826027392
 20
535.266153360184
 10
-114.7357826027392
 20
535.266153360184
 10
-114.311160707117
 20
528.9585494913923
 10
-114.311160707117
 20
528.9585494913923
 10
-114.2910376110856
 20
528.6644305100107
 10
-114.3871275741759
 20
528.3800441642828
 10
-114.5812571977267
 20
528.1580005808157
 97
        0
 97
        0
 92
        1
 93
        1
 72
     4
 94
        3
 73
     0
 74
     1
 95
       29
 96
       25
 40
0.0
 40
0.0
 40
0.0
 40
0.0
 40
1.0
 40
1.0
 40
1.0
 40
2.0
 40
2.0
 40
2.0
 40
3.0
 40
3.0
 40
3.0
 40
4.0
 40
4.0
 40
4.0
 40
5.0
 40
5.0
 40
5.0
 40
6.0
 40
6.0
 40
6.0
 40
7.0
 40
7.0
 40
7.0
 40
8.0
 40
8.0
 40
8.0
 40
8.0
 10
-90.79839691298056
 20
530.4312843100508
 10
-90.79839691298056
 20
530.4312843100508
 10
-98.418297698515
 20
541.0108811832284
 10
-98.418297698515
 20
541.0108811832284
 10
-96.60372386649159
 20
540.5562212671392
 10
-94.86951560900813
 20
539.8500979438514
 10
-92.54461245305077
 20
538.9034960936675
 10
-92.54461245305077
 20
538.9034960936675
 10
-92.53491944539155
 20
538.8995491453306
 10
-92.53491944539155
 20
538.8995491453306
 10
-89.09477354229804
 20
537.4982398254651
 10
-84.23552534943411
 20
534.8339704430529
 10
-82.3060580705335
 20
533.7535527782176
 10
-82.18860465515809
 20
533.6877386035655
 10
-82.06810384694141
 20
533.6262359548037
 10
-81.94586733252812
 20
533.5696471774629
 10
-83.32707733315907
 20
531.726660072784
 10
-86.59247170242007
 20
530.3599222160485
 10
-88.45646957022699
 20
529.697833521178
 10
-88.67317922552016
 20
529.620764995849
 10
-88.90028726678982
 20
529.5816759412505
 10
-89.1314928427767
 20
529.5816759412505
 10
-89.79150503069253
 20
529.5816759412505
 10
-90.4146790341451
 20
529.8993339518622
 10
-90.79839691298056
 20
530.4312843100508
 97
        0
 97
        0
 92
        1
 93
        1
 72
     4
 94
        3
 73
     0
 74
     1
 95
       11
 96
        7
 40
0.0
 40
0.0
 40
0.0
 40
0.0
 40
1.0
 40
1.0
 40
1.0
 40
2.0
 40
2.0
 40
2.0
 40
2.0
 10
-89.14909559830478
 20
529.3874195081133
 10
-89.18186002484804
 20
529.3876731272844
 10
-89.21457689779692
 20
529.3886400503695
 10
-89.24723036595341
 20
529.3903202773726
 10
-89.21457689779692
 20
529.3886400503695
 10
-89.18186002484804
 20
529.3876731272844
 10
-89.14909559830478
 20
529.3874195081133
 97
        0
 97
        0
 92
        1
 93
        1
 72
     4
 94
        3
 73
     0
 74
     1
 95
       11
 96
        7
 40
0.0
 40
0.0
 40
0.0
 40
0.0
 40
1.0
 40
1.0
 40
1.0
 40
2.0
 40
2.0
 40
2.0
 40
2.0
 10
-89.27084072557479
 20
529.391445712439
 10
-89.30930365784761
 20
529.3938392433588
 10
-89.34764770613484
 20
529.3972789533528
 10
-89.38586494483665
 20
529.4016538840381
 10
-89.34764770613484
 20
529.3972948045505
 10
-89.30930365784761
 20
529.3938392433588
 10
-89.27084072557479
 20
529.391445712439
 97
        0
 97
        0
 92
        1
 93
        1
 72
     4
 94
        3
 73
     0
 74
     1
 95
       11
 96
        7
 40
0.0
 40
0.0
 40
0.0
 40
0.0
 40
1.0
 40
1.0
 40
1.0
 40
2.0
 40
2.0
 40
2.0
 40
2.0
 10
-89.41265346968363
 20
529.4050618916363
 10
-89.44468874111337
 20
529.4091197983603
 10
-89.47658927735823
 20
529.4138276042047
 10
-89.50837885521665
 20
529.4192487139672
 10
-89.4765972029574
 20
529.413843455403
 10
-89.4446728899144
 20
529.4091039471632
 10
-89.41265346968363
 20
529.4050618916363
 97
        0
 97
        0
 92
        1
 93
        1
 72
     4
 94
        3
 73
     0
 74
     1
 95
       11
 96
        7
 40
0.0
 40
0.0
 40
0.0
 40
0.0
 40
1.0
 40
1.0
 40
1.0
 40
2.0
 40
2.0
 40
2.0
 40
2.0
 10
-89.53383587942041
 20
529.4235126862651
 10
-89.57156173097991
 20
529.4303762550592
 10
-89.60908151696394
 20
529.4381908957374
 10
-89.64638731177268
 20
529.4469566083062
 10
-89.60908151696394
 20
529.4381908957374
 10
-89.57156173097991
 20
529.4303762550592
 10
-89.53383587942041
 20
529.4235126862651
 97
        0
 97
        0
 92
        1
 93
        1
 72
     4
 94
        3
 73
     0
 74
     1
 95
       11
 96
        7
 40
0.0
 40
0.0
 40
0.0
 40
0.0
 40
1.0
 40
1.0
 40
1.0
 40
2.0
 40
2.0
 40
2.0
 40
2.0
 10
-89.67117066005615
 20
529.4531544267766
 10
-89.70242922277706
 20
529.4608581090713
 10
-89.73349757112018
 20
529.4692592440799
 10
-89.76439948188302
 20
529.4782944270185
 10
-89.73349757112018
 20
529.4692592440799
 10
-89.70242922277706
 20
529.4608581090713
 10
-89.67117066005615
 20
529.4531544267766
 97
        0
 97
        0
 92
        1
 93
        1
 72
     4
 94
        3
 73
     0
 74
     1
 95
       11
 96
        7
 40
0.0
 40
0.0
 40
0.0
 40
0.0
 40
1.0
 40
1.0
 40
1.0
 40
2.0
 40
2.0
 40
2.0
 40
2.0
 10
-89.79068076838998
 20
529.4859664069132
 10
-89.82732081287662
 20
529.4971573527969
 10
-89.86368346139689
 20
529.5092201145791
 10
-89.8997290859546
 20
529.5222656506428
 10
-89.86369138699638
 20
529.5092201145791
 10
-89.82732081287662
 20
529.4971573527969
 10
-89.79068076838998
 20
529.4859664069132
 97
        0
 97
        0
 92
        1
 93
        1
 72
     4
 94
        3
 73
     0
 74
     1
 95
       11
 96
        7
 40
0.0
 40
0.0
 40
0.0
 40
0.0
 40
1.0
 40
1.0
 40
1.0
 40
2.0
 40
2.0
 40
2.0
 40
2.0
 10
-89.92173847456426
 20
529.5306033808603
 10
-89.95215692378363
 20
529.5419686899237
 10
-89.98231382823367
 20
529.5540156005037
 10
-90.01224089031201
 20
529.566680707814
 10
-89.98231382823367
 20
529.5540156005037
 10
-89.95214899818542
 20
529.5419686899237
 10
-89.92173847456426
 20
529.5306033808603
 97
        0
 97
        0
 92
        1
 93
        1
 72
     4
 94
        3
 73
     0
 74
     1
 95
       11
 96
        7
 40
0.0
 40
0.0
 40
0.0
 40
0.0
 40
1.0
 40
1.0
 40
1.0
 40
2.0
 40
2.0
 40
2.0
 40
2.0
 10
-90.03844292082793
 20
529.5778082489053
 10
-90.07363258068641
 20
529.5932473158862
 10
-90.10848936538338
 20
529.6094472403798
 10
-90.14288646533501
 20
529.6266616415542
 10
-90.10848936538338
 20
529.6094472403798
 10
-90.07363258068641
 20
529.5932314646885
 10
-90.03844292082793
 20
529.5778082489053
 97
        0
 97
        0
 92
        1
 93
        1
 72
     4
 94
        3
 73
     0
 74
     1
 95
       11
 96
        7
 40
0.0
 40
0.0
 40
0.0
 40
0.0
 40
1.0
 40
1.0
 40
1.0
 40
2.0
 40
2.0
 40
2.0
 40
2.0
 10
-90.16168598632207
 20
529.6364576820013
 10
-90.19102655406903
 20
529.6514846178322
 10
-90.22003424665448
 20
529.6671931551848
 10
-90.24872491527802
 20
529.6835198892633
 10
-90.22003424665448
 20
529.6671931551848
 10
-90.19102655406903
 20
529.6514846178322
 10
-90.16168598632207
 20
529.6364576820013
 97
        0
 97
        0
 92
        1
 93
        1
 72
     4
 94
        3
 73
     0
 74
     1
 95
       11
 96
        7
 40
0.0
 40
0.0
 40
0.0
 40
0.0
 40
1.0
 40
1.0
 40
1.0
 40
2.0
 40
2.0
 40
2.0
 40
2.0
 10
-90.27443555865193
 20
529.6982139499326
 10
-90.30776270272872
 20
529.7177584772315
 10
-90.34070941805092
 20
529.7380004572492
 10
-90.37305378784436
 20
529.7592727651455
 10
-90.34070941805092
 20
529.7380004572492
 10
-90.30776270272872
 20
529.7177584772315
 10
-90.27443555865193
 20
529.6982139499326
 97
        0
 97
        0
 92
        1
 93
        1
 72
     4
 94
        3
 73
     0
 74
     1
 95
       11
 96
        7
 40
0.0
 40
0.0
 40
0.0
 40
0.0
 40
1.0
 40
1.0
 40
1.0
 40
2.0
 40
2.0
 40
2.0
 40
2.0
 10
-90.38791428609467
 20
529.7694175319518
 10
-90.41615319557108
 20
529.7883121601267
 10
-90.44394827149988
 20
529.8079359434182
 10
-90.47138669546995
 20
529.8281620722385
 10
-90.44394827149988
 20
529.8079359434182
 10
-90.41615319557108
 20
529.7883121601267
 10
-90.38791428609467
 20
529.7694175319518
 97
        0
 97
        0
 92
        1
 93
        1
 72
     4
 94
        3
 73
     0
 74
     1
 95
       11
 96
        7
 40
0.0
 40
0.0
 40
0.0
 40
0.0
 40
1.0
 40
1.0
 40
1.0
 40
2.0
 40
2.0
 40
2.0
 40
2.0
 10
-90.49549636783313
 20
529.8460739261302
 10
-90.526643972166
 20
529.8696922113502
 10
-90.5573794453492
 20
529.8939445444954
 10
-90.58736991221896
 20
529.9192589079158
 10
-90.5573794453492
 20
529.8939445444954
 10
-90.526643972166
 20
529.8696922113502
 10
-90.49549636783313
 20
529.8460739261302
 97
        0
 97
        0
 92
        1
 93
        1
 72
     4
 94
        3
 73
     0
 74
     1
 95
       38
 96
       34
 40
0.0
 40
0.0
 40
0.0
 40
0.0
 40
1.0
 40
1.0
 40
1.0
 40
2.0
 40
2.0
 40
2.0
 40
3.0
 40
3.0
 40
3.0
 40
4.0
 40
4.0
 40
4.0
 40
5.0
 40
5.0
 40
5.0
 40
6.0
 40
6.0
 40
6.0
 40
7.0
 40
7.0
 40
7.0
 40
8.0
 40
8.0
 40
8.0
 40
9.0
 40
9.0
 40
9.0
 40
10.0
 40
10.0
 40
10.0
 40
11.0
 40
11.0
 40
11.0
 40
11.0
 10
-95.42469589806312
 20
529.9863253272216
 10
-95.71686518207511
 20
529.4032865574445
 10
-96.27977293022035
 20
529.0293092398632
 10
-96.9303378040483
 20
528.9871133504295
 10
-96.9303378040483
 20
528.9871133504295
 10
-109.6844971444776
 20
528.149551892212
 10
-109.6844971444776
 20
528.149551892212
 10
-110.1948264684115
 20
528.1164545905064
 10
-110.6830750733449
 20
528.2885034950563
 10
-111.0589941626989
 20
528.6352009006491
 10
-111.4355631511766
 20
528.981914157442
 10
-111.6472241998633
 20
529.4545810346089
 10
-111.6556728884695
 20
529.9655602576656
 10
-111.6556728884695
 20
529.9655602576656
 10
-111.7446139612008
 20
535.368742314509
 10
-111.7446139612008
 20
535.368742314509
 10
-111.7608455880904
 20
536.3497729670418
 10
-111.0375712684203
 20
537.1691531009992
 10
-110.0630237559251
 20
537.2749756997448
 10
-110.0630237559251
 20
537.2749756997448
 10
-101.8965657331216
 20
538.1618819377569
 10
-101.8965657331216
 20
538.1618819377569
 10
-101.7712620118692
 20
538.1755139681507
 10
-101.6472422376665
 20
538.1819971081883
 10
-101.5232383146619
 20
538.1819971081883
 10
-100.3811753402827
 20
538.1819971081883
 10
-99.31703685593283
 20
537.6112905705602
 10
-98.68335350811735
 20
536.6380587075105
 10
-98.68335350811735
 20
536.6380587075105
 10
-95.52662702766636
 20
531.7906355084547
 10
-95.52662702766636
 20
531.7906355084547
 10
-95.17082310874399
 20
531.2439593871989
 10
-95.13317651317489
 20
530.5693640969974
 10
-95.42469589806312
 20
529.9863253272216
 97
        0
 97
        0
 92
        1
 93
        1
 72
     4
 94
        3
 73
     0
 74
     1
 95
       11
 96
        7
 40
0.0
 40
0.0
 40
0.0
 40
0.0
 40
1.0
 40
1.0
 40
1.0
 40
2.0
 40
2.0
 40
2.0
 40
2.0
 10
-90.88219427191821
 20
530.2209230596097
 10
-90.90762751932478
 20
530.2523876879064
 10
-90.93257730518788
 20
530.2843754057421
 10
-90.95644920957827
 20
530.3174568562482
 10
-90.93258523078642
 20
530.2843754057421
 10
-90.90762751932478
 20
530.2523876879064
 10
-90.88219427191821
 20
530.2209230596097
 97
        0
 97
        0
 92
        1
 93
        1
 72
     4
 94
        3
 73
     0
 74
     1
 95
       11
 96
        7
 40
0.0
 40
0.0
 40
0.0
 40
0.0
 40
1.0
 40
1.0
 40
1.0
 40
2.0
 40
2.0
 40
2.0
 40
2.0
 10
-90.78789549421712
 20
530.1113595781053
 10
-90.81346347680795
 20
530.1390833236425
 10
-90.83823097389276
 20
530.16774228987
 10
-90.86249915823576
 20
530.1969243456361
 10
-90.83823097389276
 20
530.16774228987
 10
-90.81346347680795
 20
530.1390833236425
 10
-90.78789549421712
 20
530.1113595781053
 97
        0
 97
        0
 92
        1
 93
        1
 72
     4
 94
        3
 73
     0
 74
     1
 95
       11
 96
        7
 40
0.0
 40
0.0
 40
0.0
 40
0.0
 40
1.0
 40
1.0
 40
1.0
 40
2.0
 40
2.0
 40
2.0
 40
2.0
 10
-90.78277555721976
 20
530.1056214443802
 10
-90.7556303804144
 20
530.0763601326248
 10
-90.72756583411775
 20
530.0482084047386
 10
-90.69905745427347
 20
530.0206273199842
 10
-90.72756583411775
 20
530.0482084047386
 10
-90.75562245481555
 20
530.0763601326248
 10
-90.78277555721976
 20
530.1056214443802
 97
        0
 97
        0
 92
        1
 93
        1
 72
     4
 94
        3
 73
     0
 74
     1
 95
       11
 96
        7
 40
0.0
 40
0.0
 40
0.0
 40
0.0
 40
1.0
 40
1.0
 40
1.0
 40
2.0
 40
2.0
 40
2.0
 40
2.0
 10
-90.59741957183624
 20
529.9280721740786
 10
-90.62446171585337
 20
529.95118322096
 10
-90.65090943993997
 20
529.9751026789426
 10
-90.67692918167792
 20
529.9995927800613
 10
-90.65091736553914
 20
529.9751026789426
 10
-90.62446171585337
 20
529.95118322096
 10
-90.59741957183624
 20
529.9280721740786
 97
        0
 97
        0
 92
        1
 93
        1
 72
     4
 94
        3
 73
     0
 74
     1
 95
       11
 96
        7
 40
0.0
 40
0.0
 40
0.0
 40
0.0
 40
1.0
 40
1.0
 40
1.0
 40
2.0
 40
2.0
 40
2.0
 40
2.0
 10
-89.11767852360212
 20
529.3871817401422
 10
-89.1014944503068
 20
529.3872926985273
 10
-89.08528660021494
 20
529.3877523832742
 10
-89.06908667572162
 20
529.3881962168238
 10
-89.0852945258138
 20
529.3877523832742
 10
-89.10147859910943
 20
529.3872926985273
 10
-89.11767852360212
 20
529.3871817401422
 97
        0
 97
        0
 92
        1
 93
        1
 72
     4
 94
        3
 73
     0
 74
     1
 95
       11
 96
        7
 40
0.0
 40
0.0
 40
0.0
 40
0.0
 40
1.0
 40
1.0
 40
1.0
 40
2.0
 40
2.0
 40
2.0
 40
2.0
 10
-88.48061887058472
 20
529.4846824598657
 10
-88.45069973410587
 20
529.4939078571807
 10
-88.42088363041589
 20
529.5037514512193
 10
-88.39120226190886
 20
529.5143083491772
 10
-88.42088363041589
 20
529.5037514512193
 10
-88.45069973410587
 20
529.4939078571807
 10
-88.48061887058472
 20
529.4846824598657
 97
        0
 97
        0
 92
        1
 93
        1
 72
     4
 94
        3
 73
     0
 74
     1
 95
       11
 96
        7
 40
0.0
 40
0.0
 40
0.0
 40
0.0
 40
1.0
 40
1.0
 40
1.0
 40
2.0
 40
2.0
 40
2.0
 40
2.0
 10
-89.02623296156526
 20
529.3896069734574
 10
-89.00989037628915
 20
529.390383682165
 10
-88.99353193981503
 20
529.3915566708273
 10
-88.9771814289391
 20
529.3926979570919
 10
-88.99353193981503
 20
529.3915566708273
 10
-89.00989037628915
 20
529.390383682165
 10
-89.02623296156526
 20
529.3896069734574
 97
        0
 97
        0
 92
        1
 93
        1
 72
     4
 94
        3
 73
     0
 74
     1
 95
       11
 96
        7
 40
0.0
 40
0.0
 40
0.0
 40
0.0
 40
1.0
 40
1.0
 40
1.0
 40
2.0
 40
2.0
 40
2.0
 40
2.0
 10
-88.9348111763262
 20
529.3958047919272
 10
-88.91827837667135
 20
529.3972631021554
 10
-88.90176935381466
 20
529.3991810971294
 10
-88.88523655416108
 20
529.4010198361145
 10
-88.90176935381466
 20
529.3991810971294
 10
-88.91827837667135
 20
529.3972631021554
 10
-88.9348111763262
 20
529.3958047919272
 97
        0
 97
        0
 92
        1
 93
        1
 72
     4
 94
        3
 73
     0
 74
     1
 95
       11
 96
        7
 40
0.0
 40
0.0
 40
0.0
 40
0.0
 40
1.0
 40
1.0
 40
1.0
 40
2.0
 40
2.0
 40
2.0
 40
2.0
 10
-88.84334183749121
 20
529.4058227491481
 10
-88.82660297226184
 20
529.4080102144895
 10
-88.8098958094285
 20
529.4106890669759
 10
-88.79318072099598
 20
529.4132728122701
 10
-88.8098958094285
 20
529.4106890669759
 10
-88.82660297226184
 20
529.4080102144895
 10
-88.84334183749121
 20
529.4058227491481
 97
        0
 97
        0
 92
        1
 93
        1
 72
     4
 94
        3
 73
     0
 74
     1
 95
       11
 96
        7
 40
0.0
 40
0.0
 40
0.0
 40
0.0
 40
1.0
 40
1.0
 40
1.0
 40
2.0
 40
2.0
 40
2.0
 40
2.0
 10
-88.75208648983309
 20
529.4196766963188
 10
-88.73490379105544
 20
529.4226567215652
 10
-88.71776864587153
 20
529.4261756875509
 10
-88.70062557508972
 20
529.4295836951508
 10
-88.71776864587153
 20
529.4261756875509
 10
-88.73490379105544
 20
529.4226567215652
 10
-88.75208648983309
 20
529.4196766963188
 97
        0
 97
        0
 92
        1
 93
        1
 72
     4
 94
        3
 73
     0
 74
     1
 95
       11
 96
        7
 40
0.0
 40
0.0
 40
0.0
 40
0.0
 40
1.0
 40
1.0
 40
1.0
 40
2.0
 40
2.0
 40
2.0
 40
2.0
 10
-88.66117986853259
 20
529.4374141870283
 10
-88.6431253538577
 20
529.4413294329694
 10
-88.62514216957436
 20
529.4458470244355
 10
-88.607143134093
 20
529.450237806319
 10
-88.62514216957436
 20
529.4458470244355
 10
-88.6431253538577
 20
529.4413294329694
 10
-88.66117986853259
 20
529.4374141870283
 97
        0
 97
        0
 92
        1
 93
        1
 72
     4
 94
        3
 73
     0
 74
     1
 95
       11
 96
        7
 40
0.0
 40
0.0
 40
0.0
 40
0.0
 40
1.0
 40
1.0
 40
1.0
 40
2.0
 40
2.0
 40
2.0
 40
2.0
 10
-88.57063782478899
 20
529.4590669236818
 10
-88.55061776154548
 20
529.464313670263
 10
-88.530676954293
 20
529.4702261671669
 10
-88.51073614703988
 20
529.4760594080807
 10
-88.530676954293
 20
529.4702261671669
 10
-88.55061776154548
 20
529.464313670263
 10
-88.57063782478899
 20
529.4590669236818
 97
        0
 97
        0
 92
        1
 93
        4
 72
     1
 10
-72.81793111009058
 20
510.2817801824571
 11
-74.03660292505218
 21
510.7206840075971
 72
     1
 10
-74.03660292505218
 20
510.7206840075971
 11
-72.19333842440524
 21
512.254905623819
 72
     1
 10
-72.19333842440524
 20
512.254905623819
 11
-71.51161009504543
 21
511.3874805083144
 72
     1
 10
-71.51161009504543
 20
511.3874805083144
 11
-72.81793111009058
 21
510.2817801824571
 97
        0
 75
     2
 76
     1
 98
        0
  0
SPLINE
  5
A3
330
1F
100
AcDbEntity
  8
Layer 1
370
     0
100
AcDbSpline
210
0.0
220
0.0
230
1.0
 70
    11
 71
     3
 72
   560
 73
   556
 74
     0
 42
0.0000000001
 43
0.0000000001
 12
1.0
 22
0.0
 32
0.0
 13
1.0
 23
0.0
 33
0.0
 40
0.0
 40
0.0
 40
0.0
 40
0.0
 40
1.0
 40
1.0
 40
1.0
 40
2.0
 40
2.0
 40
2.0
 40
3.0
 40
3.0
 40
3.0
 40
4.0
 40
4.0
 40
4.0
 40
5.0
 40
5.0
 40
5.0
 40
6.0
 40
6.0
 40
6.0
 40
7.0
 40
7.0
 40
7.0
 40
8.0
 40
8.0
 40
8.0
 40
9.0
 40
9.0
 40
9.0
 40
10.0
 40
10.0
 40
10.0
 40
11.0
 40
11.0
 40
11.0
 40
12.0
 40
12.0
 40
12.0
 40
13.0
 40
13.0
 40
13.0
 40
14.0
 40
14.0
 40
14.0
 40
15.0
 40
15.0
 40
15.0
 40
16.0
 40
16.0
 40
16.0
 40
17.0
 40
17.0
 40
17.0
 40
18.0
 40
18.0
 40
18.0
 40
19.0
 40
19.0
 40
19.0
 40
20.0
 40
20.0
 40
20.0
 40
21.0
 40
21.0
 40
21.0
 40
22.0
 40
22.0
 40
22.0
 40
23.0
 40
23.0
 40
23.0
 40
24.0
 40
24.0
 40
24.0
 40
25.0
 40
25.0
 40
25.0
 40
26.0
 40
26.0
 40
26.0
 40
27.0
 40
27.0
 40
27.0
 40
28.0
 40
28.0
 40
28.0
 40
29.0
 40
29.0
 40
29.0
 40
30.0
 40
30.0
 40
30.0
 40
31.0
 40
31.0
 40
31.0
 40
32.0
 40
32.0
 40
32.0
 40
33.0
 40
33.0
 40
33.0
 40
34.0
 40
34.0
 40
34.0
 40
35.0
 40
35.0
 40
35.0
 40
36.0
 40
36.0
 40
36.0
 40
37.0
 40
37.0
 40
37.0
 40
38.0
 40
38.0
 40
38.0
 40
39.0
 40
39.0
 40
39.0
 40
40.0
 40
40.0
 40
40.0
 40
41.0
 40
41.0
 40
41.0
 40
42.0
 40
42.0
 40
42.0
 40
43.0
 40
43.0
 40
43.0
 40
44.0
 40
44.0
 40
44.0
 40
45.0
 40
45.0
 40
45.0
 40
46.0
 40
46.0
 40
46.0
 40
47.0
 40
47.0
 40
47.0
 40
48.0
 40
48.0
 40
48.0
 40
49.0
 40
49.0
 40
49.0
 40
50.0
 40
50.0
 40
50.0
 40
51.0
 40
51.0
 40
51.0
 40
52.0
 40
52.0
 40
52.0
 40
53.0
 40
53.0
 40
53.0
 40
54.0
 40
54.0
 40
54.0
 40
55.0
 40
55.0
 40
55.0
 40
56.0
 40
56.0
 40
56.0
 40
57.0
 40
57.0
 40
57.0
 40
58.0
 40
58.0
 40
58.0
 40
59.0
 40
59.0
 40
59.0
 40
60.0
 40
60.0
 40
60.0
 40
61.0
 40
61.0
 40
61.0
 40
62.0
 40
62.0
 40
62.0
 40
63.0
 40
63.0
 40
63.0
 40
64.0
 40
64.0
 40
64.0
 40
65.0
 40
65.0
 40
65.0
 40
66.0
 40
66.0
 40
66.0
 40
67.0
 40
67.0
 40
67.0
 40
68.0
 40
68.0
 40
68.0
 40
69.0
 40
69.0
 40
69.0
 40
70.0
 40
70.0
 40
70.0
 40
71.0
 40
71.0
 40
71.0
 40
72.0
 40
72.0
 40
72.0
 40
73.0
 40
73.0
 40
73.0
 40
74.0
 40
74.0
 40
74.0
 40
75.0
 40
75.0
 40
75.0
 40
76.0
 40
76.0
 40
76.0
 40
77.0
 40
77.0
 40
77.0
 40
78.0
 40
78.0
 40
78.0
 40
79.0
 40
79.0
 40
79.0
 40
80.0
 40
80.0
 40
80.0
 40
81.0
 40
81.0
 40
81.0
 40
82.0
 40
82.0
 40
82.0
 40
83.0
 40
83.0
 40
83.0
 40
84.0
 40
84.0
 40
84.0
 40
85.0
 40
85.0
 40
85.0
 40
86.0
 40
86.0
 40
86.0
 40
87.0
 40
87.0
 40
87.0
 40
88.0
 40
88.0
 40
88.0
 40
89.0
 40
89.0
 40
89.0
 40
90.0
 40
90.0
 40
90.0
 40
91.0
 40
91.0
 40
91.0
 40
92.0
 40
92.0
 40
92.0
 40
93.0
 40
93.0
 40
93.0
 40
94.0
 40
94.0
 40
94.0
 40
95.0
 40
95.0
 40
95.0
 40
96.0
 40
96.0
 40
96.0
 40
97.0
 40
97.0
 40
97.0
 40
98.0
 40
98.0
 40
98.0
 40
99.0
 40
99.0
 40
99.0
 40
100.0
 40
100.0
 40
100.0
 40
101.0
 40
101.0
 40
101.0
 40
102.0
 40
102.0
 40
102.0
 40
103.0
 40
103.0
 40
103.0
 40
104.0
 40
104.0
 40
104.0
 40
105.0
 40
105.0
 40
105.0
 40
106.0
 40
106.0
 40
106.0
 40
107.0
 40
107.0
 40
107.0
 40
108.0
 40
108.0
 40
108.0
 40
109.0
 40
109.0
 40
109.0
 40
110.0
 40
110.0
 40
110.0
 40
111.0
 40
111.0
 40
111.0
 40
112.0
 40
112.0
 40
112.0
 40
113.0
 40
113.0
 40
113.0
 40
114.0
 40
114.0
 40
114.0
 40
115.0
 40
115.0
 40
115.0
 40
116.0
 40
116.0
 40
116.0
 40
117.0
 40
117.0
 40
117.0
 40
118.0
 40
118.0
 40
118.0
 40
119.0
 40
119.0
 40
119.0
 40
120.0
 40
120.0
 40
120.0
 40
121.0
 40
121.0
 40
121.0
 40
122.0
 40
122.0
 40
122.0
 40
123.0
 40
123.0
 40
123.0
 40
124.0
 40
124.0
 40
124.0
 40
125.0
 40
125.0
 40
125.0
 40
126.0
 40
126.0
 40
126.0
 40
127.0
 40
127.0
 40
127.0
 40
128.0
 40
128.0
 40
128.0
 40
129.0
 40
129.0
 40
129.0
 40
130.0
 40
130.0
 40
130.0
 40
131.0
 40
131.0
 40
131.0
 40
132.0
 40
132.0
 40
132.0
 40
133.0
 40
133.0
 40
133.0
 40
134.0
 40
134.0
 40
134.0
 40
135.0
 40
135.0
 40
135.0
 40
136.0
 40
136.0
 40
136.0
 40
137.0
 40
137.0
 40
137.0
 40
138.0
 40
138.0
 40
138.0
 40
139.0
 40
139.0
 40
139.0
 40
140.0
 40
140.0
 40
140.0
 40
141.0
 40
141.0
 40
141.0
 40
142.0
 40
142.0
 40
142.0
 40
143.0
 40
143.0
 40
143.0
 40
144.0
 40
144.0
 40
144.0
 40
145.0
 40
145.0
 40
145.0
 40
146.0
 40
146.0
 40
146.0
 40
147.0
 40
147.0
 40
147.0
 40
148.0
 40
148.0
 40
148.0
 40
149.0
 40
149.0
 40
149.0
 40
150.0
 40
150.0
 40
150.0
 40
151.0
 40
151.0
 40
151.0
 40
152.0
 40
152.0
 40
152.0
 40
153.0
 40
153.0
 40
153.0
 40
154.0
 40
154.0
 40
154.0
 40
155.0
 40
155.0
 40
155.0
 40
156.0
 40
156.0
 40
156.0
 40
157.0
 40
157.0
 40
157.0
 40
158.0
 40
158.0
 40
158.0
 40
159.0
 40
159.0
 40
159.0
 40
160.0
 40
160.0
 40
160.0
 40
161.0
 40
161.0
 40
161.0
 40
162.0
 40
162.0
 40
162.0
 40
163.0
 40
163.0
 40
163.0
 40
164.0
 40
164.0
 40
164.0
 40
165.0
 40
165.0
 40
165.0
 40
166.0
 40
166.0
 40
166.0
 40
167.0
 40
167.0
 40
167.0
 40
168.0
 40
168.0
 40
168.0
 40
169.0
 40
169.0
 40
169.0
 40
170.0
 40
170.0
 40
170.0
 40
171.0
 40
171.0
 40
171.0
 40
172.0
 40
172.0
 40
172.0
 40
173.0
 40
173.0
 40
173.0
 40
174.0
 40
174.0
 40
174.0
 40
175.0
 40
175.0
 40
175.0
 40
176.0
 40
176.0
 40
176.0
 40
177.0
 40
177.0
 40
177.0
 40
178.0
 40
178.0
 40
178.0
 40
179.0
 40
179.0
 40
179.0
 40
180.0
 40
180.0
 40
180.0
 40
181.0
 40
181.0
 40
181.0
 40
182.0
 40
182.0
 40
182.0
 40
183.0
 40
183.0
 40
183.0
 40
184.0
 40
184.0
 40
184.0
 40
185.0
 40
185.0
 40
185.0
 40
185.0
 10
143.5745136448102
 20
488.29683132541
 30
0.0
 10
142.9335916238651
 20
488.5901030833466
 30
0.0
 10
142.2492883692436
 20
488.7892845888211
 30
0.0
 10
141.7250627245952
 20
488.9291986699963
 30
0.0
 10
140.1572784390294
 20
489.3495562237305
 30
0.0
 10
138.4184155429438
 20
489.6403853866306
 30
0.0
 10
136.4107217558962
 20
489.8194033633076
 30
0.0
 10
134.6920223886075
 20
489.9727610400681
 30
0.0
 10
133.1266806980782
 20
490.0051412731994
 30
0.0
 10
131.6254916219181
 20
489.9189941160452
 30
0.0
 10
131.6254916219181
 20
489.9189941160452
 30
0.0
 10
131.6126633365359
 20
489.9171593729027
 30
0.0
 10
131.6126633365359
 20
489.9171593729027
 30
0.0
 10
131.6126633365359
 20
489.9171593729027
 30
0.0
 10
102.2725772160571
 20
483.9643389782952
 30
0.0
 10
99.95695237170126
 20
483.4944918387187
 30
0.0
 10
99.98750159084375
 20
483.9851140881397
 30
0.0
 10
99.74738144672891
 20
485.3164477158736
 30
0.0
 10
99.7443309997984
 20
485.3317223254474
 30
0.0
 10
99.44066609320895
 20
486.8200793870721
 30
0.0
 10
98.78569262478781
 20
488.1019271581143
 30
0.0
 10
97.85150257505838
 20
489.0391751130792
 30
0.0
 10
96.4529509694133
 20
490.4419965986
 30
0.0
 10
94.55218690766937
 20
490.9417813762726
 30
0.0
 10
92.70639801543199
 20
491.272933867614
 30
0.0
 10
91.01275109616584
 20
491.5765950450494
 30
0.0
 10
89.18407155664227
 20
491.7574440357153
 30
0.0
 10
86.95153223505112
 20
491.8411485978326
 30
0.0
 10
86.49879817733867
 20
491.8582579505467
 30
0.0
 10
86.06194285194024
 20
491.870478384034
 30
0.0
 10
85.63975055506535
 20
491.8784214793432
 30
0.0
 10
84.41533546517707
 20
493.1932573354109
 30
0.0
 10
82.78890279466872
 20
494.8814074835592
 30
0.0
 10
81.14718059797795
 20
496.4168115359915
 30
0.0
 10
78.2877781612241
 20
499.0917066832556
 30
0.0
 10
74.34875617667865
 20
502.0806375108398
 30
0.0
 10
73.20988785035615
 20
502.932957741592
 30
0.0
 10
73.1219096792119
 20
502.9983372472085
 30
0.0
 10
73.01009476383487
 20
503.0233822369271
 30
0.0
 10
72.90194933474136
 20
503.0013951524456
 30
0.0
 10
72.79441548669622
 20
502.9793931513541
 30
0.0
 10
72.70154466717395
 20
502.9121863609025
 30
0.0
 10
72.64656203936183
 20
502.8168766754965
 30
0.0
 10
72.64656203936183
 20
502.8168766754965
 30
0.0
 10
72.06001106518119
 20
501.7977514432496
 30
0.0
 10
72.06001106518119
 20
501.7977514432496
 30
0.0
 10
71.98669592256141
 20
501.6694462145118
 30
0.0
 10
71.99219269368156
 20
501.5136422135617
 30
0.0
 10
72.07467409370501
 20
501.3908337559444
 30
0.0
 10
72.36794958079565
 20
500.9576479168298
 30
0.0
 10
73.15794821116894
 20
499.829765674442
 30
0.0
 10
74.15935996796178
 20
498.7251160535449
 30
0.0
 10
75.26584433200117
 20
497.5043629916335
 30
0.0
 10
79.62277754608995
 20
493.2922365071001
 30
0.0
 10
80.57713485376864
 20
492.3720941756966
 30
0.0
 10
80.57713485376864
 20
492.3720941756966
 30
0.0
 10
76.63445829955118
 20
492.6940841387862
 30
0.0
 10
76.63445829955118
 20
492.6940841387862
 30
0.0
 10
76.44749349841246
 20
492.8431644773676
 30
0.0
 10
76.259917116226
 20
492.9916332349028
 30
0.0
 10
76.07173661129869
 20
493.1394904113874
 30
0.0
 10
76.07173661129869
 20
493.1394904113874
 30
0.0
 10
76.06318193494243
 20
493.1468256548026
 30
0.0
 10
76.06318193494243
 20
493.1468256548026
 30
0.0
 10
74.7654517024334
 20
494.1720555100662
 30
0.0
 10
73.46588672678341
 20
495.1868996749821
 30
0.0
 10
72.20054045655846
 20
496.1632552546014
 30
0.0
 10
71.86878011332304
 20
496.4192578601815
 30
0.0
 10
71.53151554066059
 20
496.682591980022
 30
0.0
 10
71.20585609128652
 20
496.9379830045559
 30
0.0
 10
69.85802096273285
 20
497.9931504979126
 30
0.0
 10
68.46436946377104
 20
499.0837561296408
 30
0.0
 10
66.98151663157142
 20
499.9764108762924
 30
0.0
 10
66.92713066819553
 20
500.0093989613177
 30
0.0
 10
66.87214804038372
 20
500.0423945046485
 30
0.0
 10
66.81410004902928
 20
500.0766057517699
 30
0.0
 10
64.56873244205622
 20
501.4006115943955
 30
0.0
 10
61.97327197703879
 20
502.3610847125473
 30
0.0
 10
59.0600951579571
 20
502.9482323511648
 30
0.0
 10
59.0600951579571
 20
502.9482323511648
 30
0.0
 10
59.53972386513841
 20
504.9400474058999
 30
0.0
 10
59.53972386513841
 20
504.9400474058999
 30
0.0
 10
59.55927208373499
 20
505.021917224875
 30
0.0
 10
59.50917464599593
 20
505.1043986249004
 30
0.0
 10
59.42668578766688
 20
505.1239543018019
 30
0.0
 10
59.34481596869085
 20
505.1441141014469
 30
0.0
 10
59.26233456866643
 20
505.0934050826588
 30
0.0
 10
59.24277889176491
 20
505.0115278053781
 30
0.0
 10
59.24277889176491
 20
505.0115278053781
 30
0.0
 10
58.76010719595803
 20
503.0068844652604
 30
0.0
 10
58.76010719595803
 20
503.0068844652604
 30
0.0
 10
57.32062440997691
 20
503.2824390185905
 30
0.0
 10
55.80538015718732
 20
503.4681806576344
 30
0.0
 10
54.21865550491985
 20
503.5628862202973
 30
0.0
 10
50.15989042629875
 20
503.8048336492488
 30
0.0
 10
45.82128972701794
 20
503.4474092769436
 30
0.0
 10
41.32321554050448
 20
502.4991603214326
 30
0.0
 10
38.74975707657951
 20
501.9566058911296
 30
0.0
 10
34.18570672001296
 20
500.4260870287684
 30
0.0
 10
30.52406657363391
 20
499.1540208253282
 30
0.0
 10
29.92347906858835
 20
499.4155239311818
 30
0.0
 10
29.42492118216283
 20
499.8487097702965
 30
0.0
 10
29.08154079902787
 20
500.4065388101696
 30
0.0
 10
29.08154079902787
 20
500.4065388101696
 30
0.0
 10
24.26147664942352
 20
508.2363051680525
 30
0.0
 10
24.26147664942352
 20
508.2363051680525
 30
0.0
 10
24.18388043947281
 20
508.3633946930011
 30
0.0
 10
24.024421868851
 20
508.4092185217129
 30
0.0
 10
23.89061986899398
 20
508.3420042729554
 30
0.0
 10
23.82034771499944
 20
508.3065698637402
 30
0.0
 10
23.76658824928214
 20
508.2430251012656
 30
0.0
 10
23.74458624819033
 20
508.1672636344584
 30
0.0
 10
23.7219875826626
 20
508.0915021676486
 30
0.0
 10
23.73236954385551
 20
508.0090207676265
 30
0.0
 10
23.77268914314381
 20
507.9411949378203
 30
0.0
 10
23.77268914314381
 20
507.9411949378203
 30
0.0
 10
28.46994483513049
 20
500.010010542366
 30
0.0
 10
28.46994483513049
 20
500.010010542366
 30
0.0
 10
28.72594371155808
 20
499.5768247032511
 30
0.0
 10
28.87624348308116
 20
499.0898719401137
 30
0.0
 10
28.9086274453662
 20
498.5894718522394
 30
0.0
 10
28.58541432018017
 20
498.4764412330728
 30
0.0
 10
28.27504439698851
 20
498.3676842229322
 30
0.0
 10
27.97993416675692
 20
498.2638198611712
 30
0.0
 10
27.09767629790813
 20
497.9540466024139
 30
0.0
 10
26.33578056248736
 20
497.6864426026989
 30
0.0
 10
25.82927212244708
 20
497.514752411132
 30
0.0
 10
23.34255375095973
 20
496.6722025605257
 30
0.0
 10
8.576898943943569
 20
490.1792740598047
 30
0.0
 10
7.336612580047482
 20
489.6336654534178
 30
0.0
 10
7.336612580047482
 20
489.6336654534178
 30
0.0
 10
-3.530362216627975
 20
512.6702230110433
 30
0.0
 10
-3.530362216627975
 20
512.6702230110433
 30
0.0
 10
-3.570681815916594
 20
512.7551432769505
 30
0.0
 10
-3.590849073865527
 20
512.8504604206621
 30
0.0
 10
-3.588402749676841
 20
512.9482164302577
 30
0.0
 10
-3.588402749676841
 20
512.9482164302577
 30
0.0
 10
-3.588402749676841
 20
512.9616637549921
 30
0.0
 10
-3.588402749676841
 20
512.9616637549921
 30
0.0
 10
-3.579855531625207
 20
513.3276428036547
 30
0.0
 10
-3.827307190002122
 20
513.6532873364187
 30
0.0
 10
-4.174342142809743
 20
513.7486044801306
 30
0.0
 10
-4.174342142809743
 20
513.7486044801306
 30
0.0
 10
-4.174342142809743
 20
514.5502231504024
 30
0.0
 10
-4.174342142809743
 20
514.5502231504024
 30
0.0
 10
-4.174342142809743
 20
514.7329068842085
 30
0.0
 10
-4.245210961240524
 20
514.9052011985182
 30
0.0
 10
-4.374746810378111
 20
515.0341180083032
 30
0.0
 10
-4.504879323951941
 20
515.1636463991358
 30
0.0
 10
-4.6765695155191
 20
515.2345226758712
 30
0.0
 10
-4.85925324932658
 20
515.2345226758712
 30
0.0
 10
-5.236837421276682
 20
515.2345226758712
 30
0.0
 10
-5.544164355843738
 20
514.9278073223516
 30
0.0
 10
-5.544164355843738
 20
514.5502231504024
 30
0.0
 10
-5.544164355843738
 20
514.5502231504024
 30
0.0
 10
-5.544164355843738
 20
513.5598123941545
 30
0.0
 10
-5.544164355843738
 20
513.5598123941545
 30
0.0
 10
-5.731129156982459
 20
513.4095051643259
 30
0.0
 10
-5.841109329217243
 20
513.1816091828521
 30
0.0
 10
-5.841109329217243
 20
512.9396617539003
 30
0.0
 10
-5.841109329217243
 20
512.9286682116615
 30
0.0
 10
-5.841109329217243
 20
512.9170556300692
 30
0.0
 10
-5.840497748170153
 20
512.9085009537116
 30
0.0
 10
-5.831950530118839
 20
512.6879364864976
 30
0.0
 10
-5.943138947837597
 20
512.478977142575
 30
0.0
 10
-6.130715330024051
 20
512.3635076575233
 30
0.0
 10
-6.130715330024051
 20
512.3635076575233
 30
0.0
 10
-9.030444824371148
 20
510.5696509461676
 30
0.0
 10
-9.030444824371148
 20
510.5696509461676
 30
0.0
 10
-9.174643702032565
 20
510.4810611939772
 30
0.0
 10
-9.27361541541682
 20
510.3338193276896
 30
0.0
 10
-9.302329891417388
 20
510.1670143261968
 30
0.0
 10
-9.331655948465366
 20
509.9996052019592
 30
0.0
 10
-9.287055281845825
 20
509.827922468698
 30
0.0
 10
-9.181356176941962
 20
509.6947245915819
 30
0.0
 10
-9.181356176941962
 20
509.6947245915819
 30
0.0
 10
-8.91924149004122
 20
509.3672378573724
 30
0.0
 10
-8.91924149004122
 20
509.3672378573724
 30
0.0
 10
-8.823327681894343
 20
509.2474873049912
 30
0.0
 10
-8.758559757324909
 20
509.1051231704707
 30
0.0
 10
-8.73227668890346
 20
508.9548233989483
 30
0.0
 10
-8.73227668890346
 20
508.9548233989483
 30
0.0
 10
-4.385740352618431
 20
484.6229819330005
 30
0.0
 10
-4.385740352618431
 20
484.6229819330005
 30
0.0
 10
-5.179408469275228
 20
483.6539578676442
 30
0.0
 10
-5.018726736558917
 20
482.4796476738025
 30
0.0
 10
-4.9417421076553
 20
482.113057044092
 30
0.0
 10
-4.9417421076553
 20
482.113057044092
 30
0.0
 10
-26.99460884225079
 20
481.4831322945382
 30
0.0
 10
-26.99460884225079
 20
481.4831322945382
 30
0.0
 10
-30.51998574797168
 20
481.4831322945382
 30
0.0
 10
-32.03828790599769
 20
481.0145083170576
 30
0.0
 10
-32.62910503089839
 20
480.7346764255477
 30
0.0
 10
-32.92848141185006
 20
480.5935391822755
 30
0.0
 10
-33.26696914660636
 20
480.5373296632168
 30
0.0
 10
-33.60790320555232
 20
480.5733756534797
 30
0.0
 10
-39.01756131796255
 20
481.1422019647463
 30
0.0
 10
-66.19841580116409
 20
484.0010002787584
 30
0.0
 10
-70.05556796673284
 20
484.4439639563241
 30
0.0
 10
-72.39380639322818
 20
484.7127948472867
 30
0.0
 10
-75.448728307477
 20
484.5429431280136
 30
0.0
 10
-77.83768321106407
 20
484.0113859691054
 30
0.0
 10
-79.96449359452933
 20
483.5378730723966
 30
0.0
 10
-82.57281217815037
 20
482.5725184933238
 30
0.0
 10
-82.92227853853647
 20
480.6607459727277
 30
0.0
 10
-83.1208484629626
 20
479.5707519220505
 30
0.0
 10
-82.96932552934437
 20
478.7556971145014
 30
0.0
 10
-82.47197588840282
 20
478.236971970126
 30
0.0
 10
-81.81883716312296
 20
477.5563344726355
 30
0.0
 10
-80.79851114369646
 20
477.6223218301453
 30
0.0
 10
-80.5858897717939
 20
477.6449279539799
 30
0.0
 10
-80.42825102770284
 20
477.5306741727176
 30
0.0
 10
-79.67857199661753
 20
477.0260004758192
 30
0.0
 10
-78.14010258064194
 20
476.542101888765
 30
0.0
 10
-76.56989061665075
 20
476.0484254632601
 30
0.0
 10
-73.84549096693294
 20
475.4881538283481
 30
0.0
 10
-69.78062499445018
 20
475.6213479763134
 30
0.0
 10
-69.78062499445018
 20
475.6213479763134
 30
0.0
 10
-29.39088780179403
 20
472.172340389294
 30
0.0
 10
-29.39088780179403
 20
472.172340389294
 30
0.0
 10
-29.39088780179403
 20
472.172340389294
 30
0.0
 10
-29.26320161240953
 20
470.9430401093326
 30
0.0
 10
-29.26320161240953
 20
470.9430401093326
 30
0.0
 10
-29.24852366727421
 20
470.8067917852869
 30
0.0
 10
-29.16788446869793
 20
470.6870375037529
 30
0.0
 10
-29.04691075422283
 20
470.6228848893846
 30
0.0
 10
-28.98703547803236
 20
470.5911125081473
 30
0.0
 10
-28.92104439136907
 20
470.5752263175287
 30
0.0
 10
-28.85505330470609
 20
470.5752263175287
 30
0.0
 10
-28.78846555360623
 20
470.5752263175287
 30
0.0
 10
-28.72186288589585
 20
470.5917240891928
 30
0.0
 10
-28.66076444761056
 20
470.6247159033725
 30
0.0
 10
-28.66076444761056
 20
470.6247159033725
 30
0.0
 10
-26.27914851659115
 20
471.9065636744153
 30
0.0
 10
-26.27914851659115
 20
471.9065636744153
 30
0.0
 10
-26.27914851659115
 20
471.9065636744153
 30
0.0
 10
-26.27853693554342
 20
471.9065636744153
 30
0.0
 10
-26.27853693554342
 20
471.9065636744153
 30
0.0
 10
-26.27853693554342
 20
471.9065636744153
 30
0.0
 10
-14.23419403978759
 20
470.8776643328683
 30
0.0
 10
-14.23419403978759
 20
470.8776643328683
 30
0.0
 10
-14.23419403978759
 20
470.8776643328683
 30
0.0
 10
-14.23419403978759
 20
469.8573196676787
 30
0.0
 10
-14.23419403978759
 20
469.8573196676787
 30
0.0
 10
-14.23419403978759
 20
469.7296260199902
 30
0.0
 10
-14.17188735601929
 20
469.6092601574082
 30
0.0
 10
-14.06678491555167
 20
469.5359450147884
 30
0.0
 10
-14.00019716445149
 20
469.4895096050292
 30
0.0
 10
-13.92137779240628
 20
469.4656803191014
 30
0.0
 10
-13.84194683931365
 20
469.4656803191014
 30
0.0
 10
-13.79673459164702
 20
469.4656803191014
 30
0.0
 10
-13.7509107629333
 20
469.4736234144105
 30
0.0
 10
-13.70692167736149
 20
469.4895096050292
 30
0.0
 10
-13.60365398003579
 20
469.5273903384315
 30
0.0
 10
-13.52118003831759
 20
469.607429143421
 30
0.0
 10
-13.47963727693447
 20
469.7094624911922
 30
0.0
 10
-13.47963727693447
 20
469.7094624911922
 30
0.0
 10
-13.04399765532497
 20
470.7762425661431
 30
0.0
 10
-13.04399765532497
 20
470.7762425661431
 30
0.0
 10
-13.04399765532497
 20
470.7762425661431
 30
0.0
 10
8.275076238802258
 20
468.9555098510809
 30
0.0
 10
8.275076238802258
 20
468.9555098510809
 30
0.0
 10
8.275076238802258
 20
468.9555098510809
 30
0.0
 10
8.386279573132187
 20
467.7194859087521
 30
0.0
 10
8.386279573132187
 20
467.7194859087521
 30
0.0
 10
8.400331020608604
 20
467.5600198798267
 30
0.0
 10
8.49197867803605
 20
467.417659474459
 30
0.0
 10
8.630673326272364
 20
467.3382322505195
 30
0.0
 10
8.705823212033744
 20
467.2954625978894
 30
0.0
 10
8.78952031584676
 20
467.2740796361512
 30
0.0
 10
8.873232336270624
 20
467.2740796361512
 30
0.0
 10
8.944712735748816
 20
467.2740796361512
 30
0.0
 10
9.016819632883987
 20
467.2899658267698
 30
0.0
 10
9.083407383984166
 20
467.3211266269591
 30
0.0
 10
9.083407383984166
 20
467.3211266269591
 30
0.0
 10
11.86216316385616
 20
468.6414629833001
 30
0.0
 10
11.86216316385616
 20
468.6414629833001
 30
0.0
 10
11.86216316385616
 20
468.6414629833001
 30
0.0
 10
11.86277474490325
 20
468.6414629833001
 30
0.0
 10
11.86277474490325
 20
468.6414629833001
 30
0.0
 10
11.86277474490325
 20
468.6414629833001
 30
0.0
 10
11.98741794566283
 20
468.6304657119077
 30
0.0
 10
11.98741794566283
 20
468.6304657119077
 30
0.0
 10
11.98741794566283
 20
468.6304657119077
 30
0.0
 10
11.98741794566283
 20
462.2609535206976
 30
0.0
 10
11.98741794566283
 20
462.2609535206976
 30
0.0
 10
11.444856057054
 20
462.5914944309926
 30
0.0
 10
10.84488013305521
 20
462.7747897458475
 30
0.0
 10
10.21434007330341
 20
462.7747897458475
 30
0.0
 10
7.778353095518967
 20
462.7747897458475
 30
0.0
 10
5.804258974544732
 20
460.0424693757357
 30
0.0
 10
5.804258974544732
 20
456.6716658505648
 30
0.0
 10
5.804258974544732
 20
453.301477635591
 30
0.0
 10
7.778353095518967
 20
450.569153536328
 30
0.0
 10
10.21434007330341
 20
450.569153536328
 30
0.0
 10
12.64973038665161
 20
450.569153536328
 30
0.0
 10
14.62382450762585
 20
453.301477635591
 30
0.0
 10
14.62382450762585
 20
456.6716658505648
 30
0.0
 10
14.62382450762585
 20
457.0193161135726
 30
0.0
 10
14.6030456686295
 20
457.3602464433649
 30
0.0
 10
14.56209957168262
 20
457.6920105157544
 30
0.0
 10
14.56209957168262
 20
457.6920105157544
 30
0.0
 10
14.78083675405833
 20
460.0693528377478
 30
0.0
 10
14.78083675405833
 20
460.0693528377478
 30
0.0
 10
14.78083675405833
 20
460.0693528377478
 30
0.0
 10
15.34050799537999
 20
460.1982696475327
 30
0.0
 10
15.34050799537999
 20
460.1982696475327
 30
0.0
 10
15.34050799537999
 20
460.1982696475327
 30
0.0
 10
16.2068796736098
 20
468.2608171769618
 30
0.0
 10
16.2068796736098
 20
468.2608171769618
 30
0.0
 10
16.2068796736098
 20
468.2608171769618
 30
0.0
 10
18.32271143144592
 20
468.0750792670697
 30
0.0
 10
18.32271143144592
 20
468.0750792670697
 30
0.0
 10
18.32271143144592
 20
468.0750792670697
 30
0.0
 10
18.30743682187436
 20
464.9162892619055
 30
0.0
 10
18.30743682187436
 20
464.9162892619055
 30
0.0
 10
18.30682524082727
 20
464.8105901569998
 30
0.0
 10
18.23840274658581
 20
464.7177193374791
 30
0.0
 10
18.13758137344911
 20
464.6853391043475
 30
0.0
 10
18.13758137344911
 20
464.6853391043475
 30
0.0
 10
16.64862018908129
 20
464.2093798834513
 30
0.0
 10
16.64862018908129
 20
464.2093798834513
 30
0.0
 10
16.39260639604253
 20
464.1275100644736
 30
0.0
 10
16.24108346242527
 20
463.8672301207148
 30
0.0
 10
16.29669258789533
 20
463.603896000873
 30
0.0
 10
16.32601864494331
 20
463.4633703386472
 30
0.0
 10
16.40910416770859
 20
463.3442276381612
 30
0.0
 10
16.53070437984228
 20
463.2684661713521
 30
0.0
 10
16.61501306470207
 20
463.2159224094253
 30
0.0
 10
16.71033020841334
 20
463.1890389474133
 30
0.0
 10
16.8062440165615
 20
463.1890389474133
 30
0.0
 10
16.84963643769675
 20
463.1890389474133
 30
0.0
 10
16.89240236117405
 20
463.193924137487
 30
0.0
 10
16.93516828465136
 20
463.2049214088804
 30
0.0
 10
16.93516828465136
 20
463.2049214088804
 30
0.0
 10
19.23796484362587
 20
463.7847487206913
 30
0.0
 10
19.23796484362587
 20
463.7847487206913
 30
0.0
 10
19.4328801983787
 20
463.833626725489
 30
0.0
 10
19.5660706171896
 20
464.0083673639889
 30
0.0
 10
19.56056638776385
 20
464.2093798834513
 30
0.0
 10
19.56056638776385
 20
464.2093798834513
 30
0.0
 10
19.46769556824126
 20
467.9748769332863
 30
0.0
 10
19.46769556824126
 20
467.9748769332863
 30
0.0
 10
19.46769556824126
 20
467.9748769332863
 30
0.0
 10
23.51730184776331
 20
467.6198951560152
 30
0.0
 10
23.51730184776331
 20
467.6198951560152
 30
0.0
 10
23.51730184776331
 20
467.6198951560152
 30
0.0
 10
23.51730184776331
 20
466.6331576152042
 30
0.0
 10
23.51730184776331
 20
466.6331576152042
 30
0.0
 10
23.51730184776331
 20
466.4266445954705
 30
0.0
 10
23.61871988533689
 20
466.232963590269
 30
0.0
 10
23.78859025037363
 20
466.1156519037715
 30
0.0
 10
23.89551251737167
 20
466.0417251801033
 30
0.0
 10
24.02075238256749
 20
466.0038444467014
 30
0.0
 10
24.14723032646866
 20
466.0038444467014
 30
0.0
 10
24.22238021223004
 20
466.0038444467014
 30
0.0
 10
24.29753009799174
 20
466.0172843131297
 30
0.0
 10
24.36962207851671
 20
466.0441677751414
 30
0.0
 10
25.20668261631003
 20
466.3594340758642
 30
0.0
 10
26.11092756963914
 20
466.9875278114277
 30
0.0
 10
26.54289770496417
 20
467.307683031376
 30
0.0
 10
26.55817231453573
 20
467.2966857599826
 30
0.0
 10
26.57344692410729
 20
467.2838537454485
 30
0.0
 10
26.58688679053661
 20
467.2698022979711
 30
0.0
 10
26.58688679053661
 20
467.2698022979711
 30
0.0
 10
26.74574869672154
 20
467.1078899448553
 30
0.0
 10
26.74574869672154
 20
467.1078899448553
 30
0.0
 10
26.8428856669642
 20
467.0089107731658
 30
0.0
 10
26.97791082891572
 20
466.9527012541071
 30
0.0
 10
27.11660547715204
 20
466.9527012541071
 30
0.0
 10
27.11660547715204
 20
466.9527012541071
 30
0.0
 10
29.16951897017212
 20
466.9527012541071
 30
0.0
 10
29.16951897017212
 20
466.9527012541071
 30
0.0
 10
29.2416258673073
 20
466.9527012541071
 30
0.0
 10
29.31004836154907
 20
466.9300951302728
 30
0.0
 10
29.36808889459794
 20
466.8879370586907
 30
0.0
 10
29.36808889459794
 20
466.8879370586907
 30
0.0
 10
29.93508419187609
 20
466.4742994381721
 30
0.0
 10
29.93508419187609
 20
466.4742994381721
 30
0.0
 10
30.02795501139772
 20
466.4064810666721
 30
0.0
 10
30.14282783201083
 20
466.3704350764114
 30
0.0
 10
30.25585099287182
 20
466.3747086854352
 30
0.0
 10
30.25585099287182
 20
466.3747086854352
 30
0.0
 10
35.76143783004042
 20
466.5347862954109
 30
0.0
 10
35.76143783004042
 20
466.5347862954109
 30
0.0
 10
35.89646299199195
 20
466.5390636335887
 30
0.0
 10
36.01988303065669
 20
466.4620827338376
 30
0.0
 10
36.07670040161106
 20
466.339885857268
 30
0.0
 10
36.15795118123474
 20
466.1626988945791
 30
0.0
 10
36.34187299374758
 20
466.0484451133186
 30
0.0
 10
36.54470906889443
 20
466.0484451133186
 30
0.0
 10
36.54470906889443
 20
466.0484451133186
 30
0.0
 10
36.54654381203602
 20
466.0484451133186
 30
0.0
 10
36.54654381203602
 20
466.0484451133186
 30
0.0
 10
36.54654381203602
 20
466.0484451133186
 30
0.0
 10
62.62885702650797
 20
466.1969138708545
 30
0.0
 10
62.62885702650797
 20
466.1969138708545
 30
0.0
 10
62.62885702650797
 20
466.1969138708545
 30
0.0
 10
62.62885702650797
 20
465.4845077212782
 30
0.0
 10
62.62885702650797
 20
465.4845077212782
 30
0.0
 10
62.62885702650797
 20
465.2083415869017
 30
0.0
 10
62.85370256105125
 20
464.9834997815118
 30
0.0
 10
63.1304802764755
 20
464.9834997815118
 30
0.0
 10
63.1304802764755
 20
464.9834997815118
 30
0.0
 10
63.37487402961536
 20
464.9834997815118
 30
0.0
 10
63.37487402961536
 20
464.9834997815118
 30
0.0
 10
63.65104016399316
 20
464.9834997815118
 30
0.0
 10
63.87587824023021
 20
465.2083415869017
 30
0.0
 10
63.87587824023021
 20
465.4845077212782
 30
0.0
 10
63.87587824023021
 20
465.4845077212782
 30
0.0
 10
63.87587824023021
 20
466.2036338040685
 30
0.0
 10
63.87587824023021
 20
466.2036338040685
 30
0.0
 10
63.87587824023021
 20
466.2036338040685
 30
0.0
 10
64.06406620346375
 20
466.204856966164
 30
0.0
 10
64.06406620346375
 20
466.204856966164
 30
0.0
 10
64.06406620346375
 20
466.204856966164
 30
0.0
 10
64.10805528903556
 20
466.204856966164
 30
0.0
 10
64.10805528903556
 20
466.204856966164
 30
0.0
 10
64.10805528903556
 20
466.204856966164
 30
0.0
 10
64.54001796605564
 20
466.7523003156918
 30
0.0
 10
64.54001796605564
 20
466.7523003156918
 30
0.0
 10
64.54001796605564
 20
466.7523003156918
 30
0.0
 10
65.86463538972859
 20
466.7804032106462
 30
0.0
 10
65.86463538972859
 20
466.7804032106462
 30
0.0
 10
65.86463538972859
 20
466.7804032106462
 30
0.0
 10
66.43895474296292
 20
466.6362117912875
 30
0.0
 10
66.43895474296292
 20
466.6362117912875
 30
0.0
 10
66.43895474296292
 20
466.6362117912875
 30
0.0
 10
68.50041545403431
 20
466.6630952533002
 30
0.0
 10
68.50041545403431
 20
466.6630952533002
 30
0.0
 10
68.50041545403431
 20
466.6630952533002
 30
0.0
 10
68.50041545403431
 20
464.7947039663846
 30
0.0
 10
68.50041545403431
 20
464.7947039663846
 30
0.0
 10
68.50041545403431
 20
464.6975595378338
 30
0.0
 10
68.52730264519823
 20
464.6022461232766
 30
0.0
 10
68.57923482607889
 20
464.5197609940997
 30
0.0
 10
68.57923482607889
 20
464.5197609940997
 30
0.0
 10
69.38084603804613
 20
463.2415827093407
 30
0.0
 10
69.38084603804613
 20
463.2415827093407
 30
0.0
 10
69.47615572345182
 20
463.0900597757244
 30
0.0
 10
69.63990281970982
 20
462.9990199701903
 30
0.0
 10
69.81953610658647
 20
462.9990199701903
 30
0.0
 10
70.10486104006203
 20
462.9990199701903
 30
0.0
 10
70.33642650781997
 20
463.2311970189953
 30
0.0
 10
70.33642650781997
 20
463.516525681625
 30
0.0
 10
70.33642650781997
 20
463.516525681625
 30
0.0
 10
70.33642650781997
 20
466.6869245392274
 30
0.0
 10
70.33642650781997
 20
466.6869245392274
 30
0.0
 10
70.33642650781997
 20
466.6869245392274
 30
0.0
 10
71.61704738761584
 20
466.7034185817404
 30
0.0
 10
71.61704738761584
 20
466.7034185817404
 30
0.0
 10
71.0335617769769
 20
466.0368362608775
 30
0.0
 10
70.67979943264902
 20
465.1649603532242
 30
0.0
 10
70.67979943264902
 20
464.2124377886864
 30
0.0
 10
70.67979943264902
 20
462.1491423344734
 30
0.0
 10
72.33678878060576
 20
460.4664926865988
 30
0.0
 10
74.39030639636671
 20
460.4255540479594
 30
0.0
 10
74.69885649302827
 20
459.1382095057967
 30
0.0
 10
75.38071715261428
 20
458.0445496979877
 30
0.0
 10
76.28130753627073
 20
457.3339745624008
 30
0.0
 10
75.71614698213416
 20
456.236645268309
 30
0.0
 10
75.38621392373443
 20
454.9187515070032
 30
0.0
 10
75.38621392373443
 20
453.5018785740078
 30
0.0
 10
75.38621392373443
 20
449.6942271817409
 30
0.0
 10
77.76844143580158
 20
446.5959240338142
 30
0.0
 10
80.69628128340838
 20
446.5959240338142
 30
0.0
 10
83.6247252537554
 20
446.5959240338142
 30
0.0
 10
86.00695276582319
 20
449.6942271817409
 30
0.0
 10
86.00695276582319
 20
453.5018785740078
 30
0.0
 10
86.00695276582319
 20
456.3111873021735
 30
0.0
 10
84.71044569540865
 20
458.7337381426821
 30
0.0
 10
82.85488642302641
 20
459.8109039079787
 30
0.0
 10
83.0882791756207
 20
460.4781015390399
 30
0.0
 10
83.21781502475861
 20
461.2131138124508
 30
0.0
 10
83.21781502475861
 20
461.9841758052737
 30
0.0
 10
83.21781502475861
 20
464.4372795940769
 30
0.0
 10
81.90724904856175
 20
466.5225695910761
 30
0.0
 10
80.09995992908192
 20
467.2416956738658
 30
0.0
 10
80.09995992908192
 20
467.2416956738658
 30
0.0
 10
80.23498509103409
 20
467.3944417695782
 30
0.0
 10
80.23498509103409
 20
467.3944417695782
 30
0.0
 10
80.32907907265022
 20
467.5007561846836
 30
0.0
 10
80.4592115862247
 20
467.566739813039
 30
0.0
 10
80.60157572074387
 20
467.5795718275744
 30
0.0
 10
80.60157572074387
 20
467.5795718275744
 30
0.0
 10
83.12982939530812
 20
467.7989131326916
 30
0.0
 10
83.12982939530812
 20
467.7989131326916
 30
0.0
 10
83.36628005313945
 20
467.8190766614896
 30
0.0
 10
83.59845710194448
 20
467.7701986566917
 30
0.0
 10
83.80130063539627
 20
467.6559448754315
 30
0.0
 10
84.1941668752232
 20
467.4353804082192
 30
0.0
 10
84.85524869581253
 20
467.2019839264731
 30
0.0
 10
85.77722204120715
 20
467.3418980076492
 30
0.0
 10
87.21181217880962
 20
467.5587967177299
 30
0.0
 10
88.19855344877271
 20
468.427006868255
 30
0.0
 10
88.2401036684611
 20
468.4636644395667
 30
0.0
 10
88.34213328708113
 20
468.5540926640521
 30
0.0
 10
88.62380365088468
 20
468.6158026833845
 30
0.0
 10
88.85047647026397
 20
468.6652922692276
 30
0.0
 10
88.97145018473907
 20
468.6915641501917
 30
0.0
 10
89.08509238495274
 20
468.7166128690619
 30
0.0
 10
89.16879694707102
 20
468.7447194931678
 30
0.0
 10
89.54394225313706
 20
468.8711937079162
 30
0.0
 10
89.88364569168293
 20
468.9952215984762
 30
0.0
 10
90.20563565477349
 20
469.1241384082611
 30
0.0
 10
90.94981791473928
 20
469.422910666471
 30
0.0
 10
91.59684828785124
 20
469.7412348724282
 30
0.0
 10
92.1827876809851
 20
470.0980476636879
 30
0.0
 10
93.58438227525609
 20
470.9491484615005
 30
0.0
 10
94.58090138367025
 20
472.127739722676
 30
0.0
 10
95.44910780504166
 20
473.2745586026127
 30
0.0
 10
95.44910780504166
 20
473.2745586026127
 30
0.0
 10
95.62689889047114
 20
473.5097860983473
 30
0.0
 10
95.62689889047114
 20
473.5097860983473
 30
0.0
 10
95.70938774880017
 20
473.6197625414302
 30
0.0
 10
95.79248072987072
 20
473.7291274034673
 30
0.0
 10
95.87557371094223
 20
473.8384959946557
 30
0.0
 10
96.26843249246357
 20
474.3572211390279
 30
0.0
 10
96.66313347543145
 20
474.9229932742135
 30
0.0
 10
96.90325361954629
 20
475.5547490377551
 30
0.0
 10
97.07005116273608
 20
475.5058710329569
 30
0.0
 10
97.45619001104212
 20
475.422778051886
 30
0.0
 10
97.99202450813006
 20
475.5009821137316
 30
0.0
 10
98.36105400372455
 20
475.1869389751021
 30
0.0
 10
101.8283903763962
 20
472.2456592610685
 30
0.0
 10
104.7067443673114
 20
470.0760531209016
 30
0.0
 10
107.7402758615162
 20
467.7903621854882
 30
0.0
 10
110.6717777371002
 20
466.2873383661862
 30
0.0
 10
110.7011112524541
 20
466.2726753376614
 30
0.0
 10
110.7011112524541
 20
466.2726753376614
 30
0.0
 10
110.7689296239534
 20
466.2378487803404
 30
0.0
 10
110.7689296239534
 20
466.2378487803404
 30
0.0
 10
110.7689296239534
 20
466.2378487803404
 30
0.0
 10
112.1112605230814
 20
467.9816005956535
 30
0.0
 10
112.1112605230814
 20
467.9816005956535
 30
0.0
 10
112.1112605230814
 20
467.9816005956535
 30
0.0
 10
112.0629903701786
 20
468.0378101147129
 30
0.0
 10
112.0629903701786
 20
468.0378101147129
 30
0.0
 10
112.0012803508459
 20
468.1105174054387
 30
0.0
 10
105.9818684759858
 20
475.1765495556036
 30
0.0
 10
103.3515777244953
 20
477.2593969575672
 30
0.0
 10
103.3515777244953
 20
477.2593969575672
 30
0.0
 10
141.5985885098468
 20
485.1698099723294
 30
0.0
 10
141.5985885098468
 20
485.1698099723294
 30
0.0
 10
141.7103996960717
 20
485.1930276772114
 30
0.0
 10
141.8234340443901
 20
485.2150259491485
 30
0.0
 10
141.9358530825089
 20
485.2376320729828
 30
0.0
 10
142.4716875795966
 20
485.3427195968405
 30
0.0
 10
143.0258508623397
 20
485.4520881880259
 30
0.0
 10
143.540298668537
 20
485.6757068313232
 30
0.0
 10
144.2288792613377
 20
485.9750906705795
 30
0.0
 10
144.6638998435945
 20
486.4718212721703
 30
0.0
 10
144.7036115909878
 20
487.0058210261154
 30
0.0
 10
144.7598248391997
 20
487.7548884761549
 30
0.0
 10
144.0461955275298
 20
488.0811520482708
 30
0.0
 10
143.5745136448102
 20
488.29683132541
 30
0.0
  0
SPLINE
  5
A4
330
1F
100
AcDbEntity
  8
Layer 1
370
     0
100
AcDbSpline
210
0.0
220
0.0
230
1.0
 70
    11
 71
     3
 72
    14
 73
    10
 74
     0
 42
0.0000000001
 43
0.0000000001
 12
1.0
 22
0.0
 32
0.0
 13
1.0
 23
0.0
 33
0.0
 40
0.0
 40
0.0
 40
0.0
 40
0.0
 40
1.0
 40
1.0
 40
1.0
 40
2.0
 40
2.0
 40
2.0
 40
3.0
 40
3.0
 40
3.0
 40
3.0
 10
-16.14596656038235
 20
479.0856301729005
 30
0.0
 10
-16.14596656038235
 20
479.0856301729005
 30
0.0
 10
-5.352933403984624
 20
479.5848033695275
 30
0.0
 10
-5.352933403984624
 20
479.5848033695275
 30
0.0
 10
-5.357811135751787
 20
478.74836560024
 30
0.0
 10
-4.876362602039094
 20
478.1740387886994
 30
0.0
 10
-4.567200924331408
 20
477.8917643021543
 30
0.0
 10
-4.567200924331408
 20
477.8917643021543
 30
0.0
 10
-16.14596656038235
 20
479.0856301729005
 30
0.0
 10
-16.14596656038235
 20
479.0856301729005
 30
0.0
  0
SPLINE
  5
A5
330
1F
100
AcDbEntity
  8
Layer 1
370
     0
100
AcDbSpline
210
0.0
220
0.0
230
1.0
 70
    11
 71
     3
 72
    38
 73
    34
 74
     0
 42
0.0000000001
 43
0.0000000001
 12
1.0
 22
0.0
 32
0.0
 13
1.0
 23
0.0
 33
0.0
 40
0.0
 40
0.0
 40
0.0
 40
0.0
 40
1.0
 40
1.0
 40
1.0
 40
2.0
 40
2.0
 40
2.0
 40
3.0
 40
3.0
 40
3.0
 40
4.0
 40
4.0
 40
4.0
 40
5.0
 40
5.0
 40
5.0
 40
6.0
 40
6.0
 40
6.0
 40
7.0
 40
7.0
 40
7.0
 40
8.0
 40
8.0
 40
8.0
 40
9.0
 40
9.0
 40
9.0
 40
10.0
 40
10.0
 40
10.0
 40
11.0
 40
11.0
 40
11.0
 40
11.0
 10
70.92419318578888
 20
464.2124377886864
 30
0.0
 10
70.92419318578888
 20
464.649289384933
 30
0.0
 10
71.00361668057656
 20
465.0672043436278
 30
0.0
 10
71.14842713928506
 20
465.453958502137
 30
0.0
 10
71.14842713928506
 20
465.453958502137
 30
0.0
 10
71.51867979697342
 20
464.6016345422308
 30
0.0
 10
71.51867979697342
 20
464.6016345422308
 30
0.0
 10
71.51073670166424
 20
464.5961340419569
 30
0.0
 10
71.50340518740153
 20
464.5894141087413
 30
0.0
 10
71.49668525418718
 20
464.5820825944801
 30
0.0
 10
71.44291833016398
 20
464.525873075421
 30
0.0
 10
71.42092378737871
 20
464.4470537033765
 30
0.0
 10
71.43803314009124
 20
464.3712922365664
 30
0.0
 10
71.43803314009124
 20
464.3712922365664
 30
0.0
 10
71.73192020822896
 20
463.057064232391
 30
0.0
 10
71.73192020822896
 20
463.057064232391
 30
0.0
 10
71.74779894054107
 20
462.9843569416671
 30
0.0
 10
71.79973112142301
 20
462.9269242605122
 30
0.0
 10
71.86999581711132
 20
462.9024871226898
 30
0.0
 10
71.93964893175318
 20
462.8786578367619
 30
0.0
 10
72.01602197960938
 20
462.8920977031913
 30
0.0
 10
72.07345093161116
 20
462.9391446940011
 30
0.0
 10
72.07345093161116
 20
462.9391446940011
 30
0.0
 10
72.34350871381979
 20
463.1603207422599
 30
0.0
 10
72.34350871381979
 20
463.1603207422599
 30
0.0
 10
72.34350871381979
 20
463.1603207422599
 30
0.0
 10
74.24917288224795
 20
461.2320541791512
 30
0.0
 10
74.24917288224795
 20
461.2320541791512
 30
0.0
 10
74.27055584398612
 20
461.0420389310813
 30
0.0
 10
74.299270319987
 20
460.8550778590957
 30
0.0
 10
74.33653947234383
 20
460.6717825442418
 30
0.0
 10
72.44248788551027
 20
460.7402124967875
 30
0.0
 10
70.92419318578888
 20
462.3018884301861
 30
0.0
 10
70.92419318578888
 20
464.2124377886864
 30
0.0
  0
SPLINE
  5
A6
330
1F
100
AcDbEntity
  8
Layer 1
370
     0
100
AcDbSpline
210
0.0
220
0.0
230
1.0
 70
    11
 71
     3
 72
    29
 73
    25
 74
     0
 42
0.0000000001
 43
0.0000000001
 12
1.0
 22
0.0
 32
0.0
 13
1.0
 23
0.0
 33
0.0
 40
0.0
 40
0.0
 40
0.0
 40
0.0
 40
1.0
 40
1.0
 40
1.0
 40
2.0
 40
2.0
 40
2.0
 40
3.0
 40
3.0
 40
3.0
 40
4.0
 40
4.0
 40
4.0
 40
5.0
 40
5.0
 40
5.0
 40
6.0
 40
6.0
 40
6.0
 40
7.0
 40
7.0
 40
7.0
 40
8.0
 40
8.0
 40
8.0
 40
8.0
 10
74.26077800553536
 20
462.8340571701443
 30
0.0
 10
74.26077800553536
 20
462.8340571701443
 30
0.0
 10
73.0131526690716
 20
463.8281262252157
 30
0.0
 10
73.0131526690716
 20
463.8281262252157
 30
0.0
 10
73.0131526690716
 20
463.8281262252157
 30
0.0
 10
73.21538462147534
 20
464.040751326271
 30
0.0
 10
73.21538462147534
 20
464.040751326271
 30
0.0
 10
73.2691515454992
 20
464.0969608453302
 30
0.0
 10
73.28748406030621
 20
464.1782228124135
 30
0.0
 10
73.26304319333194
 20
464.2527611171272
 30
0.0
 10
73.24227181264054
 20
464.3169137314954
 30
0.0
 10
73.19277849764266
 20
464.3664033173415
 30
0.0
 10
73.1298453162161
 20
464.387178427185
 30
0.0
 10
73.1298453162161
 20
464.387178427185
 30
0.0
 10
73.22149297364356
 20
464.6169091518017
 30
0.0
 10
73.22149297364356
 20
464.6169091518017
 30
0.0
 10
73.36813071718808
 20
464.486769179921
 30
0.0
 10
73.56059228944727
 20
464.4079498078758
 30
0.0
 10
73.77137891820823
 20
464.4079498078758
 30
0.0
 10
73.77137891820823
 20
464.4079498078758
 30
0.0
 10
74.66464524590755
 20
464.4079498078758
 30
0.0
 10
74.66464524590755
 20
464.4079498078758
 30
0.0
 10
74.4691257684129
 20
463.9197738826438
 30
0.0
 10
74.33104270122463
 20
463.390663047924
 30
0.0
 10
74.26077800553536
 20
462.8340571701443
 30
0.0
  0
SPLINE
  5
A7
330
1F
100
AcDbEntity
  8
Layer 1
370
     0
100
AcDbSpline
210
0.0
220
0.0
230
1.0
 70
    11
 71
     3
 72
    14
 73
    10
 74
     0
 42
0.0000000001
 43
0.0000000001
 12
1.0
 22
0.0
 32
0.0
 13
1.0
 23
0.0
 33
0.0
 40
0.0
 40
0.0
 40
0.0
 40
0.0
 40
1.0
 40
1.0
 40
1.0
 40
2.0
 40
2.0
 40
2.0
 40
3.0
 40
3.0
 40
3.0
 40
3.0
 10
76.20187658317842
 20
466.5696128527325
 30
0.0
 10
76.20187658317842
 20
466.5696128527325
 30
0.0
 10
76.20187658317842
 20
466.7632975870852
 30
0.0
 10
76.20187658317842
 20
466.7632975870852
 30
0.0
 10
76.20187658317842
 20
466.7632975870852
 30
0.0
 10
76.45787545960569
 20
466.7663517631689
 30
0.0
 10
76.45787545960569
 20
466.7663517631689
 30
0.0
 10
76.37050886950917
 20
466.7046417438365
 30
0.0
 10
76.28496956424897
 20
466.6392659673715
 30
0.0
 10
76.20187658317842
 20
466.5696128527325
 30
0.0
  0
SPLINE
  5
A8
330
1F
100
AcDbEntity
  8
Layer 1
370
     0
100
AcDbSpline
210
0.0
220
0.0
230
1.0
 70
    11
 71
     3
 72
    14
 73
    10
 74
     0
 42
0.0000000001
 43
0.0000000001
 12
1.0
 22
0.0
 32
0.0
 13
1.0
 23
0.0
 33
0.0
 40
0.0
 40
0.0
 40
0.0
 40
0.0
 40
1.0
 40
1.0
 40
1.0
 40
2.0
 40
2.0
 40
2.0
 40
3.0
 40
3.0
 40
3.0
 40
3.0
 10
76.20187658317842
 20
466.9465929019395
 30
0.0
 10
76.20187658317842
 20
466.9465929019395
 30
0.0
 10
76.20187658317842
 20
467.3015746792084
 30
0.0
 10
76.20187658317842
 20
467.3015746792084
 30
0.0
 10
76.38211399279658
 20
467.200149183329
 30
0.0
 10
76.55258102226924
 20
467.0834528070339
 30
0.0
 10
76.71144292845447
 20
466.9533128351545
 30
0.0
 10
76.71144292845447
 20
466.9533128351545
 30
0.0
 10
76.20187658317842
 20
466.9465929019395
 30
0.0
 10
76.20187658317842
 20
466.9465929019395
 30
0.0
  0
HATCH
  5
A9
330
1F
100
AcDbEntity
  8
Layer 1
 62
   250
420
  2236191
100
AcDbHatch
 10
0.0
 20
0.0
 30
0.0
210
0.0
220
0.0
230
1.0
  2
SOLID
 70
     1
 71
     0
 91
        6
 92
        1
 93
        1
 72
     4
 94
        3
 73
     0
 74
     1
 95
      560
 96
      556
 40
0.0
 40
0.0
 40
0.0
 40
0.0
 40
1.0
 40
1.0
 40
1.0
 40
2.0
 40
2.0
 40
2.0
 40
3.0
 40
3.0
 40
3.0
 40
4.0
 40
4.0
 40
4.0
 40
5.0
 40
5.0
 40
5.0
 40
6.0
 40
6.0
 40
6.0
 40
7.0
 40
7.0
 40
7.0
 40
8.0
 40
8.0
 40
8.0
 40
9.0
 40
9.0
 40
9.0
 40
10.0
 40
10.0
 40
10.0
 40
11.0
 40
11.0
 40
11.0
 40
12.0
 40
12.0
 40
12.0
 40
13.0
 40
13.0
 40
13.0
 40
14.0
 40
14.0
 40
14.0
 40
15.0
 40
15.0
 40
15.0
 40
16.0
 40
16.0
 40
16.0
 40
17.0
 40
17.0
 40
17.0
 40
18.0
 40
18.0
 40
18.0
 40
19.0
 40
19.0
 40
19.0
 40
20.0
 40
20.0
 40
20.0
 40
21.0
 40
21.0
 40
21.0
 40
22.0
 40
22.0
 40
22.0
 40
23.0
 40
23.0
 40
23.0
 40
24.0
 40
24.0
 40
24.0
 40
25.0
 40
25.0
 40
25.0
 40
26.0
 40
26.0
 40
26.0
 40
27.0
 40
27.0
 40
27.0
 40
28.0
 40
28.0
 40
28.0
 40
29.0
 40
29.0
 40
29.0
 40
30.0
 40
30.0
 40
30.0
 40
31.0
 40
31.0
 40
31.0
 40
32.0
 40
32.0
 40
32.0
 40
33.0
 40
33.0
 40
33.0
 40
34.0
 40
34.0
 40
34.0
 40
35.0
 40
35.0
 40
35.0
 40
36.0
 40
36.0
 40
36.0
 40
37.0
 40
37.0
 40
37.0
 40
38.0
 40
38.0
 40
38.0
 40
39.0
 40
39.0
 40
39.0
 40
40.0
 40
40.0
 40
40.0
 40
41.0
 40
41.0
 40
41.0
 40
42.0
 40
42.0
 40
42.0
 40
43.0
 40
43.0
 40
43.0
 40
44.0
 40
44.0
 40
44.0
 40
45.0
 40
45.0
 40
45.0
 40
46.0
 40
46.0
 40
46.0
 40
47.0
 40
47.0
 40
47.0
 40
48.0
 40
48.0
 40
48.0
 40
49.0
 40
49.0
 40
49.0
 40
50.0
 40
50.0
 40
50.0
 40
51.0
 40
51.0
 40
51.0
 40
52.0
 40
52.0
 40
52.0
 40
53.0
 40
53.0
 40
53.0
 40
54.0
 40
54.0
 40
54.0
 40
55.0
 40
55.0
 40
55.0
 40
56.0
 40
56.0
 40
56.0
 40
57.0
 40
57.0
 40
57.0
 40
58.0
 40
58.0
 40
58.0
 40
59.0
 40
59.0
 40
59.0
 40
60.0
 40
60.0
 40
60.0
 40
61.0
 40
61.0
 40
61.0
 40
62.0
 40
62.0
 40
62.0
 40
63.0
 40
63.0
 40
63.0
 40
64.0
 40
64.0
 40
64.0
 40
65.0
 40
65.0
 40
65.0
 40
66.0
 40
66.0
 40
66.0
 40
67.0
 40
67.0
 40
67.0
 40
68.0
 40
68.0
 40
68.0
 40
69.0
 40
69.0
 40
69.0
 40
70.0
 40
70.0
 40
70.0
 40
71.0
 40
71.0
 40
71.0
 40
72.0
 40
72.0
 40
72.0
 40
73.0
 40
73.0
 40
73.0
 40
74.0
 40
74.0
 40
74.0
 40
75.0
 40
75.0
 40
75.0
 40
76.0
 40
76.0
 40
76.0
 40
77.0
 40
77.0
 40
77.0
 40
78.0
 40
78.0
 40
78.0
 40
79.0
 40
79.0
 40
79.0
 40
80.0
 40
80.0
 40
80.0
 40
81.0
 40
81.0
 40
81.0
 40
82.0
 40
82.0
 40
82.0
 40
83.0
 40
83.0
 40
83.0
 40
84.0
 40
84.0
 40
84.0
 40
85.0
 40
85.0
 40
85.0
 40
86.0
 40
86.0
 40
86.0
 40
87.0
 40
87.0
 40
87.0
 40
88.0
 40
88.0
 40
88.0
 40
89.0
 40
89.0
 40
89.0
 40
90.0
 40
90.0
 40
90.0
 40
91.0
 40
91.0
 40
91.0
 40
92.0
 40
92.0
 40
92.0
 40
93.0
 40
93.0
 40
93.0
 40
94.0
 40
94.0
 40
94.0
 40
95.0
 40
95.0
 40
95.0
 40
96.0
 40
96.0
 40
96.0
 40
97.0
 40
97.0
 40
97.0
 40
98.0
 40
98.0
 40
98.0
 40
99.0
 40
99.0
 40
99.0
 40
100.0
 40
100.0
 40
100.0
 40
101.0
 40
101.0
 40
101.0
 40
102.0
 40
102.0
 40
102.0
 40
103.0
 40
103.0
 40
103.0
 40
104.0
 40
104.0
 40
104.0
 40
105.0
 40
105.0
 40
105.0
 40
106.0
 40
106.0
 40
106.0
 40
107.0
 40
107.0
 40
107.0
 40
108.0
 40
108.0
 40
108.0
 40
109.0
 40
109.0
 40
109.0
 40
110.0
 40
110.0
 40
110.0
 40
111.0
 40
111.0
 40
111.0
 40
112.0
 40
112.0
 40
112.0
 40
113.0
 40
113.0
 40
113.0
 40
114.0
 40
114.0
 40
114.0
 40
115.0
 40
115.0
 40
115.0
 40
116.0
 40
116.0
 40
116.0
 40
117.0
 40
117.0
 40
117.0
 40
118.0
 40
118.0
 40
118.0
 40
119.0
 40
119.0
 40
119.0
 40
120.0
 40
120.0
 40
120.0
 40
121.0
 40
121.0
 40
121.0
 40
122.0
 40
122.0
 40
122.0
 40
123.0
 40
123.0
 40
123.0
 40
124.0
 40
124.0
 40
124.0
 40
125.0
 40
125.0
 40
125.0
 40
126.0
 40
126.0
 40
126.0
 40
127.0
 40
127.0
 40
127.0
 40
128.0
 40
128.0
 40
128.0
 40
129.0
 40
129.0
 40
129.0
 40
130.0
 40
130.0
 40
130.0
 40
131.0
 40
131.0
 40
131.0
 40
132.0
 40
132.0
 40
132.0
 40
133.0
 40
133.0
 40
133.0
 40
134.0
 40
134.0
 40
134.0
 40
135.0
 40
135.0
 40
135.0
 40
136.0
 40
136.0
 40
136.0
 40
137.0
 40
137.0
 40
137.0
 40
138.0
 40
138.0
 40
138.0
 40
139.0
 40
139.0
 40
139.0
 40
140.0
 40
140.0
 40
140.0
 40
141.0
 40
141.0
 40
141.0
 40
142.0
 40
142.0
 40
142.0
 40
143.0
 40
143.0
 40
143.0
 40
144.0
 40
144.0
 40
144.0
 40
145.0
 40
145.0
 40
145.0
 40
146.0
 40
146.0
 40
146.0
 40
147.0
 40
147.0
 40
147.0
 40
148.0
 40
148.0
 40
148.0
 40
149.0
 40
149.0
 40
149.0
 40
150.0
 40
150.0
 40
150.0
 40
151.0
 40
151.0
 40
151.0
 40
152.0
 40
152.0
 40
152.0
 40
153.0
 40
153.0
 40
153.0
 40
154.0
 40
154.0
 40
154.0
 40
155.0
 40
155.0
 40
155.0
 40
156.0
 40
156.0
 40
156.0
 40
157.0
 40
157.0
 40
157.0
 40
158.0
 40
158.0
 40
158.0
 40
159.0
 40
159.0
 40
159.0
 40
160.0
 40
160.0
 40
160.0
 40
161.0
 40
161.0
 40
161.0
 40
162.0
 40
162.0
 40
162.0
 40
163.0
 40
163.0
 40
163.0
 40
164.0
 40
164.0
 40
164.0
 40
165.0
 40
165.0
 40
165.0
 40
166.0
 40
166.0
 40
166.0
 40
167.0
 40
167.0
 40
167.0
 40
168.0
 40
168.0
 40
168.0
 40
169.0
 40
169.0
 40
169.0
 40
170.0
 40
170.0
 40
170.0
 40
171.0
 40
171.0
 40
171.0
 40
172.0
 40
172.0
 40
172.0
 40
173.0
 40
173.0
 40
173.0
 40
174.0
 40
174.0
 40
174.0
 40
175.0
 40
175.0
 40
175.0
 40
176.0
 40
176.0
 40
176.0
 40
177.0
 40
177.0
 40
177.0
 40
178.0
 40
178.0
 40
178.0
 40
179.0
 40
179.0
 40
179.0
 40
180.0
 40
180.0
 40
180.0
 40
181.0
 40
181.0
 40
181.0
 40
182.0
 40
182.0
 40
182.0
 40
183.0
 40
183.0
 40
183.0
 40
184.0
 40
184.0
 40
184.0
 40
185.0
 40
185.0
 40
185.0
 40
185.0
 10
143.5745136448102
 20
488.29683132541
 10
142.9335916238651
 20
488.5901030833466
 10
142.2492883692436
 20
488.7892845888211
 10
141.7250627245952
 20
488.9291986699963
 10
140.1572784390294
 20
489.3495562237305
 10
138.4184155429438
 20
489.6403853866306
 10
136.4107217558962
 20
489.8194033633076
 10
134.6920223886075
 20
489.9727610400681
 10
133.1266806980782
 20
490.0051412731994
 10
131.6254916219181
 20
489.9189941160452
 10
131.6254916219181
 20
489.9189941160452
 10
131.6126633365359
 20
489.9171593729027
 10
131.6126633365359
 20
489.9171593729027
 10
131.6126633365359
 20
489.9171593729027
 10
102.2725772160571
 20
483.9643389782952
 10
99.95695237170126
 20
483.4944918387187
 10
99.98750159084375
 20
483.9851140881397
 10
99.74738144672891
 20
485.3164477158736
 10
99.7443309997984
 20
485.3317223254474
 10
99.44066609320895
 20
486.8200793870721
 10
98.78569262478781
 20
488.1019271581143
 10
97.85150257505838
 20
489.0391751130792
 10
96.4529509694133
 20
490.4419965986
 10
94.55218690766937
 20
490.9417813762726
 10
92.70639801543199
 20
491.272933867614
 10
91.01275109616584
 20
491.5765950450494
 10
89.18407155664227
 20
491.7574440357153
 10
86.95153223505112
 20
491.8411485978326
 10
86.49879817733867
 20
491.8582579505467
 10
86.06194285194024
 20
491.870478384034
 10
85.63975055506535
 20
491.8784214793432
 10
84.41533546517707
 20
493.1932573354109
 10
82.78890279466872
 20
494.8814074835592
 10
81.14718059797795
 20
496.4168115359915
 10
78.2877781612241
 20
499.0917066832556
 10
74.34875617667865
 20
502.0806375108398
 10
73.20988785035615
 20
502.932957741592
 10
73.1219096792119
 20
502.9983372472085
 10
73.01009476383487
 20
503.0233822369271
 10
72.90194933474136
 20
503.0013951524456
 10
72.79441548669622
 20
502.9793931513541
 10
72.70154466717395
 20
502.9121863609025
 10
72.64656203936183
 20
502.8168766754965
 10
72.64656203936183
 20
502.8168766754965
 10
72.06001106518119
 20
501.7977514432496
 10
72.06001106518119
 20
501.7977514432496
 10
71.98669592256141
 20
501.6694462145118
 10
71.99219269368156
 20
501.5136422135617
 10
72.07467409370501
 20
501.3908337559444
 10
72.36794958079565
 20
500.9576479168298
 10
73.15794821116894
 20
499.829765674442
 10
74.15935996796178
 20
498.7251160535449
 10
75.26584433200117
 20
497.5043629916335
 10
79.62277754608995
 20
493.2922365071001
 10
80.57713485376864
 20
492.3720941756966
 10
80.57713485376864
 20
492.3720941756966
 10
76.63445829955118
 20
492.6940841387862
 10
76.63445829955118
 20
492.6940841387862
 10
76.44749349841246
 20
492.8431644773676
 10
76.259917116226
 20
492.9916332349028
 10
76.07173661129869
 20
493.1394904113874
 10
76.07173661129869
 20
493.1394904113874
 10
76.06318193494243
 20
493.1468256548026
 10
76.06318193494243
 20
493.1468256548026
 10
74.7654517024334
 20
494.1720555100662
 10
73.46588672678341
 20
495.1868996749821
 10
72.20054045655846
 20
496.1632552546014
 10
71.86878011332304
 20
496.4192578601815
 10
71.53151554066059
 20
496.682591980022
 10
71.20585609128652
 20
496.9379830045559
 10
69.85802096273285
 20
497.9931504979126
 10
68.46436946377104
 20
499.0837561296408
 10
66.98151663157142
 20
499.9764108762924
 10
66.92713066819553
 20
500.0093989613177
 10
66.87214804038372
 20
500.0423945046485
 10
66.81410004902928
 20
500.0766057517699
 10
64.56873244205622
 20
501.4006115943955
 10
61.97327197703879
 20
502.3610847125473
 10
59.0600951579571
 20
502.9482323511648
 10
59.0600951579571
 20
502.9482323511648
 10
59.53972386513841
 20
504.9400474058999
 10
59.53972386513841
 20
504.9400474058999
 10
59.55927208373499
 20
505.021917224875
 10
59.50917464599593
 20
505.1043986249004
 10
59.42668578766688
 20
505.1239543018019
 10
59.34481596869085
 20
505.1441141014469
 10
59.26233456866643
 20
505.0934050826588
 10
59.24277889176491
 20
505.0115278053781
 10
59.24277889176491
 20
505.0115278053781
 10
58.76010719595803
 20
503.0068844652604
 10
58.76010719595803
 20
503.0068844652604
 10
57.32062440997691
 20
503.2824390185905
 10
55.80538015718732
 20
503.4681806576344
 10
54.21865550491985
 20
503.5628862202973
 10
50.15989042629875
 20
503.8048336492488
 10
45.82128972701794
 20
503.4474092769436
 10
41.32321554050448
 20
502.4991603214326
 10
38.74975707657951
 20
501.9566058911296
 10
34.18570672001296
 20
500.4260870287684
 10
30.52406657363391
 20
499.1540208253282
 10
29.92347906858835
 20
499.4155239311818
 10
29.42492118216283
 20
499.8487097702965
 10
29.08154079902787
 20
500.4065388101696
 10
29.08154079902787
 20
500.4065388101696
 10
24.26147664942352
 20
508.2363051680525
 10
24.26147664942352
 20
508.2363051680525
 10
24.18388043947281
 20
508.3633946930011
 10
24.024421868851
 20
508.4092185217129
 10
23.89061986899398
 20
508.3420042729554
 10
23.82034771499944
 20
508.3065698637402
 10
23.76658824928214
 20
508.2430251012656
 10
23.74458624819033
 20
508.1672636344584
 10
23.7219875826626
 20
508.0915021676486
 10
23.73236954385551
 20
508.0090207676265
 10
23.77268914314381
 20
507.9411949378203
 10
23.77268914314381
 20
507.9411949378203
 10
28.46994483513049
 20
500.010010542366
 10
28.46994483513049
 20
500.010010542366
 10
28.72594371155808
 20
499.5768247032511
 10
28.87624348308116
 20
499.0898719401137
 10
28.9086274453662
 20
498.5894718522394
 10
28.58541432018017
 20
498.4764412330728
 10
28.27504439698851
 20
498.3676842229322
 10
27.97993416675692
 20
498.2638198611712
 10
27.09767629790813
 20
497.9540466024139
 10
26.33578056248736
 20
497.6864426026989
 10
25.82927212244708
 20
497.514752411132
 10
23.34255375095973
 20
496.6722025605257
 10
8.576898943943569
 20
490.1792740598047
 10
7.336612580047482
 20
489.6336654534178
 10
7.336612580047482
 20
489.6336654534178
 10
-3.530362216627975
 20
512.6702230110433
 10
-3.530362216627975
 20
512.6702230110433
 10
-3.570681815916594
 20
512.7551432769505
 10
-3.590849073865527
 20
512.8504604206621
 10
-3.588402749676841
 20
512.9482164302577
 10
-3.588402749676841
 20
512.9482164302577
 10
-3.588402749676841
 20
512.9616637549921
 10
-3.588402749676841
 20
512.9616637549921
 10
-3.579855531625207
 20
513.3276428036547
 10
-3.827307190002122
 20
513.6532873364187
 10
-4.174342142809743
 20
513.7486044801306
 10
-4.174342142809743
 20
513.7486044801306
 10
-4.174342142809743
 20
514.5502231504024
 10
-4.174342142809743
 20
514.5502231504024
 10
-4.174342142809743
 20
514.7329068842085
 10
-4.245210961240524
 20
514.9052011985182
 10
-4.374746810378111
 20
515.0341180083032
 10
-4.504879323951941
 20
515.1636463991358
 10
-4.6765695155191
 20
515.2345226758712
 10
-4.85925324932658
 20
515.2345226758712
 10
-5.236837421276682
 20
515.2345226758712
 10
-5.544164355843738
 20
514.9278073223516
 10
-5.544164355843738
 20
514.5502231504024
 10
-5.544164355843738
 20
514.5502231504024
 10
-5.544164355843738
 20
513.5598123941545
 10
-5.544164355843738
 20
513.5598123941545
 10
-5.731129156982459
 20
513.4095051643259
 10
-5.841109329217243
 20
513.1816091828521
 10
-5.841109329217243
 20
512.9396617539003
 10
-5.841109329217243
 20
512.9286682116615
 10
-5.841109329217243
 20
512.9170556300692
 10
-5.840497748170153
 20
512.9085009537116
 10
-5.831950530118839
 20
512.6879364864976
 10
-5.943138947837597
 20
512.478977142575
 10
-6.130715330024051
 20
512.3635076575233
 10
-6.130715330024051
 20
512.3635076575233
 10
-9.030444824371148
 20
510.5696509461676
 10
-9.030444824371148
 20
510.5696509461676
 10
-9.174643702032565
 20
510.4810611939772
 10
-9.27361541541682
 20
510.3338193276896
 10
-9.302329891417388
 20
510.1670143261968
 10
-9.331655948465366
 20
509.9996052019592
 10
-9.287055281845825
 20
509.827922468698
 10
-9.181356176941962
 20
509.6947245915819
 10
-9.181356176941962
 20
509.6947245915819
 10
-8.91924149004122
 20
509.3672378573724
 10
-8.91924149004122
 20
509.3672378573724
 10
-8.823327681894343
 20
509.2474873049912
 10
-8.758559757324909
 20
509.1051231704707
 10
-8.73227668890346
 20
508.9548233989483
 10
-8.73227668890346
 20
508.9548233989483
 10
-4.385740352618431
 20
484.6229819330005
 10
-4.385740352618431
 20
484.6229819330005
 10
-5.179408469275228
 20
483.6539578676442
 10
-5.018726736558917
 20
482.4796476738025
 10
-4.9417421076553
 20
482.113057044092
 10
-4.9417421076553
 20
482.113057044092
 10
-26.99460884225079
 20
481.4831322945382
 10
-26.99460884225079
 20
481.4831322945382
 10
-30.51998574797168
 20
481.4831322945382
 10
-32.03828790599769
 20
481.0145083170576
 10
-32.62910503089839
 20
480.7346764255477
 10
-32.92848141185006
 20
480.5935391822755
 10
-33.26696914660636
 20
480.5373296632168
 10
-33.60790320555232
 20
480.5733756534797
 10
-39.01756131796255
 20
481.1422019647463
 10
-66.19841580116409
 20
484.0010002787584
 10
-70.05556796673284
 20
484.4439639563241
 10
-72.39380639322818
 20
484.7127948472867
 10
-75.448728307477
 20
484.5429431280136
 10
-77.83768321106407
 20
484.0113859691054
 10
-79.96449359452933
 20
483.5378730723966
 10
-82.57281217815037
 20
482.5725184933238
 10
-82.92227853853647
 20
480.6607459727277
 10
-83.1208484629626
 20
479.5707519220505
 10
-82.96932552934437
 20
478.7556971145014
 10
-82.47197588840282
 20
478.236971970126
 10
-81.81883716312296
 20
477.5563344726355
 10
-80.79851114369646
 20
477.6223218301453
 10
-80.5858897717939
 20
477.6449279539799
 10
-80.42825102770284
 20
477.5306741727176
 10
-79.67857199661753
 20
477.0260004758192
 10
-78.14010258064194
 20
476.542101888765
 10
-76.56989061665075
 20
476.0484254632601
 10
-73.84549096693294
 20
475.4881538283481
 10
-69.78062499445018
 20
475.6213479763134
 10
-69.78062499445018
 20
475.6213479763134
 10
-29.39088780179403
 20
472.172340389294
 10
-29.39088780179403
 20
472.172340389294
 10
-29.39088780179403
 20
472.172340389294
 10
-29.26320161240953
 20
470.9430401093326
 10
-29.26320161240953
 20
470.9430401093326
 10
-29.24852366727421
 20
470.8067917852869
 10
-29.16788446869793
 20
470.6870375037529
 10
-29.04691075422283
 20
470.6228848893846
 10
-28.98703547803236
 20
470.5911125081473
 10
-28.92104439136907
 20
470.5752263175287
 10
-28.85505330470609
 20
470.5752263175287
 10
-28.78846555360623
 20
470.5752263175287
 10
-28.72186288589585
 20
470.5917240891928
 10
-28.66076444761056
 20
470.6247159033725
 10
-28.66076444761056
 20
470.6247159033725
 10
-26.27914851659115
 20
471.9065636744153
 10
-26.27914851659115
 20
471.9065636744153
 10
-26.27914851659115
 20
471.9065636744153
 10
-26.27853693554342
 20
471.9065636744153
 10
-26.27853693554342
 20
471.9065636744153
 10
-26.27853693554342
 20
471.9065636744153
 10
-14.23419403978759
 20
470.8776643328683
 10
-14.23419403978759
 20
470.8776643328683
 10
-14.23419403978759
 20
470.8776643328683
 10
-14.23419403978759
 20
469.8573196676787
 10
-14.23419403978759
 20
469.8573196676787
 10
-14.23419403978759
 20
469.7296260199902
 10
-14.17188735601929
 20
469.6092601574082
 10
-14.06678491555167
 20
469.5359450147884
 10
-14.00019716445149
 20
469.4895096050292
 10
-13.92137779240628
 20
469.4656803191014
 10
-13.84194683931365
 20
469.4656803191014
 10
-13.79673459164702
 20
469.4656803191014
 10
-13.7509107629333
 20
469.4736234144105
 10
-13.70692167736149
 20
469.4895096050292
 10
-13.60365398003579
 20
469.5273903384315
 10
-13.52118003831759
 20
469.607429143421
 10
-13.47963727693447
 20
469.7094624911922
 10
-13.47963727693447
 20
469.7094624911922
 10
-13.04399765532497
 20
470.7762425661431
 10
-13.04399765532497
 20
470.7762425661431
 10
-13.04399765532497
 20
470.7762425661431
 10
8.275076238802258
 20
468.9555098510809
 10
8.275076238802258
 20
468.9555098510809
 10
8.275076238802258
 20
468.9555098510809
 10
8.386279573132187
 20
467.7194859087521
 10
8.386279573132187
 20
467.7194859087521
 10
8.400331020608604
 20
467.5600198798267
 10
8.49197867803605
 20
467.417659474459
 10
8.630673326272364
 20
467.3382322505195
 10
8.705823212033744
 20
467.2954625978894
 10
8.78952031584676
 20
467.2740796361512
 10
8.873232336270624
 20
467.2740796361512
 10
8.944712735748816
 20
467.2740796361512
 10
9.016819632883987
 20
467.2899658267698
 10
9.083407383984166
 20
467.3211266269591
 10
9.083407383984166
 20
467.3211266269591
 10
11.86216316385616
 20
468.6414629833001
 10
11.86216316385616
 20
468.6414629833001
 10
11.86216316385616
 20
468.6414629833001
 10
11.86277474490325
 20
468.6414629833001
 10
11.86277474490325
 20
468.6414629833001
 10
11.86277474490325
 20
468.6414629833001
 10
11.98741794566283
 20
468.6304657119077
 10
11.98741794566283
 20
468.6304657119077
 10
11.98741794566283
 20
468.6304657119077
 10
11.98741794566283
 20
462.2609535206976
 10
11.98741794566283
 20
462.2609535206976
 10
11.444856057054
 20
462.5914944309926
 10
10.84488013305521
 20
462.7747897458475
 10
10.21434007330341
 20
462.7747897458475
 10
7.778353095518967
 20
462.7747897458475
 10
5.804258974544732
 20
460.0424693757357
 10
5.804258974544732
 20
456.6716658505648
 10
5.804258974544732
 20
453.301477635591
 10
7.778353095518967
 20
450.569153536328
 10
10.21434007330341
 20
450.569153536328
 10
12.64973038665161
 20
450.569153536328
 10
14.62382450762585
 20
453.301477635591
 10
14.62382450762585
 20
456.6716658505648
 10
14.62382450762585
 20
457.0193161135726
 10
14.6030456686295
 20
457.3602464433649
 10
14.56209957168262
 20
457.6920105157544
 10
14.56209957168262
 20
457.6920105157544
 10
14.78083675405833
 20
460.0693528377478
 10
14.78083675405833
 20
460.0693528377478
 10
14.78083675405833
 20
460.0693528377478
 10
15.34050799537999
 20
460.1982696475327
 10
15.34050799537999
 20
460.1982696475327
 10
15.34050799537999
 20
460.1982696475327
 10
16.2068796736098
 20
468.2608171769618
 10
16.2068796736098
 20
468.2608171769618
 10
16.2068796736098
 20
468.2608171769618
 10
18.32271143144592
 20
468.0750792670697
 10
18.32271143144592
 20
468.0750792670697
 10
18.32271143144592
 20
468.0750792670697
 10
18.30743682187436
 20
464.9162892619055
 10
18.30743682187436
 20
464.9162892619055
 10
18.30682524082727
 20
464.8105901569998
 10
18.23840274658581
 20
464.7177193374791
 10
18.13758137344911
 20
464.6853391043475
 10
18.13758137344911
 20
464.6853391043475
 10
16.64862018908129
 20
464.2093798834513
 10
16.64862018908129
 20
464.2093798834513
 10
16.39260639604253
 20
464.1275100644736
 10
16.24108346242527
 20
463.8672301207148
 10
16.29669258789533
 20
463.603896000873
 10
16.32601864494331
 20
463.4633703386472
 10
16.40910416770859
 20
463.3442276381612
 10
16.53070437984228
 20
463.2684661713521
 10
16.61501306470207
 20
463.2159224094253
 10
16.71033020841334
 20
463.1890389474133
 10
16.8062440165615
 20
463.1890389474133
 10
16.84963643769675
 20
463.1890389474133
 10
16.89240236117405
 20
463.193924137487
 10
16.93516828465136
 20
463.2049214088804
 10
16.93516828465136
 20
463.2049214088804
 10
19.23796484362587
 20
463.7847487206913
 10
19.23796484362587
 20
463.7847487206913
 10
19.4328801983787
 20
463.833626725489
 10
19.5660706171896
 20
464.0083673639889
 10
19.56056638776385
 20
464.2093798834513
 10
19.56056638776385
 20
464.2093798834513
 10
19.46769556824126
 20
467.9748769332863
 10
19.46769556824126
 20
467.9748769332863
 10
19.46769556824126
 20
467.9748769332863
 10
23.51730184776331
 20
467.6198951560152
 10
23.51730184776331
 20
467.6198951560152
 10
23.51730184776331
 20
467.6198951560152
 10
23.51730184776331
 20
466.6331576152042
 10
23.51730184776331
 20
466.6331576152042
 10
23.51730184776331
 20
466.4266445954705
 10
23.61871988533689
 20
466.232963590269
 10
23.78859025037363
 20
466.1156519037715
 10
23.89551251737167
 20
466.0417251801033
 10
24.02075238256749
 20
466.0038444467014
 10
24.14723032646866
 20
466.0038444467014
 10
24.22238021223004
 20
466.0038444467014
 10
24.29753009799174
 20
466.0172843131297
 10
24.36962207851671
 20
466.0441677751414
 10
25.20668261631003
 20
466.3594340758642
 10
26.11092756963914
 20
466.9875278114277
 10
26.54289770496417
 20
467.307683031376
 10
26.55817231453573
 20
467.2966857599826
 10
26.57344692410729
 20
467.2838537454485
 10
26.58688679053661
 20
467.2698022979711
 10
26.58688679053661
 20
467.2698022979711
 10
26.74574869672154
 20
467.1078899448553
 10
26.74574869672154
 20
467.1078899448553
 10
26.8428856669642
 20
467.0089107731658
 10
26.97791082891572
 20
466.9527012541071
 10
27.11660547715204
 20
466.9527012541071
 10
27.11660547715204
 20
466.9527012541071
 10
29.16951897017212
 20
466.9527012541071
 10
29.16951897017212
 20
466.9527012541071
 10
29.2416258673073
 20
466.9527012541071
 10
29.31004836154907
 20
466.9300951302728
 10
29.36808889459794
 20
466.8879370586907
 10
29.36808889459794
 20
466.8879370586907
 10
29.93508419187609
 20
466.4742994381721
 10
29.93508419187609
 20
466.4742994381721
 10
30.02795501139772
 20
466.4064810666721
 10
30.14282783201083
 20
466.3704350764114
 10
30.25585099287182
 20
466.3747086854352
 10
30.25585099287182
 20
466.3747086854352
 10
35.76143783004042
 20
466.5347862954109
 10
35.76143783004042
 20
466.5347862954109
 10
35.89646299199195
 20
466.5390636335887
 10
36.01988303065669
 20
466.4620827338376
 10
36.07670040161106
 20
466.339885857268
 10
36.15795118123474
 20
466.1626988945791
 10
36.34187299374758
 20
466.0484451133186
 10
36.54470906889443
 20
466.0484451133186
 10
36.54470906889443
 20
466.0484451133186
 10
36.54654381203602
 20
466.0484451133186
 10
36.54654381203602
 20
466.0484451133186
 10
36.54654381203602
 20
466.0484451133186
 10
62.62885702650797
 20
466.1969138708545
 10
62.62885702650797
 20
466.1969138708545
 10
62.62885702650797
 20
466.1969138708545
 10
62.62885702650797
 20
465.4845077212782
 10
62.62885702650797
 20
465.4845077212782
 10
62.62885702650797
 20
465.2083415869017
 10
62.85370256105125
 20
464.9834997815118
 10
63.1304802764755
 20
464.9834997815118
 10
63.1304802764755
 20
464.9834997815118
 10
63.37487402961536
 20
464.9834997815118
 10
63.37487402961536
 20
464.9834997815118
 10
63.65104016399316
 20
464.9834997815118
 10
63.87587824023021
 20
465.2083415869017
 10
63.87587824023021
 20
465.4845077212782
 10
63.87587824023021
 20
465.4845077212782
 10
63.87587824023021
 20
466.2036338040685
 10
63.87587824023021
 20
466.2036338040685
 10
63.87587824023021
 20
466.2036338040685
 10
64.06406620346375
 20
466.204856966164
 10
64.06406620346375
 20
466.204856966164
 10
64.06406620346375
 20
466.204856966164
 10
64.10805528903556
 20
466.204856966164
 10
64.10805528903556
 20
466.204856966164
 10
64.10805528903556
 20
466.204856966164
 10
64.54001796605564
 20
466.7523003156918
 10
64.54001796605564
 20
466.7523003156918
 10
64.54001796605564
 20
466.7523003156918
 10
65.86463538972859
 20
466.7804032106462
 10
65.86463538972859
 20
466.7804032106462
 10
65.86463538972859
 20
466.7804032106462
 10
66.43895474296292
 20
466.6362117912875
 10
66.43895474296292
 20
466.6362117912875
 10
66.43895474296292
 20
466.6362117912875
 10
68.50041545403431
 20
466.6630952533002
 10
68.50041545403431
 20
466.6630952533002
 10
68.50041545403431
 20
466.6630952533002
 10
68.50041545403431
 20
464.7947039663846
 10
68.50041545403431
 20
464.7947039663846
 10
68.50041545403431
 20
464.6975595378338
 10
68.52730264519823
 20
464.6022461232766
 10
68.57923482607889
 20
464.5197609940997
 10
68.57923482607889
 20
464.5197609940997
 10
69.38084603804613
 20
463.2415827093407
 10
69.38084603804613
 20
463.2415827093407
 10
69.47615572345182
 20
463.0900597757244
 10
69.63990281970982
 20
462.9990199701903
 10
69.81953610658647
 20
462.9990199701903
 10
70.10486104006203
 20
462.9990199701903
 10
70.33642650781997
 20
463.2311970189953
 10
70.33642650781997
 20
463.516525681625
 10
70.33642650781997
 20
463.516525681625
 10
70.33642650781997
 20
466.6869245392274
 10
70.33642650781997
 20
466.6869245392274
 10
70.33642650781997
 20
466.6869245392274
 10
71.61704738761584
 20
466.7034185817404
 10
71.61704738761584
 20
466.7034185817404
 10
71.0335617769769
 20
466.0368362608775
 10
70.67979943264902
 20
465.1649603532242
 10
70.67979943264902
 20
464.2124377886864
 10
70.67979943264902
 20
462.1491423344734
 10
72.33678878060576
 20
460.4664926865988
 10
74.39030639636671
 20
460.4255540479594
 10
74.69885649302827
 20
459.1382095057967
 10
75.38071715261428
 20
458.0445496979877
 10
76.28130753627073
 20
457.3339745624008
 10
75.71614698213416
 20
456.236645268309
 10
75.38621392373443
 20
454.9187515070032
 10
75.38621392373443
 20
453.5018785740078
 10
75.38621392373443
 20
449.6942271817409
 10
77.76844143580158
 20
446.5959240338142
 10
80.69628128340838
 20
446.5959240338142
 10
83.6247252537554
 20
446.5959240338142
 10
86.00695276582319
 20
449.6942271817409
 10
86.00695276582319
 20
453.5018785740078
 10
86.00695276582319
 20
456.3111873021735
 10
84.71044569540865
 20
458.7337381426821
 10
82.85488642302641
 20
459.8109039079787
 10
83.0882791756207
 20
460.4781015390399
 10
83.21781502475861
 20
461.2131138124508
 10
83.21781502475861
 20
461.9841758052737
 10
83.21781502475861
 20
464.4372795940769
 10
81.90724904856175
 20
466.5225695910761
 10
80.09995992908192
 20
467.2416956738658
 10
80.09995992908192
 20
467.2416956738658
 10
80.23498509103409
 20
467.3944417695782
 10
80.23498509103409
 20
467.3944417695782
 10
80.32907907265022
 20
467.5007561846836
 10
80.4592115862247
 20
467.566739813039
 10
80.60157572074387
 20
467.5795718275744
 10
80.60157572074387
 20
467.5795718275744
 10
83.12982939530812
 20
467.7989131326916
 10
83.12982939530812
 20
467.7989131326916
 10
83.36628005313945
 20
467.8190766614896
 10
83.59845710194448
 20
467.7701986566917
 10
83.80130063539627
 20
467.6559448754315
 10
84.1941668752232
 20
467.4353804082192
 10
84.85524869581253
 20
467.2019839264731
 10
85.77722204120715
 20
467.3418980076492
 10
87.21181217880962
 20
467.5587967177299
 10
88.19855344877271
 20
468.427006868255
 10
88.2401036684611
 20
468.4636644395667
 10
88.34213328708113
 20
468.5540926640521
 10
88.62380365088468
 20
468.6158026833845
 10
88.85047647026397
 20
468.6652922692276
 10
88.97145018473907
 20
468.6915641501917
 10
89.08509238495274
 20
468.7166128690619
 10
89.16879694707102
 20
468.7447194931678
 10
89.54394225313706
 20
468.8711937079162
 10
89.88364569168293
 20
468.9952215984762
 10
90.20563565477349
 20
469.1241384082611
 10
90.94981791473928
 20
469.422910666471
 10
91.59684828785124
 20
469.7412348724282
 10
92.1827876809851
 20
470.0980476636879
 10
93.58438227525609
 20
470.9491484615005
 10
94.58090138367025
 20
472.127739722676
 10
95.44910780504166
 20
473.2745586026127
 10
95.44910780504166
 20
473.2745586026127
 10
95.62689889047114
 20
473.5097860983473
 10
95.62689889047114
 20
473.5097860983473
 10
95.70938774880017
 20
473.6197625414302
 10
95.79248072987072
 20
473.7291274034673
 10
95.87557371094223
 20
473.8384959946557
 10
96.26843249246357
 20
474.3572211390279
 10
96.66313347543145
 20
474.9229932742135
 10
96.90325361954629
 20
475.5547490377551
 10
97.07005116273608
 20
475.5058710329569
 10
97.45619001104212
 20
475.422778051886
 10
97.99202450813006
 20
475.5009821137316
 10
98.36105400372455
 20
475.1869389751021
 10
101.8283903763962
 20
472.2456592610685
 10
104.7067443673114
 20
470.0760531209016
 10
107.7402758615162
 20
467.7903621854882
 10
110.6717777371002
 20
466.2873383661862
 10
110.7011112524541
 20
466.2726753376614
 10
110.7011112524541
 20
466.2726753376614
 10
110.7689296239534
 20
466.2378487803404
 10
110.7689296239534
 20
466.2378487803404
 10
110.7689296239534
 20
466.2378487803404
 10
112.1112605230814
 20
467.9816005956535
 10
112.1112605230814
 20
467.9816005956535
 10
112.1112605230814
 20
467.9816005956535
 10
112.0629903701786
 20
468.0378101147129
 10
112.0629903701786
 20
468.0378101147129
 10
112.0012803508459
 20
468.1105174054387
 10
105.9818684759858
 20
475.1765495556036
 10
103.3515777244953
 20
477.2593969575672
 10
103.3515777244953
 20
477.2593969575672
 10
141.5985885098468
 20
485.1698099723294
 10
141.5985885098468
 20
485.1698099723294
 10
141.7103996960717
 20
485.1930276772114
 10
141.8234340443901
 20
485.2150259491485
 10
141.9358530825089
 20
485.2376320729828
 10
142.4716875795966
 20
485.3427195968405
 10
143.0258508623397
 20
485.4520881880259
 10
143.540298668537
 20
485.6757068313232
 10
144.2288792613377
 20
485.9750906705795
 10
144.6638998435945
 20
486.4718212721703
 10
144.7036115909878
 20
487.0058210261154
 10
144.7598248391997
 20
487.7548884761549
 10
144.0461955275298
 20
488.0811520482708
 10
143.5745136448102
 20
488.29683132541
 97
        0
 97
        0
 92
        1
 93
        1
 72
     4
 94
        3
 73
     0
 74
     1
 95
       14
 96
       10
 40
0.0
 40
0.0
 40
0.0
 40
0.0
 40
1.0
 40
1.0
 40
1.0
 40
2.0
 40
2.0
 40
2.0
 40
3.0
 40
3.0
 40
3.0
 40
3.0
 10
-16.14596656038235
 20
479.0856301729005
 10
-16.14596656038235
 20
479.0856301729005
 10
-5.352933403984624
 20
479.5848033695275
 10
-5.352933403984624
 20
479.5848033695275
 10
-5.357811135751787
 20
478.74836560024
 10
-4.876362602039094
 20
478.1740387886994
 10
-4.567200924331408
 20
477.8917643021543
 10
-4.567200924331408
 20
477.8917643021543
 10
-16.14596656038235
 20
479.0856301729005
 10
-16.14596656038235
 20
479.0856301729005
 97
        0
 97
        0
 92
        1
 93
        1
 72
     4
 94
        3
 73
     0
 74
     1
 95
       38
 96
       34
 40
0.0
 40
0.0
 40
0.0
 40
0.0
 40
1.0
 40
1.0
 40
1.0
 40
2.0
 40
2.0
 40
2.0
 40
3.0
 40
3.0
 40
3.0
 40
4.0
 40
4.0
 40
4.0
 40
5.0
 40
5.0
 40
5.0
 40
6.0
 40
6.0
 40
6.0
 40
7.0
 40
7.0
 40
7.0
 40
8.0
 40
8.0
 40
8.0
 40
9.0
 40
9.0
 40
9.0
 40
10.0
 40
10.0
 40
10.0
 40
11.0
 40
11.0
 40
11.0
 40
11.0
 10
70.92419318578888
 20
464.2124377886864
 10
70.92419318578888
 20
464.649289384933
 10
71.00361668057656
 20
465.0672043436278
 10
71.14842713928506
 20
465.453958502137
 10
71.14842713928506
 20
465.453958502137
 10
71.51867979697342
 20
464.6016345422308
 10
71.51867979697342
 20
464.6016345422308
 10
71.51073670166424
 20
464.5961340419569
 10
71.50340518740153
 20
464.5894141087413
 10
71.49668525418718
 20
464.5820825944801
 10
71.44291833016398
 20
464.525873075421
 10
71.42092378737871
 20
464.4470537033765
 10
71.43803314009124
 20
464.3712922365664
 10
71.43803314009124
 20
464.3712922365664
 10
71.73192020822896
 20
463.057064232391
 10
71.73192020822896
 20
463.057064232391
 10
71.74779894054107
 20
462.9843569416671
 10
71.79973112142301
 20
462.9269242605122
 10
71.86999581711132
 20
462.9024871226898
 10
71.93964893175318
 20
462.8786578367619
 10
72.01602197960938
 20
462.8920977031913
 10
72.07345093161116
 20
462.9391446940011
 10
72.07345093161116
 20
462.9391446940011
 10
72.34350871381979
 20
463.1603207422599
 10
72.34350871381979
 20
463.1603207422599
 10
72.34350871381979
 20
463.1603207422599
 10
74.24917288224795
 20
461.2320541791512
 10
74.24917288224795
 20
461.2320541791512
 10
74.27055584398612
 20
461.0420389310813
 10
74.299270319987
 20
460.8550778590957
 10
74.33653947234383
 20
460.6717825442418
 10
72.44248788551027
 20
460.7402124967875
 10
70.92419318578888
 20
462.3018884301861
 10
70.92419318578888
 20
464.2124377886864
 97
        0
 97
        0
 92
        1
 93
        1
 72
     4
 94
        3
 73
     0
 74
     1
 95
       29
 96
       25
 40
0.0
 40
0.0
 40
0.0
 40
0.0
 40
1.0
 40
1.0
 40
1.0
 40
2.0
 40
2.0
 40
2.0
 40
3.0
 40
3.0
 40
3.0
 40
4.0
 40
4.0
 40
4.0
 40
5.0
 40
5.0
 40
5.0
 40
6.0
 40
6.0
 40
6.0
 40
7.0
 40
7.0
 40
7.0
 40
8.0
 40
8.0
 40
8.0
 40
8.0
 10
74.26077800553536
 20
462.8340571701443
 10
74.26077800553536
 20
462.8340571701443
 10
73.0131526690716
 20
463.8281262252157
 10
73.0131526690716
 20
463.8281262252157
 10
73.0131526690716
 20
463.8281262252157
 10
73.21538462147534
 20
464.040751326271
 10
73.21538462147534
 20
464.040751326271
 10
73.2691515454992
 20
464.0969608453302
 10
73.28748406030621
 20
464.1782228124135
 10
73.26304319333194
 20
464.2527611171272
 10
73.24227181264054
 20
464.3169137314954
 10
73.19277849764266
 20
464.3664033173415
 10
73.1298453162161
 20
464.387178427185
 10
73.1298453162161
 20
464.387178427185
 10
73.22149297364356
 20
464.6169091518017
 10
73.22149297364356
 20
464.6169091518017
 10
73.36813071718808
 20
464.486769179921
 10
73.56059228944727
 20
464.4079498078758
 10
73.77137891820823
 20
464.4079498078758
 10
73.77137891820823
 20
464.4079498078758
 10
74.66464524590755
 20
464.4079498078758
 10
74.66464524590755
 20
464.4079498078758
 10
74.4691257684129
 20
463.9197738826438
 10
74.33104270122463
 20
463.390663047924
 10
74.26077800553536
 20
462.8340571701443
 97
        0
 97
        0
 92
        1
 93
        1
 72
     4
 94
        3
 73
     0
 74
     1
 95
       14
 96
       10
 40
0.0
 40
0.0
 40
0.0
 40
0.0
 40
1.0
 40
1.0
 40
1.0
 40
2.0
 40
2.0
 40
2.0
 40
3.0
 40
3.0
 40
3.0
 40
3.0
 10
76.20187658317842
 20
466.5696128527325
 10
76.20187658317842
 20
466.5696128527325
 10
76.20187658317842
 20
466.7632975870852
 10
76.20187658317842
 20
466.7632975870852
 10
76.20187658317842
 20
466.7632975870852
 10
76.45787545960569
 20
466.7663517631689
 10
76.45787545960569
 20
466.7663517631689
 10
76.37050886950917
 20
466.7046417438365
 10
76.28496956424897
 20
466.6392659673715
 10
76.20187658317842
 20
466.5696128527325
 97
        0
 97
        0
 92
        1
 93
        1
 72
     4
 94
        3
 73
     0
 74
     1
 95
       14
 96
       10
 40
0.0
 40
0.0
 40
0.0
 40
0.0
 40
1.0
 40
1.0
 40
1.0
 40
2.0
 40
2.0
 40
2.0
 40
3.0
 40
3.0
 40
3.0
 40
3.0
 10
76.20187658317842
 20
466.9465929019395
 10
76.20187658317842
 20
466.9465929019395
 10
76.20187658317842
 20
467.3015746792084
 10
76.20187658317842
 20
467.3015746792084
 10
76.38211399279658
 20
467.200149183329
 10
76.55258102226924
 20
467.0834528070339
 10
76.71144292845447
 20
466.9533128351545
 10
76.71144292845447
 20
466.9533128351545
 10
76.20187658317842
 20
466.9465929019395
 10
76.20187658317842
 20
466.9465929019395
 97
        0
 97
        0
 75
     2
 76
     1
 98
        0
  0
SPLINE
  5
AA
330
1F
100
AcDbEntity
  8
Layer 1
370
     0
100
AcDbSpline
210
0.0
220
0.0
230
1.0
 70
    11
 71
     3
 72
   191
 73
   187
 74
     0
 42
0.0000000001
 43
0.0000000001
 12
1.0
 22
0.0
 32
0.0
 13
1.0
 23
0.0
 33
0.0
 40
0.0
 40
0.0
 40
0.0
 40
0.0
 40
1.0
 40
1.0
 40
1.0
 40
2.0
 40
2.0
 40
2.0
 40
3.0
 40
3.0
 40
3.0
 40
4.0
 40
4.0
 40
4.0
 40
5.0
 40
5.0
 40
5.0
 40
6.0
 40
6.0
 40
6.0
 40
7.0
 40
7.0
 40
7.0
 40
8.0
 40
8.0
 40
8.0
 40
9.0
 40
9.0
 40
9.0
 40
10.0
 40
10.0
 40
10.0
 40
11.0
 40
11.0
 40
11.0
 40
12.0
 40
12.0
 40
12.0
 40
13.0
 40
13.0
 40
13.0
 40
14.0
 40
14.0
 40
14.0
 40
15.0
 40
15.0
 40
15.0
 40
16.0
 40
16.0
 40
16.0
 40
17.0
 40
17.0
 40
17.0
 40
18.0
 40
18.0
 40
18.0
 40
19.0
 40
19.0
 40
19.0
 40
20.0
 40
20.0
 40
20.0
 40
21.0
 40
21.0
 40
21.0
 40
22.0
 40
22.0
 40
22.0
 40
23.0
 40
23.0
 40
23.0
 40
24.0
 40
24.0
 40
24.0
 40
25.0
 40
25.0
 40
25.0
 40
26.0
 40
26.0
 40
26.0
 40
27.0
 40
27.0
 40
27.0
 40
28.0
 40
28.0
 40
28.0
 40
29.0
 40
29.0
 40
29.0
 40
30.0
 40
30.0
 40
30.0
 40
31.0
 40
31.0
 40
31.0
 40
32.0
 40
32.0
 40
32.0
 40
33.0
 40
33.0
 40
33.0
 40
34.0
 40
34.0
 40
34.0
 40
35.0
 40
35.0
 40
35.0
 40
36.0
 40
36.0
 40
36.0
 40
37.0
 40
37.0
 40
37.0
 40
38.0
 40
38.0
 40
38.0
 40
39.0
 40
39.0
 40
39.0
 40
40.0
 40
40.0
 40
40.0
 40
41.0
 40
41.0
 40
41.0
 40
42.0
 40
42.0
 40
42.0
 40
43.0
 40
43.0
 40
43.0
 40
44.0
 40
44.0
 40
44.0
 40
45.0
 40
45.0
 40
45.0
 40
46.0
 40
46.0
 40
46.0
 40
47.0
 40
47.0
 40
47.0
 40
48.0
 40
48.0
 40
48.0
 40
49.0
 40
49.0
 40
49.0
 40
50.0
 40
50.0
 40
50.0
 40
51.0
 40
51.0
 40
51.0
 40
52.0
 40
52.0
 40
52.0
 40
53.0
 40
53.0
 40
53.0
 40
54.0
 40
54.0
 40
54.0
 40
55.0
 40
55.0
 40
55.0
 40
56.0
 40
56.0
 40
56.0
 40
57.0
 40
57.0
 40
57.0
 40
58.0
 40
58.0
 40
58.0
 40
59.0
 40
59.0
 40
59.0
 40
60.0
 40
60.0
 40
60.0
 40
61.0
 40
61.0
 40
61.0
 40
62.0
 40
62.0
 40
62.0
 40
62.0
 10
155.387758591755
 20
674.8848658780705
 30
0.0
 10
155.2540090154693
 20
675.0317903739387
 30
0.0
 10
155.0633060782698
 20
675.1160707713734
 30
0.0
 10
154.8645786263486
 20
675.1160707713734
 30
0.0
 10
154.8645786263486
 20
675.1160707713734
 30
0.0
 10
153.9133862211038
 20
675.1160707713734
 30
0.0
 10
153.9133862211038
 20
675.1160707713734
 30
0.0
 10
153.5347854779225
 20
677.6574851673645
 30
0.0
 10
152.7790095500453
 20
680.0482157317925
 30
0.0
 10
151.7260736558794
 20
682.0368008450957
 30
0.0
 10
151.1963177271219
 20
683.0369910751731
 30
0.0
 10
150.1598907199742
 20
683.6585690656332
 30
0.0
 10
149.021743216779
 20
683.6585690656332
 30
0.0
 10
149.021743216779
 20
683.6585690656332
 30
0.0
 10
100.0303793813735
 20
683.6585690656332
 30
0.0
 10
100.0303793813735
 20
683.6585690656332
 30
0.0
 10
99.47330791254375
 20
683.6585690656332
 30
0.0
 10
98.92612338161096
 20
683.7551046674937
 30
0.0
 10
98.40342626665893
 20
683.9458076046928
 30
0.0
 10
98.40342626665893
 20
683.9458076046928
 30
0.0
 10
89.27139055863
 20
687.2707963190919
 30
0.0
 10
89.27139055863
 20
687.2707963190919
 30
0.0
 10
87.90108395766596
 20
687.7699372296581
 30
0.0
 10
86.94186703770326
 20
688.9792017071433
 30
0.0
 10
86.76905256024963
 20
690.4272012457462
 30
0.0
 10
86.26001321533806
 20
694.6812517194928
 30
0.0
 10
85.30645254357242
 20
702.4825630675045
 30
0.0
 10
84.6326002430471
 20
706.9296847449739
 30
0.0
 10
84.30485974788505
 20
709.0924983977827
 30
0.0
 10
82.82579682994917
 20
710.8729519717173
 30
0.0
 10
80.77221084813019
 20
711.5764650859599
 30
0.0
 10
80.45341458284267
 20
711.6852443958098
 30
0.0
 10
80.13367560952112
 20
711.7817799976722
 30
0.0
 10
79.82196115092168
 20
711.8632437674466
 30
0.0
 10
79.58274323933995
 20
711.9258648730004
 30
0.0
 10
79.39390272532468
 20
712.1109345548828
 30
0.0
 10
79.3289248496892
 20
712.3468529883467
 30
0.0
 10
79.09913401843932
 20
713.186449456083
 30
0.0
 10
78.54723594734605
 20
714.7940885525588
 30
0.0
 10
77.43451856816563
 20
716.1290780916033
 30
0.0
 10
77.2042448864581
 20
716.4050156307121
 30
0.0
 10
76.8647320373246
 20
716.5632296300954
 30
0.0
 10
76.50261718827998
 20
716.5632296300954
 30
0.0
 10
76.14098518968916
 20
716.5632296300954
 30
0.0
 10
75.80144934767631
 20
716.4050156307121
 30
0.0
 10
75.57119865885005
 20
716.1285952411483
 30
0.0
 10
74.45894113724472
 20
714.7936171985418
 30
0.0
 10
73.90704306615275
 20
713.186449456083
 30
0.0
 10
73.67679237732456
 20
712.3468529883467
 30
0.0
 10
73.61227435926385
 20
712.1109345548828
 30
0.0
 10
73.42343384525019
 20
711.9258648730004
 30
0.0
 10
73.18423892655004
 20
711.8632437674466
 30
0.0
 10
72.8725014750706
 20
711.7817799976722
 30
0.0
 10
72.55276250174907
 20
711.6852443958098
 30
0.0
 10
72.23348338600486
 20
711.5764650859599
 30
0.0
 10
70.18040324752032
 20
710.8729519717173
 30
0.0
 10
68.701317336707
 20
709.0924983977827
 30
0.0
 10
68.37357684154465
 20
706.9296847449739
 30
0.0
 10
67.70349537315057
 20
702.5079816950754
 30
0.0
 10
66.74710657728706
 20
694.6925527194498
 30
0.0
 10
66.23666466676605
 20
690.4272012457462
 30
0.0
 10
66.06385018931081
 20
688.9792017071433
 30
0.0
 10
65.10509312692578
 20
687.7699372296581
 30
0.0
 10
63.73478652596206
 20
687.2707963190919
 30
0.0
 10
63.73478652596206
 20
687.2707963190919
 30
0.0
 10
54.60226796747516
 20
683.9458076046928
 30
0.0
 10
54.60226796747516
 20
683.9458076046928
 30
0.0
 10
54.08005370297982
 20
683.7551046674937
 30
0.0
 10
53.53286917205087
 20
683.6585690656332
 30
0.0
 10
52.97485499518386
 20
683.6585690656332
 30
0.0
 10
52.97485499518386
 20
683.6585690656332
 30
0.0
 10
3.983502656215787
 20
683.6585690656332
 30
0.0
 10
3.983502656215787
 20
683.6585690656332
 30
0.0
 10
2.845355153023471
 20
683.6585690656332
 30
0.0
 10
1.809388003451593
 20
683.0369910751731
 30
0.0
 10
1.279632074694045
 20
682.0368008450957
 30
0.0
 10
0.2267076769690673
 20
680.0482157317925
 30
0.0
 10
-0.5290682509080663
 20
677.6574851673645
 30
0.0
 10
-0.9071976400746541
 20
675.1160707713734
 30
0.0
 10
-0.9071976400746541
 20
675.1160707713734
 30
0.0
 10
-1.673814710329854
 20
675.1160707713734
 30
0.0
 10
-1.673814710329854
 20
675.1160707713734
 30
0.0
 10
-1.872530665811422
 20
675.1160707713734
 30
0.0
 10
-2.063245099452806
 20
675.0317903739387
 30
0.0
 10
-2.196983179296642
 20
674.8848658780705
 30
0.0
 10
-2.330709762702087
 20
674.7379413822074
 30
0.0
 10
-2.396641842810946
 20
674.5401681347589
 30
0.0
 10
-2.378270532608101
 20
674.3428662413252
 30
0.0
 10
-2.378270532608101
 20
674.3428662413252
 30
0.0
 10
-2.154595807133568
 20
671.9328331550967
 30
0.0
 10
-2.154595807133568
 20
671.9328331550967
 30
0.0
 10
-2.120692807265759
 20
671.5664761199051
 30
0.0
 10
-1.817439728081592
 20
671.2905270843584
 30
0.0
 10
-1.449668630838312
 20
671.2905270843584
 30
0.0
 10
-1.449668630838312
 20
671.2905270843584
 30
0.0
 10
-1.195861737626914
 20
671.2905270843584
 30
0.0
 10
-1.195861737626914
 20
671.2905270843584
 30
0.0
 10
-1.196333091641998
 20
671.2519220407668
 30
0.0
 10
-1.196333091641998
 20
671.2133055007315
 30
0.0
 10
-1.196333091641998
 20
671.1742176066823
 30
0.0
 10
-1.196333091641998
 20
668.5183791490837
 30
0.0
 10
-0.8238484542350388
 20
665.980252734769
 30
0.0
 10
-0.089260464219605
 20
663.6314381884854
 30
0.0
 10
0.6123787303991458
 20
661.3871492694644
 30
0.0
 10
1.637504737590391
 20
659.3981042985845
 30
0.0
 10
2.875958674776064
 20
657.8789877856904
 30
0.0
 10
3.246557896118193
 20
657.4245795209325
 30
0.0
 10
3.797030408723319
 20
657.1637023174715
 30
0.0
 10
4.386590815376622
 20
657.1637023174715
 30
0.0
 10
4.386590815376622
 20
657.1637023174715
 30
0.0
 10
67.09604650675111
 20
657.1637023174715
 30
0.0
 10
67.09604650675111
 20
657.1637023174715
 30
0.0
 10
67.3908152136384
 20
655.1708865144597
 30
0.0
 10
71.8775076356127
 20
624.874963495264
 30
0.0
 10
73.42203127964044
 20
614.1211538184795
 30
0.0
 10
73.42203127964044
 20
614.1211538184795
 30
0.0
 10
55.71498534665461
 20
614.1211538184795
 30
0.0
 10
55.71498534665461
 20
614.1211538184795
 30
0.0
 10
53.39583161409183
 20
614.1211538184795
 30
0.0
 10
51.50896699683111
 20
612.2342834529984
 30
0.0
 10
51.50896699683111
 20
609.9151297204382
 30
0.0
 10
51.50896699683111
 20
609.9151297204382
 30
0.0
 10
51.50896699683111
 20
605.128483697394
 30
0.0
 10
51.50896699683111
 20
605.128483697394
 30
0.0
 10
51.50896699683111
 20
602.8093299648293
 30
0.0
 10
53.39583161409183
 20
600.9224653475699
 30
0.0
 10
55.71498534665461
 20
600.9224653475699
 30
0.0
 10
55.71498534665461
 20
600.9224653475699
 30
0.0
 10
76.81883010405636
 20
600.9224653475699
 30
0.0
 10
76.81883010405636
 20
600.9224653475699
 30
0.0
 10
76.81883010405636
 20
600.9224653475699
 30
0.0
 10
76.81883010405636
 20
596.9019650407652
 30
0.0
 10
76.81883010405636
 20
596.9019650407652
 30
0.0
 10
76.81883010405636
 20
596.7715264390365
 30
0.0
 10
77.04141608103734
 20
596.6503986007173
 30
0.0
 10
77.17137183231024
 20
596.6503986007173
 30
0.0
 10
77.30183342691852
 20
596.6503986007173
 30
0.0
 10
77.55668788058733
 20
596.7715264390365
 30
0.0
 10
77.55668788058733
 20
596.9019650407652
 30
0.0
 10
77.55668788058733
 20
596.9019650407652
 30
0.0
 10
77.55668788058733
 20
600.9224653475699
 30
0.0
 10
77.55668788058733
 20
600.9224653475699
 30
0.0
 10
77.55668788058733
 20
600.9224653475699
 30
0.0
 10
98.66053263798972
 20
600.9224653475699
 30
0.0
 10
98.66053263798972
 20
600.9224653475699
 30
0.0
 10
100.9801692210086
 20
600.9224653475699
 30
0.0
 10
102.8670338382696
 20
602.8093299648293
 30
0.0
 10
102.8670338382696
 20
605.128483697394
 30
0.0
 10
102.8670338382696
 20
605.128483697394
 30
0.0
 10
102.8670338382696
 20
609.9151297204382
 30
0.0
 10
102.8670338382696
 20
609.9151297204382
 30
0.0
 10
102.8670338382696
 20
612.2342834529984
 30
0.0
 10
100.9801692210086
 20
614.1211538184795
 30
0.0
 10
98.66053263798972
 20
614.1211538184795
 30
0.0
 10
98.66053263798972
 20
614.1211538184795
 30
0.0
 10
79.5841458049497
 20
614.1211538184795
 30
0.0
 10
79.5841458049497
 20
614.1211538184795
 30
0.0
 10
81.1286924418571
 20
624.874963495264
 30
0.0
 10
85.61487902049632
 20
655.1708865144597
 30
0.0
 10
85.91015357071836
 20
657.1637023174715
 30
0.0
 10
85.91015357071836
 20
657.1637023174715
 30
0.0
 10
148.6186550576201
 20
657.1637023174715
 30
0.0
 10
148.6186550576201
 20
657.1637023174715
 30
0.0
 10
149.2082154642754
 20
657.1637023174715
 30
0.0
 10
149.7591478344562
 20
657.4245795209325
 30
0.0
 10
150.1302299062525
 20
657.8789877856904
 30
0.0
 10
151.3681894965447
 20
659.3981042985845
 30
0.0
 10
152.3938098506323
 20
661.3871492694644
 30
0.0
 10
153.095437548812
 20
663.6314381884854
 30
0.0
 10
153.8300370352639
 20
665.980252734769
 30
0.0
 10
154.2020388222161
 20
668.5183791490837
 30
0.0
 10
154.2020388222161
 20
671.1742176066823
 30
0.0
 10
154.2020388222161
 20
671.2128341467151
 30
0.0
 10
154.2020388222161
 20
671.2519220407668
 30
0.0
 10
154.2015789646413
 20
671.2905270843584
 30
0.0
 10
154.2015789646413
 20
671.2905270843584
 30
0.0
 10
154.6404440432938
 20
671.2905270843584
 30
0.0
 10
154.6404440432938
 20
671.2905270843584
 30
0.0
 10
155.0082151405377
 20
671.2905270843584
 30
0.0
 10
155.3114682197216
 20
671.5664761199051
 30
0.0
 10
155.3453827160304
 20
671.9328331550967
 30
0.0
 10
155.3453827160304
 20
671.9328331550967
 30
0.0
 10
155.5690574415033
 20
674.3428662413252
 30
0.0
 10
155.5690574415033
 20
674.3428662413252
 30
0.0
 10
155.5874057588284
 20
674.5401681347589
 30
0.0
 10
155.5214851751589
 20
674.7379413822074
 30
0.0
 10
155.387758591755
 20
674.8848658780705
 30
0.0
  0
SPLINE
  5
AB
330
1F
100
AcDbEntity
  8
Layer 1
370
     0
100
AcDbSpline
210
0.0
220
0.0
230
1.0
 70
    11
 71
     3
 72
    14
 73
    10
 74
     0
 42
0.0000000001
 43
0.0000000001
 12
1.0
 22
0.0
 32
0.0
 13
1.0
 23
0.0
 33
0.0
 40
0.0
 40
0.0
 40
0.0
 40
0.0
 40
1.0
 40
1.0
 40
1.0
 40
2.0
 40
2.0
 40
2.0
 40
3.0
 40
3.0
 40
3.0
 40
3.0
 10
153.7584602033954
 20
674.5166234268154
 30
0.0
 10
153.7706924149493
 20
674.4210305329844
 30
0.0
 10
153.7820049113421
 20
674.3254491355938
 30
0.0
 10
153.7932944148575
 20
674.2293848877497
 30
0.0
 10
153.8048598329213
 20
674.1278483347378
 30
0.0
 10
153.8158734218941
 20
674.0260933493779
 30
0.0
 10
153.8263121888916
 20
673.9241544209846
 30
0.0
 10
153.8058945124721
 20
674.1225254832837
 30
0.0
 10
153.7832925125593
 20
674.3200917948212
 30
0.0
 10
153.7584602033954
 20
674.5166234268154
 30
0.0
  0
SPLINE
  5
AC
330
1F
100
AcDbEntity
  8
Layer 1
370
     0
100
AcDbSpline
210
0.0
220
0.0
230
1.0
 70
    11
 71
     3
 72
    17
 73
    13
 74
     0
 42
0.0000000001
 43
0.0000000001
 12
1.0
 22
0.0
 32
0.0
 13
1.0
 23
0.0
 33
0.0
 40
0.0
 40
0.0
 40
0.0
 40
0.0
 40
1.0
 40
1.0
 40
1.0
 40
2.0
 40
2.0
 40
2.0
 40
3.0
 40
3.0
 40
3.0
 40
4.0
 40
4.0
 40
4.0
 40
4.0
 10
153.8931984734739
 20
673.1626302733974
 30
0.0
 10
153.8971072628764
 20
673.1101030416562
 30
0.0
 10
153.9012919668266
 20
673.057667781434
 30
0.0
 10
153.9049018488085
 20
673.0050600746224
 30
0.0
 10
153.9119606626144
 20
672.903810932596
 30
0.0
 10
153.9180767683914
 20
672.802573287007
 30
0.0
 10
153.9237330165897
 20
672.7008642874042
 30
0.0
 10
153.9237330165897
 20
672.7006803443729
 30
0.0
 10
153.9237560094665
 20
672.7005078977808
 30
0.0
 10
153.9237560094665
 20
672.7003354511901
 30
0.0
 10
153.9150187155048
 20
672.8547901148816
 30
0.0
 10
153.9045569556241
 20
673.008830906753
 30
0.0
 10
153.8931984734739
 20
673.1626302733974
 30
0.0
  0
SPLINE
  5
AD
330
1F
100
AcDbEntity
  8
Layer 1
370
     0
100
AcDbSpline
210
0.0
220
0.0
230
1.0
 70
    11
 71
     3
 72
    14
 73
    10
 74
     0
 42
0.0000000001
 43
0.0000000001
 12
1.0
 22
0.0
 32
0.0
 13
1.0
 23
0.0
 33
0.0
 40
0.0
 40
0.0
 40
0.0
 40
0.0
 40
1.0
 40
1.0
 40
1.0
 40
2.0
 40
2.0
 40
2.0
 40
3.0
 40
3.0
 40
3.0
 40
3.0
 10
153.9239399524974
 20
672.6967830514095
 30
0.0
 10
153.924353824318
 20
672.6891839049463
 30
0.0
 10
153.9247447032592
 20
672.6816077513635
 30
0.0
 10
153.9251585750791
 20
672.6740201013432
 30
0.0
 10
153.9278027561458
 20
672.6310119214493
 30
0.0
 10
153.9295272220603
 20
672.5879002736034
 30
0.0
 10
153.9316885526709
 20
672.544777129315
 30
0.0
 10
153.929113350241
 20
672.5954419378653
 30
0.0
 10
153.926814062353
 20
672.6461757250524
 30
0.0
 10
153.9239399524974
 20
672.6967830514095
 30
0.0
  0
HATCH
  5
AE
330
1F
100
AcDbEntity
  8
Layer 1
 62
   250
420
  2236191
100
AcDbHatch
 10
0.0
 20
0.0
 30
0.0
210
0.0
220
0.0
230
1.0
  2
SOLID
 70
     1
 71
     0
 91
        4
 92
        1
 93
        1
 72
     4
 94
        3
 73
     0
 74
     1
 95
      191
 96
      187
 40
0.0
 40
0.0
 40
0.0
 40
0.0
 40
1.0
 40
1.0
 40
1.0
 40
2.0
 40
2.0
 40
2.0
 40
3.0
 40
3.0
 40
3.0
 40
4.0
 40
4.0
 40
4.0
 40
5.0
 40
5.0
 40
5.0
 40
6.0
 40
6.0
 40
6.0
 40
7.0
 40
7.0
 40
7.0
 40
8.0
 40
8.0
 40
8.0
 40
9.0
 40
9.0
 40
9.0
 40
10.0
 40
10.0
 40
10.0
 40
11.0
 40
11.0
 40
11.0
 40
12.0
 40
12.0
 40
12.0
 40
13.0
 40
13.0
 40
13.0
 40
14.0
 40
14.0
 40
14.0
 40
15.0
 40
15.0
 40
15.0
 40
16.0
 40
16.0
 40
16.0
 40
17.0
 40
17.0
 40
17.0
 40
18.0
 40
18.0
 40
18.0
 40
19.0
 40
19.0
 40
19.0
 40
20.0
 40
20.0
 40
20.0
 40
21.0
 40
21.0
 40
21.0
 40
22.0
 40
22.0
 40
22.0
 40
23.0
 40
23.0
 40
23.0
 40
24.0
 40
24.0
 40
24.0
 40
25.0
 40
25.0
 40
25.0
 40
26.0
 40
26.0
 40
26.0
 40
27.0
 40
27.0
 40
27.0
 40
28.0
 40
28.0
 40
28.0
 40
29.0
 40
29.0
 40
29.0
 40
30.0
 40
30.0
 40
30.0
 40
31.0
 40
31.0
 40
31.0
 40
32.0
 40
32.0
 40
32.0
 40
33.0
 40
33.0
 40
33.0
 40
34.0
 40
34.0
 40
34.0
 40
35.0
 40
35.0
 40
35.0
 40
36.0
 40
36.0
 40
36.0
 40
37.0
 40
37.0
 40
37.0
 40
38.0
 40
38.0
 40
38.0
 40
39.0
 40
39.0
 40
39.0
 40
40.0
 40
40.0
 40
40.0
 40
41.0
 40
41.0
 40
41.0
 40
42.0
 40
42.0
 40
42.0
 40
43.0
 40
43.0
 40
43.0
 40
44.0
 40
44.0
 40
44.0
 40
45.0
 40
45.0
 40
45.0
 40
46.0
 40
46.0
 40
46.0
 40
47.0
 40
47.0
 40
47.0
 40
48.0
 40
48.0
 40
48.0
 40
49.0
 40
49.0
 40
49.0
 40
50.0
 40
50.0
 40
50.0
 40
51.0
 40
51.0
 40
51.0
 40
52.0
 40
52.0
 40
52.0
 40
53.0
 40
53.0
 40
53.0
 40
54.0
 40
54.0
 40
54.0
 40
55.0
 40
55.0
 40
55.0
 40
56.0
 40
56.0
 40
56.0
 40
57.0
 40
57.0
 40
57.0
 40
58.0
 40
58.0
 40
58.0
 40
59.0
 40
59.0
 40
59.0
 40
60.0
 40
60.0
 40
60.0
 40
61.0
 40
61.0
 40
61.0
 40
62.0
 40
62.0
 40
62.0
 40
62.0
 10
155.387758591755
 20
674.8848658780705
 10
155.2540090154693
 20
675.0317903739387
 10
155.0633060782698
 20
675.1160707713734
 10
154.8645786263486
 20
675.1160707713734
 10
154.8645786263486
 20
675.1160707713734
 10
153.9133862211038
 20
675.1160707713734
 10
153.9133862211038
 20
675.1160707713734
 10
153.5347854779225
 20
677.6574851673645
 10
152.7790095500453
 20
680.0482157317925
 10
151.7260736558794
 20
682.0368008450957
 10
151.1963177271219
 20
683.0369910751731
 10
150.1598907199742
 20
683.6585690656332
 10
149.021743216779
 20
683.6585690656332
 10
149.021743216779
 20
683.6585690656332
 10
100.0303793813735
 20
683.6585690656332
 10
100.0303793813735
 20
683.6585690656332
 10
99.47330791254375
 20
683.6585690656332
 10
98.92612338161096
 20
683.7551046674937
 10
98.40342626665893
 20
683.9458076046928
 10
98.40342626665893
 20
683.9458076046928
 10
89.27139055863
 20
687.2707963190919
 10
89.27139055863
 20
687.2707963190919
 10
87.90108395766596
 20
687.7699372296581
 10
86.94186703770326
 20
688.9792017071433
 10
86.76905256024963
 20
690.4272012457462
 10
86.26001321533806
 20
694.6812517194928
 10
85.30645254357242
 20
702.4825630675045
 10
84.6326002430471
 20
706.9296847449739
 10
84.30485974788505
 20
709.0924983977827
 10
82.82579682994917
 20
710.8729519717173
 10
80.77221084813019
 20
711.5764650859599
 10
80.45341458284267
 20
711.6852443958098
 10
80.13367560952112
 20
711.7817799976722
 10
79.82196115092168
 20
711.8632437674466
 10
79.58274323933995
 20
711.9258648730004
 10
79.39390272532468
 20
712.1109345548828
 10
79.3289248496892
 20
712.3468529883467
 10
79.09913401843932
 20
713.186449456083
 10
78.54723594734605
 20
714.7940885525588
 10
77.43451856816563
 20
716.1290780916033
 10
77.2042448864581
 20
716.4050156307121
 10
76.8647320373246
 20
716.5632296300954
 10
76.50261718827998
 20
716.5632296300954
 10
76.14098518968916
 20
716.5632296300954
 10
75.80144934767631
 20
716.4050156307121
 10
75.57119865885005
 20
716.1285952411483
 10
74.45894113724472
 20
714.7936171985418
 10
73.90704306615275
 20
713.186449456083
 10
73.67679237732456
 20
712.3468529883467
 10
73.61227435926385
 20
712.1109345548828
 10
73.42343384525019
 20
711.9258648730004
 10
73.18423892655004
 20
711.8632437674466
 10
72.8725014750706
 20
711.7817799976722
 10
72.55276250174907
 20
711.6852443958098
 10
72.23348338600486
 20
711.5764650859599
 10
70.18040324752032
 20
710.8729519717173
 10
68.701317336707
 20
709.0924983977827
 10
68.37357684154465
 20
706.9296847449739
 10
67.70349537315057
 20
702.5079816950754
 10
66.74710657728706
 20
694.6925527194498
 10
66.23666466676605
 20
690.4272012457462
 10
66.06385018931081
 20
688.9792017071433
 10
65.10509312692578
 20
687.7699372296581
 10
63.73478652596206
 20
687.2707963190919
 10
63.73478652596206
 20
687.2707963190919
 10
54.60226796747516
 20
683.9458076046928
 10
54.60226796747516
 20
683.9458076046928
 10
54.08005370297982
 20
683.7551046674937
 10
53.53286917205087
 20
683.6585690656332
 10
52.97485499518386
 20
683.6585690656332
 10
52.97485499518386
 20
683.6585690656332
 10
3.983502656215787
 20
683.6585690656332
 10
3.983502656215787
 20
683.6585690656332
 10
2.845355153023471
 20
683.6585690656332
 10
1.809388003451593
 20
683.0369910751731
 10
1.279632074694045
 20
682.0368008450957
 10
0.2267076769690673
 20
680.0482157317925
 10
-0.5290682509080663
 20
677.6574851673645
 10
-0.9071976400746541
 20
675.1160707713734
 10
-0.9071976400746541
 20
675.1160707713734
 10
-1.673814710329854
 20
675.1160707713734
 10
-1.673814710329854
 20
675.1160707713734
 10
-1.872530665811422
 20
675.1160707713734
 10
-2.063245099452806
 20
675.0317903739387
 10
-2.196983179296642
 20
674.8848658780705
 10
-2.330709762702087
 20
674.7379413822074
 10
-2.396641842810946
 20
674.5401681347589
 10
-2.378270532608101
 20
674.3428662413252
 10
-2.378270532608101
 20
674.3428662413252
 10
-2.154595807133568
 20
671.9328331550967
 10
-2.154595807133568
 20
671.9328331550967
 10
-2.120692807265759
 20
671.5664761199051
 10
-1.817439728081592
 20
671.2905270843584
 10
-1.449668630838312
 20
671.2905270843584
 10
-1.449668630838312
 20
671.2905270843584
 10
-1.195861737626914
 20
671.2905270843584
 10
-1.195861737626914
 20
671.2905270843584
 10
-1.196333091641998
 20
671.2519220407668
 10
-1.196333091641998
 20
671.2133055007315
 10
-1.196333091641998
 20
671.1742176066823
 10
-1.196333091641998
 20
668.5183791490837
 10
-0.8238484542350388
 20
665.980252734769
 10
-0.089260464219605
 20
663.6314381884854
 10
0.6123787303991458
 20
661.3871492694644
 10
1.637504737590391
 20
659.3981042985845
 10
2.875958674776064
 20
657.8789877856904
 10
3.246557896118193
 20
657.4245795209325
 10
3.797030408723319
 20
657.1637023174715
 10
4.386590815376622
 20
657.1637023174715
 10
4.386590815376622
 20
657.1637023174715
 10
67.09604650675111
 20
657.1637023174715
 10
67.09604650675111
 20
657.1637023174715
 10
67.3908152136384
 20
655.1708865144597
 10
71.8775076356127
 20
624.874963495264
 10
73.42203127964044
 20
614.1211538184795
 10
73.42203127964044
 20
614.1211538184795
 10
55.71498534665461
 20
614.1211538184795
 10
55.71498534665461
 20
614.1211538184795
 10
53.39583161409183
 20
614.1211538184795
 10
51.50896699683111
 20
612.2342834529984
 10
51.50896699683111
 20
609.9151297204382
 10
51.50896699683111
 20
609.9151297204382
 10
51.50896699683111
 20
605.128483697394
 10
51.50896699683111
 20
605.128483697394
 10
51.50896699683111
 20
602.8093299648293
 10
53.39583161409183
 20
600.9224653475699
 10
55.71498534665461
 20
600.9224653475699
 10
55.71498534665461
 20
600.9224653475699
 10
76.81883010405636
 20
600.9224653475699
 10
76.81883010405636
 20
600.9224653475699
 10
76.81883010405636
 20
600.9224653475699
 10
76.81883010405636
 20
596.9019650407652
 10
76.81883010405636
 20
596.9019650407652
 10
76.81883010405636
 20
596.7715264390365
 10
77.04141608103734
 20
596.6503986007173
 10
77.17137183231024
 20
596.6503986007173
 10
77.30183342691852
 20
596.6503986007173
 10
77.55668788058733
 20
596.7715264390365
 10
77.55668788058733
 20
596.9019650407652
 10
77.55668788058733
 20
596.9019650407652
 10
77.55668788058733
 20
600.9224653475699
 10
77.55668788058733
 20
600.9224653475699
 10
77.55668788058733
 20
600.9224653475699
 10
98.66053263798972
 20
600.9224653475699
 10
98.66053263798972
 20
600.9224653475699
 10
100.9801692210086
 20
600.9224653475699
 10
102.8670338382696
 20
602.8093299648293
 10
102.8670338382696
 20
605.128483697394
 10
102.8670338382696
 20
605.128483697394
 10
102.8670338382696
 20
609.9151297204382
 10
102.8670338382696
 20
609.9151297204382
 10
102.8670338382696
 20
612.2342834529984
 10
100.9801692210086
 20
614.1211538184795
 10
98.66053263798972
 20
614.1211538184795
 10
98.66053263798972
 20
614.1211538184795
 10
79.5841458049497
 20
614.1211538184795
 10
79.5841458049497
 20
614.1211538184795
 10
81.1286924418571
 20
624.874963495264
 10
85.61487902049632
 20
655.1708865144597
 10
85.91015357071836
 20
657.1637023174715
 10
85.91015357071836
 20
657.1637023174715
 10
148.6186550576201
 20
657.1637023174715
 10
148.6186550576201
 20
657.1637023174715
 10
149.2082154642754
 20
657.1637023174715
 10
149.7591478344562
 20
657.4245795209325
 10
150.1302299062525
 20
657.8789877856904
 10
151.3681894965447
 20
659.3981042985845
 10
152.3938098506323
 20
661.3871492694644
 10
153.095437548812
 20
663.6314381884854
 10
153.8300370352639
 20
665.980252734769
 10
154.2020388222161
 20
668.5183791490837
 10
154.2020388222161
 20
671.1742176066823
 10
154.2020388222161
 20
671.2128341467151
 10
154.2020388222161
 20
671.2519220407668
 10
154.2015789646413
 20
671.2905270843584
 10
154.2015789646413
 20
671.2905270843584
 10
154.6404440432938
 20
671.2905270843584
 10
154.6404440432938
 20
671.2905270843584
 10
155.0082151405377
 20
671.2905270843584
 10
155.3114682197216
 20
671.5664761199051
 10
155.3453827160304
 20
671.9328331550967
 10
155.3453827160304
 20
671.9328331550967
 10
155.5690574415033
 20
674.3428662413252
 10
155.5690574415033
 20
674.3428662413252
 10
155.5874057588284
 20
674.5401681347589
 10
155.5214851751589
 20
674.7379413822074
 10
155.387758591755
 20
674.8848658780705
 97
        0
 97
        0
 92
        1
 93
        1
 72
     4
 94
        3
 73
     0
 74
     1
 95
       14
 96
       10
 40
0.0
 40
0.0
 40
0.0
 40
0.0
 40
1.0
 40
1.0
 40
1.0
 40
2.0
 40
2.0
 40
2.0
 40
3.0
 40
3.0
 40
3.0
 40
3.0
 10
153.7584602033954
 20
674.5166234268154
 10
153.7706924149493
 20
674.4210305329844
 10
153.7820049113421
 20
674.3254491355938
 10
153.7932944148575
 20
674.2293848877497
 10
153.8048598329213
 20
674.1278483347378
 10
153.8158734218941
 20
674.0260933493779
 10
153.8263121888916
 20
673.9241544209846
 10
153.8058945124721
 20
674.1225254832837
 10
153.7832925125593
 20
674.3200917948212
 10
153.7584602033954
 20
674.5166234268154
 97
        0
 97
        0
 92
        1
 93
        1
 72
     4
 94
        3
 73
     0
 74
     1
 95
       17
 96
       13
 40
0.0
 40
0.0
 40
0.0
 40
0.0
 40
1.0
 40
1.0
 40
1.0
 40
2.0
 40
2.0
 40
2.0
 40
3.0
 40
3.0
 40
3.0
 40
4.0
 40
4.0
 40
4.0
 40
4.0
 10
153.8931984734739
 20
673.1626302733974
 10
153.8971072628764
 20
673.1101030416562
 10
153.9012919668266
 20
673.057667781434
 10
153.9049018488085
 20
673.0050600746224
 10
153.9119606626144
 20
672.903810932596
 10
153.9180767683914
 20
672.802573287007
 10
153.9237330165897
 20
672.7008642874042
 10
153.9237330165897
 20
672.7006803443729
 10
153.9237560094665
 20
672.7005078977808
 10
153.9237560094665
 20
672.7003354511901
 10
153.9150187155048
 20
672.8547901148816
 10
153.9045569556241
 20
673.008830906753
 10
153.8931984734739
 20
673.1626302733974
 97
        0
 97
        0
 92
        1
 93
        1
 72
     4
 94
        3
 73
     0
 74
     1
 95
       14
 96
       10
 40
0.0
 40
0.0
 40
0.0
 40
0.0
 40
1.0
 40
1.0
 40
1.0
 40
2.0
 40
2.0
 40
2.0
 40
3.0
 40
3.0
 40
3.0
 40
3.0
 10
153.9239399524974
 20
672.6967830514095
 10
153.924353824318
 20
672.6891839049463
 10
153.9247447032592
 20
672.6816077513635
 10
153.9251585750791
 20
672.6740201013432
 10
153.9278027561458
 20
672.6310119214493
 10
153.9295272220603
 20
672.5879002736034
 10
153.9316885526709
 20
672.544777129315
 10
153.929113350241
 20
672.5954419378653
 10
153.926814062353
 20
672.6461757250524
 10
153.9239399524974
 20
672.6967830514095
 97
        0
 97
        0
 75
     2
 76
     1
 98
        0
  0
ENDSEC
  0
SECTION
  2
OBJECTS
  0
DICTIONARY
  5
C
330
0
100
AcDbDictionary
281
     1
  3
ACAD_GROUP
350
D
  3
ACAD_LAYOUT
350
1A
  3
ACAD_MATERIAL
350
3B
  3
ACAD_MLEADERSTYLE
350
B0
  3
ACAD_MLINESTYLE
350
17
  3
ACAD_PLOTSETTINGS
350
19
  3
ACAD_PLOTSTYLENAME
350
E
  3
ACAD_TABLESTYLE
350
AF
  3
ACAD_VISUALSTYLE
350
2A
  0
SUN
  5
3F
330
29
100
AcDbSun
 90
        1
290
     0
 63
     7
421
 16777215
 40
1.0
291
     1
 91
  2455826
 92
 54000000
292
     0
 70
     2
 71
   256
280
     1
  0
DICTIONARY
  5
D
102
{ACAD_REACTORS
330
C
102
}
330
C
100
AcDbDictionary
281
     1
  0
DICTIONARY
  5
1A
102
{ACAD_REACTORS
330
C
102
}
330
C
100
AcDbDictionary
281
     1
  3
Layout1
350
1E
  3
Layout2
350
26
  3
Model
350
22
  0
DICTIONARY
  5
3B
102
{ACAD_REACTORS
330
C
102
}
330
C
100
AcDbDictionary
281
     1
  3
ByBlock
350
3D
  3
ByLayer
350
3C
  3
Global
350
3E
  0
DICTIONARY
  5
B0
102
{ACAD_REACTORS
330
C
102
}
330
C
100
AcDbDictionary
281
     1
  0
DICTIONARY
  5
17
102
{ACAD_REACTORS
330
C
102
}
330
C
100
AcDbDictionary
281
     1
  3
Standard
350
18
  0
DICTIONARY
  5
19
102
{ACAD_REACTORS
330
C
102
}
330
C
100
AcDbDictionary
281
     1
  0
ACDBDICTIONARYWDFLT
  5
E
102
{ACAD_REACTORS
330
C
102
}
330
C
100
AcDbDictionary
281
     1
  3
Normal
350
F
100
AcDbDictionaryWithDefault
340
F
  0
DICTIONARY
  5
AF
102
{ACAD_REACTORS
330
C
102
}
330
C
100
AcDbDictionary
281
     1
  0
DICTIONARY
  5
2A
102
{ACAD_REACTORS
330
C
102
}
330
C
100
AcDbDictionary
281
     1
  3
2dWireframe
350
2F
  3
3D Hidden
350
31
  3
3dWireframe
350
30
  3
Basic
350
32
  3
Brighten
350
36
  3
ColorChange
350
3A
  3
Conceptual
350
34
  3
Dim
350
35
  3
Facepattern
350
39
  3
Flat
350
2B
  3
FlatWithEdges
350
2C
  3
Gouraud
350
2D
  3
GouraudWithEdges
350
2E
  3
Linepattern
350
38
  3
Realistic
350
33
  3
Thicken
350
37
  0
LAYOUT
  5
1E
102
{ACAD_REACTORS
330
1A
102
}
330
1A
100
AcDbPlotSettings
  1

  2
none_device
  4

  6

 40
0.0
 41
0.0
 42
0.0
 43
0.0
 44
0.0
 45
0.0
 46
0.0
 47
0.0
 48
0.0
 49
0.0
140
0.0
141
0.0
142
1.0
143
1.0
 70
   688
 72
     0
 73
     0
 74
     5
  7

 75
    16
 76
     0
 77
     2
 78
   300
147
1.0
148
0.0
149
0.0
100
AcDbLayout
  1
Layout1
 70
     1
 71
     1
 10
0.0
 20
0.0
 11
12.0
 21
9.0
 12
0.0
 22
0.0
 32
0.0
 14
1.000000000000000E+20
 24
1.000000000000000E+20
 34
1.000000000000000E+20
 15
-1.000000000000000E+20
 25
-1.000000000000000E+20
 35
-1.000000000000000E+20
146
0.0
 13
0.0
 23
0.0
 33
0.0
 16
1.0
 26
0.0
 36
0.0
 17
0.0
 27
1.0
 37
0.0
 76
     0
330
1B
  0
LAYOUT
  5
26
102
{ACAD_REACTORS
330
1A
102
}
330
1A
100
AcDbPlotSettings
  1

  2
none_device
  4

  6

 40
0.0
 41
0.0
 42
0.0
 43
0.0
 44
0.0
 45
0.0
 46
0.0
 47
0.0
 48
0.0
 49
0.0
140
0.0
141
0.0
142
1.0
143
1.0
 70
   688
 72
     0
 73
     0
 74
     5
  7

 75
    16
 76
     0
 77
     2
 78
   300
147
1.0
148
0.0
149
0.0
100
AcDbLayout
  1
Layout2
 70
     1
 71
     2
 10
0.0
 20
0.0
 11
0.0
 21
0.0
 12
0.0
 22
0.0
 32
0.0
 14
0.0
 24
0.0
 34
0.0
 15
0.0
 25
0.0
 35
0.0
146
0.0
 13
0.0
 23
0.0
 33
0.0
 16
1.0
 26
0.0
 36
0.0
 17
0.0
 27
1.0
 37
0.0
 76
     0
330
23
  0
LAYOUT
  5
22
102
{ACAD_REACTORS
330
1A
102
}
330
1A
100
AcDbPlotSettings
  1

  2
none_device
  4

  6

 40
0.0
 41
0.0
 42
0.0
 43
0.0
 44
0.0
 45
0.0
 46
0.0
 47
0.0
 48
0.0
 49
0.0
140
0.0
141
0.0
142
1.0
143
1.0
 70
  1712
 72
     0
 73
     0
 74
     0
  7

 75
     0
 76
     0
 77
     2
 78
   300
147
1.0
148
0.0
149
0.0
100
AcDbLayout
  1
Model
 70
     1
 71
     0
 10
0.0
 20
0.0
 11
12.0
 21
9.0
 12
0.0
 22
0.0
 32
0.0
 14
1.000000000000000E+20
 24
1.000000000000000E+20
 34
1.000000000000000E+20
 15
-1.000000000000000E+20
 25
-1.000000000000000E+20
 35
-1.000000000000000E+20
146
0.0
 13
0.0
 23
0.0
 33
0.0
 16
1.0
 26
0.0
 36
0.0
 17
0.0
 27
1.0
 37
0.0
 76
     0
330
1F
331
29
  0
MATERIAL
  5
3D
102
{ACAD_REACTORS
330
3B
102
}
330
3B
100
AcDbMaterial
  1
ByBlock
 72
     1
 94
      127
  0
MATERIAL
  5
3C
102
{ACAD_REACTORS
330
3B
102
}
330
3B
100
AcDbMaterial
  1
ByLayer
 72
     1
 94
      127
  0
MATERIAL
  5
3E
102
{ACAD_REACTORS
330
3B
102
}
330
3B
100
AcDbMaterial
  1
Global
 72
     1
 94
      127
  0
MLINESTYLE
  5
18
102
{ACAD_REACTORS
330
17
102
}
330
17
100
AcDbMlineStyle
  2
Standard
 70
     0
  3

 62
   256
 51
90.0
 52
90.0
 71
     2
 49
0.5
 62
   256
  6
BYLAYER
 49
-0.5
 62
   256
  6
BYLAYER
  0
ACDBPLACEHOLDER
  5
F
102
{ACAD_REACTORS
330
E
102
}
330
E
  0
VISUALSTYLE
  5
2F
102
{ACAD_REACTORS
330
2A
102
}
330
2A
100
AcDbVisualStyle
  2
2dWireframe
 70
     4
177
     2
291
     0
 71
     0
176
     1
 72
     2
176
     1
 73
     0
176
     1
 90
        0
176
     1
 40
-0.6
176
     1
 41
-30.0
176
     1
 62
     5
 63
     7
421
 16777215
176
     1
 74
     1
176
     1
 91
        4
176
     1
 64
     7
176
     1
 65
   257
176
     1
 75
     1
176
     1
175
     1
176
     1
 42
1.0
176
     1
 92
        0
176
     1
 66
   257
176
     1
 43
1.0
176
     1
 76
     1
176
     1
 77
     6
176
     1
 78
     2
176
     1
 67
     7
176
     1
 79
     5
176
     1
170
     0
176
     1
171
     0
176
     1
290
     0
176
     1
 93
        1
176
     1
 44
0.0
176
     1
173
     0
176
     1
  0
VISUALSTYLE
  5
31
102
{ACAD_REACTORS
330
2A
102
}
330
2A
100
AcDbVisualStyle
  2
3D Hidden
 70
     6
177
     2
291
     0
 71
     1
176
     1
 72
     2
176
     1
 73
     2
176
     1
 90
        0
176
     1
 40
-0.6
176
     1
 41
-30.0
176
     1
 62
     5
 63
     7
421
 16777215
176
     1
 74
     2
176
     1
 91
        2
176
     1
 64
     7
176
     1
 65
   257
176
     1
 75
     2
176
     1
175
     1
176
     1
 42
40.0
176
     1
 92
        0
176
     1
 66
   257
176
     1
 43
1.0
176
     1
 76
     1
176
     1
 77
     6
176
     1
 78
     2
176
     1
 67
     7
176
     1
 79
     3
176
     1
170
     0
176
     1
171
     0
176
     1
290
     0
176
     1
 93
        1
176
     1
 44
0.0
176
     1
173
     0
176
     1
  0
VISUALSTYLE
  5
30
102
{ACAD_REACTORS
330
2A
102
}
330
2A
100
AcDbVisualStyle
  2
3dWireframe
 70
     5
177
     2
291
     0
 71
     0
176
     1
 72
     2
176
     1
 73
     0
176
     1
 90
        0
176
     1
 40
-0.6
176
     1
 41
-30.0
176
     1
 62
     5
 63
     7
421
 16777215
176
     1
 74
     1
176
     1
 91
        4
176
     1
 64
     7
176
     1
 65
   257
176
     1
 75
     1
176
     1
175
     1
176
     1
 42
1.0
176
     1
 92
        0
176
     1
 66
   257
176
     1
 43
1.0
176
     1
 76
     1
176
     1
 77
     6
176
     1
 78
     2
176
     1
 67
     7
176
     1
 79
     5
176
     1
170
     0
176
     1
171
     0
176
     1
290
     0
176
     1
 93
        1
176
     1
 44
0.0
176
     1
173
     0
176
     1
  0
VISUALSTYLE
  5
32
102
{ACAD_REACTORS
330
2A
102
}
330
2A
100
AcDbVisualStyle
  2
Basic
 70
     7
177
     2
291
     1
 71
     1
176
     1
 72
     0
176
     1
 73
     1
176
     1
 90
        0
176
     1
 40
-0.6
176
     1
 41
-30.0
176
     1
 62
     5
 63
     7
421
 16777215
176
     1
 74
     0
176
     1
 91
        4
176
     1
 64
     7
176
     1
 65
   257
176
     1
 75
     1
176
     1
175
     1
176
     1
 42
1.0
176
     1
 92
        8
176
     1
 66
     7
176
     1
 43
1.0
176
     1
 76
     1
176
     1
 77
     6
176
     1
 78
     2
176
     1
 67
     7
176
     1
 79
     5
176
     1
170
     0
176
     1
171
     0
176
     1
290
     0
176
     1
 93
        1
176
     1
 44
0.0
176
     1
173
     0
176
     1
  0
VISUALSTYLE
  5
36
102
{ACAD_REACTORS
330
2A
102
}
330
2A
100
AcDbVisualStyle
  2
Brighten
 70
    12
177
     2
291
     1
 71
     2
176
     1
 72
     2
176
     1
 73
     0
176
     1
 90
        0
176
     1
 40
-0.6
176
     1
 41
-30.0
176
     1
 62
     5
 63
     7
421
 16777215
176
     1
 74
     1
176
     1
 91
        4
176
     1
 64
     7
176
     1
 65
   257
176
     1
 75
     1
176
     1
175
     1
176
     1
 42
1.0
176
     1
 92
        8
176
     1
 66
     7
176
     1
 43
1.0
176
     1
 76
     1
176
     1
 77
     6
176
     1
 78
     2
176
     1
 67
     7
176
     1
 79
     5
176
     1
170
     0
176
     1
171
     0
176
     1
290
     0
176
     1
 93
        1
176
     1
 44
50.0
176
     1
173
     0
176
     1
  0
VISUALSTYLE
  5
3A
102
{ACAD_REACTORS
330
2A
102
}
330
2A
100
AcDbVisualStyle
  2
ColorChange
 70
    16
177
     2
291
     1
 71
     2
176
     1
 72
     2
176
     1
 73
     3
176
     1
 90
        0
176
     1
 40
-0.6
176
     1
 41
-30.0
176
     1
 62
     5
 63
     8
421
  8421504
176
     1
 74
     1
176
     1
 91
        4
176
     1
 64
     7
176
     1
 65
   257
176
     1
 75
     1
176
     1
175
     1
176
     1
 42
1.0
176
     1
 92
        8
176
     1
 66
     8
424
  8421504
176
     1
 43
1.0
176
     1
 76
     1
176
     1
 77
     6
176
     1
 78
     2
176
     1
 67
     7
176
     1
 79
     5
176
     1
170
     0
176
     1
171
     0
176
     1
290
     0
176
     1
 93
        1
176
     1
 44
0.0
176
     1
173
     0
176
     1
  0
VISUALSTYLE
  5
34
102
{ACAD_REACTORS
330
2A
102
}
330
2A
100
AcDbVisualStyle
  2
Conceptual
 70
     9
177
     2
291
     0
 71
     3
176
     1
 72
     2
176
     1
 73
     0
176
     1
 90
        0
176
     1
 40
-0.6
176
     1
 41
-30.0
176
     1
 62
     5
 63
     7
421
 16777215
176
     1
 74
     2
176
     1
 91
        2
176
     1
 64
     7
176
     1
 65
   257
176
     1
 75
     1
176
     1
175
     1
176
     1
 42
40.0
176
     1
 92
        8
176
     1
 66
     7
176
     1
 43
1.0
176
     1
 76
     1
176
     1
 77
     6
176
     1
 78
     2
176
     1
 67
     7
176
     1
 79
     3
176
     1
170
     0
176
     1
171
     0
176
     1
290
     0
176
     1
 93
        1
176
     1
 44
0.0
176
     1
173
     0
176
     1
  0
VISUALSTYLE
  5
35
102
{ACAD_REACTORS
330
2A
102
}
330
2A
100
AcDbVisualStyle
  2
Dim
 70
    11
177
     2
291
     1
 71
     2
176
     1
 72
     2
176
     1
 73
     0
176
     1
 90
        0
176
     1
 40
-0.6
176
     1
 41
-30.0
176
     1
 62
     5
 63
     7
421
 16777215
176
     1
 74
     1
176
     1
 91
        4
176
     1
 64
     7
176
     1
 65
   257
176
     1
 75
     1
176
     1
175
     1
176
     1
 42
1.0
176
     1
 92
        8
176
     1
 66
     7
176
     1
 43
1.0
176
     1
 76
     1
176
     1
 77
     6
176
     1
 78
     2
176
     1
 67
     7
176
     1
 79
     5
176
     1
170
     0
176
     1
171
     0
176
     1
290
     0
176
     1
 93
        1
176
     1
 44
-50.0
176
     1
173
     0
176
     1
  0
VISUALSTYLE
  5
39
102
{ACAD_REACTORS
330
2A
102
}
330
2A
100
AcDbVisualStyle
  2
Facepattern
 70
    15
177
     2
291
     1
 71
     2
176
     1
 72
     2
176
     1
 73
     0
176
     1
 90
        0
176
     1
 40
-0.6
176
     1
 41
-30.0
176
     1
 62
     5
 63
     7
421
 16777215
176
     1
 74
     1
176
     1
 91
        4
176
     1
 64
     7
176
     1
 65
   257
176
     1
 75
     1
176
     1
175
     1
176
     1
 42
1.0
176
     1
 92
        8
176
     1
 66
     7
176
     1
 43
1.0
176
     1
 76
     1
176
     1
 77
     6
176
     1
 78
     2
176
     1
 67
     7
176
     1
 79
     5
176
     1
170
     0
176
     1
171
     0
176
     1
290
     0
176
     1
 93
        1
176
     1
 44
0.0
176
     1
173
     0
176
     1
  0
VISUALSTYLE
  5
2B
102
{ACAD_REACTORS
330
2A
102
}
330
2A
100
AcDbVisualStyle
  2
Flat
 70
     0
177
     2
291
     1
 71
     2
176
     1
 72
     1
176
     1
 73
     1
176
     1
 90
        2
176
     1
 40
-0.6
176
     1
 41
30.0
176
     1
 62
     5
 63
     7
421
 16777215
176
     1
 74
     0
176
     1
 91
        4
176
     1
 64
     7
176
     1
 65
   257
176
     1
 75
     1
176
     1
175
     1
176
     1
 42
1.0
176
     1
 92
        8
176
     1
 66
     7
176
     1
 43
1.0
176
     1
 76
     1
176
     1
 77
     6
176
     1
 78
     2
176
     1
 67
     7
176
     1
 79
     5
176
     1
170
     0
176
     1
171
     0
176
     1
290
     0
176
     1
 93
       13
176
     1
 44
0.0
176
     1
173
     0
176
     1
  0
VISUALSTYLE
  5
2C
102
{ACAD_REACTORS
330
2A
102
}
330
2A
100
AcDbVisualStyle
  2
FlatWithEdges
 70
     1
177
     2
291
     1
 71
     2
176
     1
 72
     1
176
     1
 73
     1
176
     1
 90
        2
176
     1
 40
-0.6
176
     1
 41
30.0
176
     1
 62
     5
 63
     7
421
 16777215
176
     1
 74
     1
176
     1
 91
        4
176
     1
 64
     7
176
     1
 65
   257
176
     1
 75
     1
176
     1
175
     1
176
     1
 42
1.0
176
     1
 92
        0
176
     1
 66
   257
176
     1
 43
1.0
176
     1
 76
     1
176
     1
 77
     6
176
     1
 78
     2
176
     1
 67
     7
176
     1
 79
     5
176
     1
170
     0
176
     1
171
     0
176
     1
290
     0
176
     1
 93
       13
176
     1
 44
0.0
176
     1
173
     0
176
     1
  0
VISUALSTYLE
  5
2D
102
{ACAD_REACTORS
330
2A
102
}
330
2A
100
AcDbVisualStyle
  2
Gouraud
 70
     2
177
     2
291
     1
 71
     2
176
     1
 72
     2
176
     1
 73
     1
176
     1
 90
        2
176
     1
 40
-0.6
176
     1
 41
30.0
176
     1
 62
     5
 63
     7
421
 16777215
176
     1
 74
     0
176
     1
 91
        4
176
     1
 64
     7
176
     1
 65
   257
176
     1
 75
     1
176
     1
175
     1
176
     1
 42
1.0
176
     1
 92
        0
176
     1
 66
     7
176
     1
 43
1.0
176
     1
 76
     1
176
     1
 77
     6
176
     1
 78
     2
176
     1
 67
     7
176
     1
 79
     5
176
     1
170
     0
176
     1
171
     0
176
     1
290
     0
176
     1
 93
       13
176
     1
 44
0.0
176
     1
173
     0
176
     1
  0
VISUALSTYLE
  5
2E
102
{ACAD_REACTORS
330
2A
102
}
330
2A
100
AcDbVisualStyle
  2
GouraudWithEdges
 70
     3
177
     2
291
     1
 71
     2
176
     1
 72
     2
176
     1
 73
     1
176
     1
 90
        2
176
     1
 40
-0.6
176
     1
 41
30.0
176
     1
 62
     5
 63
     7
421
 16777215
176
     1
 74
     1
176
     1
 91
        4
176
     1
 64
     7
176
     1
 65
   257
176
     1
 75
     1
176
     1
175
     1
176
     1
 42
1.0
176
     1
 92
        0
176
     1
 66
   257
176
     1
 43
1.0
176
     1
 76
     1
176
     1
 77
     6
176
     1
 78
     2
176
     1
 67
     7
176
     1
 79
     5
176
     1
170
     0
176
     1
171
     0
176
     1
290
     0
176
     1
 93
       13
176
     1
 44
0.0
176
     1
173
     0
176
     1
  0
VISUALSTYLE
  5
38
102
{ACAD_REACTORS
330
2A
102
}
330
2A
100
AcDbVisualStyle
  2
Linepattern
 70
    14
177
     2
291
     1
 71
     2
176
     1
 72
     2
176
     1
 73
     0
176
     1
 90
        0
176
     1
 40
-0.6
176
     1
 41
-30.0
176
     1
 62
     5
 63
     7
421
 16777215
176
     1
 74
     1
176
     1
 91
        4
176
     1
 64
     7
176
     1
 65
   257
176
     1
 75
     7
176
     1
175
     7
176
     1
 42
1.0
176
     1
 92
        8
176
     1
 66
     7
176
     1
 43
1.0
176
     1
 76
     1
176
     1
 77
     6
176
     1
 78
     2
176
     1
 67
     7
176
     1
 79
     5
176
     1
170
     0
176
     1
171
     0
176
     1
290
     0
176
     1
 93
        1
176
     1
 44
0.0
176
     1
173
     0
176
     1
  0
VISUALSTYLE
  5
33
102
{ACAD_REACTORS
330
2A
102
}
330
2A
100
AcDbVisualStyle
  2
Realistic
 70
     8
177
     2
291
     0
 71
     2
176
     1
 72
     2
176
     1
 73
     0
176
     1
 90
        0
176
     1
 40
-0.6
176
     1
 41
-30.0
176
     1
 62
     5
 63
     7
421
 16777215
176
     1
 74
     1
176
     1
 91
        0
176
     1
 64
     7
176
     1
 65
   257
176
     1
 75
     1
176
     1
175
     1
176
     1
 42
1.0
176
     1
 92
        8
176
     1
 66
     8
424
  7895160
176
     1
 43
1.0
176
     1
 76
     1
176
     1
 77
     6
176
     1
 78
     2
176
     1
 67
     7
176
     1
 79
     5
176
     1
170
     0
176
     1
171
     0
176
     1
290
     0
176
     1
 93
       13
176
     1
 44
0.0
176
     1
173
     0
176
     1
  0
VISUALSTYLE
  5
37
102
{ACAD_REACTORS
330
2A
102
}
330
2A
100
AcDbVisualStyle
  2
Thicken
 70
    13
177
     2
291
     1
 71
     2
176
     1
 72
     2
176
     1
 73
     0
176
     1
 90
        0
176
     1
 40
-0.6
176
     1
 41
-30.0
176
     1
 62
     5
 63
     7
421
 16777215
176
     1
 74
     1
176
     1
 91
        4
176
     1
 64
     7
176
     1
 65
   257
176
     1
 75
     1
176
     1
175
     1
176
     1
 42
1.0
176
     1
 92
       12
176
     1
 66
     7
176
     1
 43
1.0
176
     1
 76
     1
176
     1
 77
     6
176
     1
 78
     2
176
     1
 67
     7
176
     1
 79
     5
176
     1
170
     0
176
     1
171
     0
176
     1
290
     0
176
     1
 93
        1
176
     1
 44
0.0
176
     1
173
     0
176
     1
  0
ENDSEC
  0
EOF
